id,split
00054a5e18b50dd4,calib
000eefc67a2c930f,calib
0033b9d5ccd499fb,calib
0037fe4f8f5cdcfb,calib
005b214511a69b4b,calib
006a4e493b506d1e,calib
006de7a80921e04b,calib
00a66540b2a66bb4,calib
00ad06b94e4aafd2,calib
00bf0cb1048b5212,calib
00c3bd1c292370e8,calib
00c5213d8f396507,calib
00d429d337eaa672,calib
00dda32b016cec96,calib
00eb6533c271bc85,calib
00f0efc07027e927,calib
011813b36dadcbe1,calib
01240081236cbbea,calib
014bb932bd289352,calib
01548aa392752378,calib
015bf1bda7ab6b9c,calib
016c95d317969274,calib
017353e61ad1afa4,calib
01a2ff35fecb4f50,calib
01ae22088f9485c1,calib
01c5b540f3fcfbff,calib
01f0e7889fca1088,calib
02066a519739a3a7,calib
0208b4188a9b0bd9,calib
020baf1598972ea6,calib
02443ae134f82946,calib
02623e1cfaf5497c,calib
0268b8c4bb135601,calib
0287b3fadf645c37,calib
028afe98392a33ef,calib
02c644a650c7d8e5,calib
02e37cf58b76b305,calib
031f877a3fd8fc27,calib
033803543ee6757a,calib
034beefa865b5381,calib
035bd3aeb4083093,calib
03a0e6449ff06683,calib
03c227c10a016963,calib
03c6ce7dd273a537,calib
03d013df0ab0a54b,calib
04244108a528db67,calib
049080f6792473a4,calib
04f6b32c1aa96721,calib
0512db238fec2eb7,calib
0524a25b9bcbdf39,calib
0524e84383b1da90,calib
0539f36907945292,calib
054270201da7b6c8,calib
0552d788c6c4695b,calib
0585d6205ff9162f,calib
05985809c0bb8566,calib
059abb552a0fa6d9,calib
05a40298dce0b983,calib
05ac38c1c207ea36,calib
05bde2e257e74eca,calib
05e7f830a1eb0a13,calib
05fe5959d032aef6,calib
06121ad58a48dd42,calib
06136e1ab96abfda,calib
0617a8b319fde352,calib
061ef06fdae32466,calib
0620b30626c629a3,calib
062ad2f103aa9bf8,calib
0639972a11e762b7,calib
065bdcb4abfe7445,calib
0678a7fbe73a8284,calib
06851860439bc73c,calib
0689570da4c4c09f,calib
068e14faad3180b8,calib
069d012ef2b99e79,calib
06aef84f95a4f0c0,calib
06cc5aa8dcee72e8,calib
06f0b97018548ab9,calib
07113b8604b314e1,calib
0724e32b2313b5c7,calib
075ce7d44411e398,calib
075d5a4bf446934e,calib
079ab53377be35f8,calib
07feaacf025fce79,calib
080d0c77d6af9b03,calib
080efc3279ac4bb4,calib
0815f41603fdfeb1,calib
0826cbfdb6c2db17,calib
0876f7a9abcee83f,calib
08a329a9b4b214df,calib
08b7ca30a84a522b,calib
08c2a113354ec432,calib
08d7762021da79cc,calib
08f484a8ca148096,calib
08ff12e57af713d8,calib
0901a2ff29904fb3,calib
093db5947e98c6e4,calib
096f2762ac08cf6b,calib
09819be9d13018bd,calib
098d9e9d000ac39c,calib
0990066f7cf1e903,calib
09a44880aa8ad38a,calib
0a95f5634a8faa9e,calib
0a96545da7840558,calib
0acc8f019826fac1,calib
0ad1462232012806,calib
0ad8e1b7f08ea571,calib
0ade050510ded307,calib
0ae903435d725610,calib
0b00b9bba98e300c,calib
0b191e584c473f8f,calib
0b20ec7b1ba6a98f,calib
0b34d5a22c0db91c,calib
0b435ca8da861ea6,calib
0b7dbd76b0fd695f,calib
0b8b4b6c630f9244,calib
0ba6f510a46aeefb,calib
0bf34f1eab4673f9,calib
0bff81efc09c9d6a,calib
0c0ba4482e5138fb,calib
0c0ec6372e587a23,calib
0c1513a2b65936b5,calib
0c15e0fa59c501e3,calib
0c378da2350bab9c,calib
0c41f467cd4be7e4,calib
0ca8f4c5ba28aa73,calib
0cbc4b0a1952dde4,calib
0cbfb336ff7493f9,calib
0cc19df245528671,calib
0cd07d81da141a9e,calib
0ce1da79cbda6be7,calib
0ce82d2c4677bfb7,calib
0d200ed3f5ca6a14,calib
0d22d145831935ee,calib
0d2790b0768b1562,calib
0d39d2eaa40a6241,calib
0d49ddb7ae12a46e,calib
0d4c21883efb99c6,calib
0d5d9d3ad2d3ec57,calib
0d6ab7811c98c5a5,calib
0db78fc942e358bb,calib
0dcbe9d6d3605d49,calib
0de405e1d55660ae,calib
0de8b463fdb7e8ed,calib
0df0bebbb04799a1,calib
0e011238f91579ea,calib
0e0d54ef0f49c198,calib
0e636c28c8582784,calib
0e8ead001b616968,calib
0eadc3597676041b,calib
0eb116242fb82c79,calib
0ee4448b22f666a2,calib
0efaa2a18cd36b4e,calib
0f19d2bdec204a2a,calib
0f1f06e52adee464,calib
0f1f578963632a4e,calib
0f6757862e3914a3,calib
0f708fbd1abf6d2f,calib
0f735182de3f9c70,calib
0f86a21f9a03ae94,calib
0fcbf9f3ad7685f8,calib
0fda1440d304c832,calib
0ff144ce908dfcba,calib
100764a2b6dff2cb,calib
10164a0b15760ccd,calib
1039b726fccb228e,calib
103b1639ebb25a6a,calib
104037d8ac6abc77,calib
1064f03b2bf6dce4,calib
109772a268f4b181,calib
10a22ff54788e714,calib
10aa9dcd3c09bc81,calib
10b9f5a3927c3c9f,calib
1115683a6453d9c3,calib
111b6dfb7fb048a4,calib
1127a2abdebea164,calib
118d1bb84330f2cf,calib
118d31be4ac8a319,calib
11953aee38812bbf,calib
11b5f915f4d2215b,calib
11c56e503bb019a6,calib
11cb3112bac94e0d,calib
11d0820a81eb5368,calib
11d4c7fdd4513567,calib
11de3812de095df4,calib
11e155a9b88f6da6,calib
11e5a71d51db004c,calib
12020d6ebaf4753a,calib
1208ecaf64626b1a,calib
1236594384fe69a8,calib
126383f518938996,calib
12734efcab64db07,calib
12933ce240d4e38f,calib
129d1416162a3551,calib
12edb4a6f40c91f6,calib
12fb16400e675fb6,calib
130f93a4556c0625,calib
131b8246d4b125d5,calib
135d37211047d43f,calib
138b6c4d25d89df4,calib
13bb2b9d45a54c41,calib
13e4daa7377dead1,calib
13ed1ae3cf781d8e,calib
13ee5a45e507ea2b,calib
14037d4477920de1,calib
14658942f6e3036a,calib
14802f9aecc14f12,calib
148a3ae27025eac6,calib
14950790906131a2,calib
14a3661d733873f7,calib
14a74702fd37d7da,calib
14ab8dc09aa19993,calib
14b52937ddc869f1,calib
14b54844334de621,calib
14b87474d414e4a0,calib
14ce147aa2d00e5b,calib
14edc5a7ca2f6ddc,calib
1501cb61b6e01604,calib
1503ffe053b329a8,calib
150819cce615d1f0,calib
1520e0d3d91768b6,calib
1544c25c710823d3,calib
156ec0972d1b05f9,calib
15776b1179c093d0,calib
158ea2d698026c2c,calib
1595e9a34d6ae5cd,calib
15cbadd66c7d226e,calib
15d066bbb40fffbf,calib
15f5308e161aeb73,calib
16049aecdc52a062,calib
161fc8a37efe9a1a,calib
16238ed6336af06a,calib
162680f43cfa922e,calib
16275d511c865fcc,calib
163e04d5be6c05d2,calib
1640544ca1bdd586,calib
168bc99fa2cfd9aa,calib
1695944f043b165c,calib
16ad58d7b3b254ff,calib
16ad9eb7cec22204,calib
16f3030c4a7d7695,calib
16fca45be6368416,calib
1709224059ce5103,calib
17173a1068bc8aad,calib
1775b9123858ffd0,calib
17851dea3f556803,calib
17b31e349bf2833d,calib
17d8e3dcf28befe3,calib
17e56744dee17b98,calib
180b9579557705de,calib
18144128381ccdc1,calib
1824e44e88f69d1d,calib
1839bb6e158b2a11,calib
185ecd9fa488f617,calib
185ee5fd7697d203,calib
1869e3a0a0f8c949,calib
186a36841a80b558,calib
18d027b550b1cc35,calib
18d39ca006584272,calib
18e24a4ee54d1071,calib
19147babb7275a62,calib
19252d70aa268727,calib
19292dbb70f2e2dc,calib
194ca662ce16e5a4,calib
1954174ad922b52d,calib
197248813994e5d0,calib
1994e1b7ad312c4b,calib
199912b2d9973a21,calib
19abd1b923d307a1,calib
19c92465b6d21980,calib
19df4b35810af980,calib
1a092b7759de2a30,calib
1a14db486dfc563b,calib
1a207cb66f2824a8,calib
1a35f743c6757ce7,calib
1ab80f0179e4b7c2,calib
1ac7385816d83f9a,calib
1b13fe850d21a571,calib
1b3f5452373293f3,calib
1b531ee79f0f6e47,calib
1b5a79a6827d3bf0,calib
1b730ead3be033de,calib
1b7f3425a9080fd9,calib
1ba2bd71c8165d2d,calib
1bb486f597ddb1ef,calib
1bc7adf856381849,calib
1bcbd31acf71234d,calib
1bf5312b55d7cf87,calib
1c57d0e563efbecb,calib
1c792bec4907f559,calib
1c8fbcf6f1cef5cd,calib
1c9090d709745b32,calib
1cebe8488e28d046,calib
1d0070799f641908,calib
1d1e9d7605a70168,calib
1d3daad19f7c8044,calib
1d47d23d5297f08d,calib
1d8ee316e7cac260,calib
1d9e583799d87ed4,calib
1dceb1dbd5a8bcef,calib
1ddf160e662bd9f7,calib
1de9680992919c76,calib
1e35cd1a4ae4d5bd,calib
1e4c0138733ed627,calib
1e574c32acd4a3a8,calib
1e69dd43dc4deee8,calib
1e85307bba6d4975,calib
1e8740c0c008da98,calib
1e98952764512dd5,calib
1ea6f295b53721b6,calib
1ebae22b6fddd153,calib
1ec62d52b0da4499,calib
1f191b7466590d0f,calib
1f350f6c93b57fb6,calib
1f39448d7ced701e,calib
1f5177bd9c517030,calib
1f620976ec645991,calib
1f8ed05ef0266d7a,calib
20338c2aa6d9d97c,calib
204e2a16adb6e024,calib
20bbfdad92fcb7ce,calib
20e3b8007ca6c623,calib
210eafad7aef3344,calib
211b682feaec7a0c,calib
214ff1aed2bb1c81,calib
216cd74983f5ccce,calib
216d3c0bd9769204,calib
217f7de4d7d44595,calib
21dabcaec5cb15a6,calib
21fe9e138b3ac2f0,calib
220464a4f3421279,calib
2235b7dae3ec7b76,calib
225b27be890690cd,calib
227266074a1e9778,calib
22d6ba7ed2591367,calib
22ff83b741e76c06,calib
233ed098df0eee4a,calib
234b0ca5e6fd1aa3,calib
2354e1f7fd2a599c,calib
2359dcec7a8f2dc8,calib
235fd121f017ea5a,calib
236794fb9c880296,calib
23680c85e0698eee,calib
23969ad3405061a0,calib
23a180e4ce864795,calib
23b4decc82693751,calib
23beb05444744938,calib
23c68a9d35c97851,calib
23db043826bf5edc,calib
243896706368de67,calib
2439ec3c92343e2b,calib
244f7e293aeb1e35,calib
2474cfee54a98c17,calib
24abb6eaea97f43d,calib
24cbe3fd2a933788,calib
24d02e60f36afac9,calib
250590f7b9b75302,calib
2517f121809c1d27,calib
252ee9942ba7a338,calib
2539d3ed35e12035,calib
25b0e470853e1878,calib
25d032a0329690b6,calib
25d279f4e3bafd0a,calib
25f512c3a4b3015b,calib
26078b5b9694f15c,calib
261b72f43607f7f4,calib
261ddb913905d92a,calib
262cabcb621df567,calib
26317f0f9e4152f3,calib
263c5fcdcb9262d2,calib
26456004f5213ed5,calib
2686503df3c384cd,calib
269ec3d2a3733fa4,calib
26a84e615583bab6,calib
26b23d89b6d3010e,calib
26b4b3326a020ccb,calib
26c8b0ee8cc7f6ec,calib
274e3fb0fa4f5c41,calib
2778888963d08e26,calib
27833b16f5a40990,calib
27af0675f21b4a25,calib
27d959bbc4e21963,calib
27db1e4dc8d4f306,calib
27e60329d86321e0,calib
27fb581f6862882f,calib
28035dd28d584ec7,calib
282be2084eb97ed4,calib
28514bf33b924e15,calib
2861f672d9ba4132,calib
2868481bedc40d00,calib
286ff5a0bdbc33e9,calib
287d9abf34c834f3,calib
288e3810bd10c1c0,calib
2892097bac564b67,calib
28af27fa0e7e2d87,calib
28cd8860e767df18,calib
28d346cc8be778ed,calib
28f074584e497232,calib
28ffe31e99378457,calib
2917e793a1d2e20b,calib
296d37b3a7886d0e,calib
29a15306bd7e4dc0,calib
29de996c207a2312,calib
29e0ac445d09c011,calib
29eb6f952ac2f365,calib
2a1558336a135ef9,calib
2a1f85b2da514ed5,calib
2a8c848d93d7f031,calib
2a982e28a78efc21,calib
2aa43d202887a929,calib
2aaebfddc88eff2f,calib
2ac5722e29bb8c8a,calib
2ae2b920b245086e,calib
2b2481688298c122,calib
2b337b8a158ef2c0,calib
2b6a8d5e0ce63f69,calib
2b852b43e3b68aa0,calib
2b865885f78f5399,calib
2b8d65684321cb88,calib
2baab114c1985813,calib
2bb0dbc041dafd5e,calib
2bcc6f3186eb7d50,calib
2c13525f9acc3525,calib
2c3c26f6fd5d9532,calib
2c55dec64236c77e,calib
2cad332c1a72a1d9,calib
2cb9099ea79076b3,calib
2cbd8b508cc7c2ac,calib
2cd1f9a4fbfe45f6,calib
2ce578ae75e7bfe7,calib
2d1b3a1d9abd6d64,calib
2d588fabaacdac8a,calib
2d87912e5607552d,calib
2da4dc04f7894549,calib
2dcca94b9710304d,calib
2ddd56c190dd03bf,calib
2de065bf9ba12324,calib
2de861c2ed050781,calib
2df7046bc334405d,calib
2e0c753ef587b5e4,calib
2e0fc347aa6c51ee,calib
2e11949a114b99ac,calib
2e664f3bc2ddafd1,calib
2e7d837de573e2a6,calib
2ebf91e336c2300d,calib
2edb12e5828a5056,calib
2f236ec78b14dab4,calib
2f4693e3335b56bc,calib
2f46bbaa7eb4266a,calib
2f47eb976d6aed2e,calib
2f51f61280a1930e,calib
2f524c1bc418c561,calib
2f55447409fab079,calib
2f569197eebf2ffb,calib
2f787f2e0e22c1c6,calib
2fcc1a2ca7a2ad84,calib
2fd31d08049d43e9,calib
2fd8824b17265648,calib
2fe171a3a303e1e9,calib
2fe797e4551c12d4,calib
2ff888afc4317330,calib
301f1953e4dcda86,calib
30268ce72cdb8943,calib
3048c4a90afab292,calib
306621b9622d3e29,calib
307426cc88ea3b84,calib
3074497a725aa086,calib
30b11ff63ae48b8d,calib
30f111adddc72611,calib
3122573c6b3807da,calib
31411192e3f00abe,calib
3142fb34eddde974,calib
3174c0fdfd3f2ee7,calib
318f8e88cd74bc5b,calib
318fdbaaab56ed2f,calib
31c2f8c2bef3557f,calib
31f6ea51623650a6,calib
31f9828f6d99f45d,calib
31fad7005277b8f3,calib
3211f17c14f52892,calib
323816e86fb45820,calib
32425426d02a0940,calib
3265f61a3e7adc58,calib
3270308804cebeb5,calib
327bc08e29662e76,calib
32a1995e8ffe9658,calib
32c7a02fcfe7cc03,calib
32eb56dce7ff961b,calib
32ff685613227701,calib
332c7d4e7a4d8fe1,calib
335a83439bc4584f,calib
33ad4d05e1dd3466,calib
34112b35b67bb905,calib
3426e65313ec3c78,calib
34423d714091aab0,calib
34463831b268de4c,calib
346f34f7eb683db1,calib
34767f6b6dcd68c1,calib
34864e65a085f311,calib
349b3f8f7754f1cc,calib
34aed1e392b9770e,calib
34bbc86ddd65749d,calib
34c144b7856fb0d7,calib
34c3f10f14aecadf,calib
34d8be1f2b2ca6e5,calib
34fb7d1747afbfdb,calib
3517226f9c54f139,calib
352386b1ab8c8442,calib
3547655caf18601a,calib
354e00d09d1c809d,calib
355a72caedbb1dd5,calib
35653ad26929b775,calib
3566ac06d9816b60,calib
359ef0c449f2fb09,calib
35a8a4ef247f59ce,calib
35bbcfa4504ccb3d,calib
35c9b7e48246e548,calib
35cf8f60fe8bf9f9,calib
35e8532b8a8d730d,calib
36087976514dcdca,calib
362bd70d31145ac9,calib
362e7377e6b9c63c,calib
362f7c691302711c,calib
36732174f830e705,calib
3678bd5d5aa3ff30,calib
367a97f48abd8d8a,calib
36ad377d16b5332d,calib
36b1c4090099bc9e,calib
36bb6adccd7efd8e,calib
36f20b2cef316fbf,calib
37163934cca412b7,calib
377f6090bfc437f2,calib
379cc126a28a1653,calib
37dc100df5e2e5de,calib
37e16a40f96d19bb,calib
3844ec11247a5f03,calib
385abe50d009deb0,calib
385cea90dd8cf515,calib
3879a41f3b5ea691,calib
388e896c992df538,calib
389a894c3bac308e,calib
38a1bb1f21bfab16,calib
38b9ddd6dc53cb57,calib
38c52002a5840e27,calib
38e07fc8cf688e65,calib
38e4654e91794e23,calib
38fe6f28ba569714,calib
393719df85f3eb65,calib
395a6f02ba12e31b,calib
395b0b5d7a3b4f7d,calib
395f9da2409f7f19,calib
396a5c1b07e7cceb,calib
39a899521583cf1e,calib
39a9778cae7ed4ca,calib
39b910313270b0e7,calib
39c57a4bfa29fa95,calib
39d865012dcb3327,calib
39f767d2d597ad26,calib
3a1dbf21db0174e4,calib
3a3fc6d8680a7d72,calib
3a7b316ab4160f44,calib
3a896a5f41620f06,calib
3aa84fd582054864,calib
3ac70f6d5c5318a9,calib
3ad12318c4600c0e,calib
3af25212b38bb418,calib
3b16d23f9a76f491,calib
3b24f0d98d5389c5,calib
3b639d9620d54568,calib
3b8baee12098e0f8,calib
3bb68e94eb6a3ff8,calib
3bb8a4cf506d45c1,calib
3bd4385829284e11,calib
3bd8c91d561fbc50,calib
3bdcde74aa87e427,calib
3be307d2f008f994,calib
3bed1b7035184e8b,calib
3c1f86de3f135401,calib
3c688cb5af87f28a,calib
3cc73b04368bb2fc,calib
3d0cb5cba54bc194,calib
3d4658b6d4e46fc6,calib
3d49372f20c02816,calib
3d6fd57798ebb0a4,calib
3dac04677f04541a,calib
3dbae03a5f33e414,calib
3dcb9b3df3a56609,calib
3e313b9cdc8417fe,calib
3e3d86361da58395,calib
3e403e00bcfd8b14,calib
3e97450e9f97f1d3,calib
3eac5807e4a34709,calib
3eacc8632b0747e8,calib
3eb195aaff0a9719,calib
3edd8ebee268e30a,calib
3f5bb7c5ffc5307e,calib
3f6d73a721486ab7,calib
3f84f9cad569b064,calib
3f8917f4a8d8b952,calib
3f9c55f4080f42fd,calib
3ff26c0ec3274990,calib
401b1ca72f7fd360,calib
409316d1bffcc74c,calib
40b63176d7f76f8e,calib
40c4e9170457842e,calib
40dd2dad425b2d62,calib
41375c09042c9a44,calib
41428acfc84c6d74,calib
4144bd651d3eec47,calib
414eaf8e038434d7,calib
41596972d4b0f017,calib
4164af539868b1cc,calib
418cf540ed4ae792,calib
41ad78745b80fcd5,calib
41ba73d43d85a897,calib
41ca8f75110aef4f,calib
41cb9302b85d872b,calib
41cc80cf71b36e88,calib
4218235cb005cea5,calib
421d93f09b05a85d,calib
421de060a94105de,calib
424cafb1ede9379f,calib
425659f2e990f662,calib
426d1e20956f1419,calib
42726df85957d0dd,calib
428fc87268fd01bb,calib
429f3d9dbcf55758,calib
42c402e90ced0c00,calib
42e89f7178838894,calib
42faeb0519c87364,calib
42fe49e056cbd4f6,calib
430469a7823f49c9,calib
431dcc7f19b7ddf1,calib
43224b2ee1ca30ea,calib
43374b42ae4645da,calib
4344a275f14a1db1,calib
43580f11fa328368,calib
435c44eedd4a12a3,calib
439d4b5b2669cf86,calib
43b343a4659252e3,calib
43c477e110add8f0,calib
43d0a0a1db9d2eb7,calib
43e8591e218bc170,calib
43f999da8ab302b6,calib
43fa188df23cb349,calib
4408c1a1052d068c,calib
4458e0aebbbcf9fd,calib
447f3edb2122372b,calib
44a113fc79e54db5,calib
44b042761f5ff466,calib
44b972aa8e71b68e,calib
44bbdd1410ca51f8,calib
450362ef6b71cb29,calib
450381da41df090e,calib
451a914ba0f9288c,calib
454b95afd9b55c65,calib
455d0da1b30b29d3,calib
457ab3f4cfd79a40,calib
45845464263d2554,calib
458be49dba9378c5,calib
45b7c1033b8fdba2,calib
45e3114cad591f02,calib
460ef766786501df,calib
461c0bd58f9e88af,calib
462e89dc71b6effc,calib
463f5dc074aef96a,calib
465062b0b51a7e14,calib
4673418b1112840a,calib
467867fe24186953,calib
46896b2230566b32,calib
46984abbeb6ab2f5,calib
469f590c2fb82b47,calib
46c76c2f3f9ad362,calib
46c95c736a06935d,calib
46efb8375c467c8f,calib
46f2eb30e070eca2,calib
471e1ee1840c27d1,calib
472552e8fd2cf9a0,calib
472d7fc518ef1742,calib
477a0de3c8235a7e,calib
478e299912d4882d,calib
47a95197359163d3,calib
47b10bea166047ea,calib
47c0b581f5df819b,calib
47f468677e6d935d,calib
4812187fa9e70ea9,calib
4831a6015a45d52b,calib
4837276794df218f,calib
485762512d872c3e,calib
4877556e6455b71f,calib
4881b35ca507466f,calib
4886bf7f6d6a49ca,calib
488f260c65081856,calib
48ad894fb18727b1,calib
49114edcd7d13810,calib
4918bb31af8c11a8,calib
4923e95f7c3368c6,calib
498d574d9754f556,calib
49a8543bfd5c861f,calib
49cceebf5ad4312c,calib
49deda06e850a12d,calib
4a2a9170af964c8a,calib
4a57ba9759fcdb2f,calib
4a65ca8f8806eefd,calib
4a6b0abea42d3a89,calib
4a6b208f27010c52,calib
4ab4599a2b8336e6,calib
4abd1f9da692c356,calib
4afb155d76d98e46,calib
4b465b8492bc7042,calib
4b518d63c26b306c,calib
4b73d9a77c290891,calib
4bdf59fb1667ab6e,calib
4c078c8e55c7bde9,calib
4c155553055a3e03,calib
4c22ead4cb5e26a5,calib
4c29ba8c92bd0dca,calib
4c39811fc30c210e,calib
4c43e87a4adbfa87,calib
4c459eadcfa98242,calib
4c745145923326df,calib
4c7acc4e74c33f2c,calib
4c8791bc1e7e6def,calib
4c943cef11f67729,calib
4d248b4840c194d0,calib
4d2631b33601492c,calib
4d264cec051d0efd,calib
4d282d7c95bc15a9,calib
4d2bc989f8fcd528,calib
4d2ff95317e6f3ae,calib
4d60b5bc124f85e0,calib
4d7033bab8a7de21,calib
4d8ad410abe559ca,calib
4da1a7df9f9c39ee,calib
4db6f5dd45cdd95b,calib
4dc0008555c5452f,calib
4dda36a4d6dbeea0,calib
4de0d1e43df65054,calib
4ded6c9baf14164b,calib
4e051113304ee200,calib
4e6d9cec56ae791f,calib
4e98d8224b63fb5a,calib
4ec7981ce58b7327,calib
4ed9ac3a6f092861,calib
4efc26d427a77b00,calib
4f001eb2745c5257,calib
4f002a350d9eccd5,calib
4f017dce61f087b3,calib
4f080d5e144340a7,calib
4f24010f1591a1ed,calib
4f75501e53ea00cf,calib
4fa18ae6b5db532d,calib
4faa3ad7a45a4728,calib
4fbe2d3e771d2ea5,calib
4fc8d57b1e8f2f2a,calib
4fd92cb99383bc97,calib
501cd70f958edbc5,calib
50213e95b24dabd4,calib
5025d68c6017e649,calib
503204591a986d34,calib
503848e8a9f376fa,calib
504e4507dd93122f,calib
5056cb4ea346cef9,calib
5078e750becafb6d,calib
50a1d468709d9e52,calib
50a70a80f8b183bc,calib
50aaf5164220ab43,calib
50b17770b740d938,calib
50c4e6e5d9c981f0,calib
50e69b85b15210e5,calib
510eb809d38038eb,calib
511dd8152737f2aa,calib
518412097e28442a,calib
5187df0e97c3e261,calib
518aba752780ec23,calib
51b0a2b46d5ef956,calib
51cc4b474738b64a,calib
520e8bacd0cb5b90,calib
5220c1099fabd86a,calib
522b94fb9d8a5b58,calib
5235d72f9cdac55d,calib
523cc90206229a52,calib
52772c567777757c,calib
5298598c9406e3df,calib
52a0da27866a936f,calib
52b5a2d822fe9789,calib
52d0d979269c600d,calib
52d10ee6623d4981,calib
52f02f15acbd09f8,calib
5302e5f480bc86cf,calib
5321b155b2bd14dd,calib
53252a7f4f4bf87d,calib
53ab2cc388f5dcb1,calib
53b9088e1dc372e6,calib
53d5c1ff9dd974ce,calib
53e27f0d1ca52e5f,calib
53f1c3ba5920ee07,calib
549c1b42692c2e12,calib
54b0862352e52f9d,calib
54d79deaa1f374d8,calib
5517265668c5a7d8,calib
551fa33662c595c3,calib
5548b4c65ddf3b8b,calib
554a50c4d5d8c44c,calib
5558264b4034ddd0,calib
55646ae52473a850,calib
556af09ca3a2a744,calib
5572cab234c954d1,calib
55d01b4689a7b8d0,calib
55fb1c42e78ba870,calib
55fdaf9f4132ddcc,calib
56324f46add64e09,calib
567e1172e9e46dee,calib
568e0339b0f43c60,calib
56964af5b6da140d,calib
569ffc3c73291263,calib
56bc73ee1c84b348,calib
56edb306adad070f,calib
56f0a4ac451f5f1d,calib
56fe7983c516e501,calib
5728924f6a4638ef,calib
572fa6e041e3f6ed,calib
57366e75cddaed8a,calib
5742ae63510f04ec,calib
57534dc48aa547b2,calib
578b432e8fea6358,calib
57de7d6b9ec8dc3f,calib
57f225596bde8ea8,calib
57f33ae7906a96a7,calib
57f41b2c6231c2e8,calib
57f78caff6016edb,calib
58639dbeac778484,calib
5864e60b58b0b1dc,calib
586d5d7a27faa8b4,calib
5879fd4dc89dc934,calib
58a343dd7d51b6db,calib
58af4fb4371b520a,calib
58b130d5c454e24d,calib
58b519bfa6cb9592,calib
58bf92af7c853f7e,calib
58c5956e59d05f9d,calib
58f9b5ff2c4e75bd,calib
58fb1f7f9b80ecde,calib
59179823736954d3,calib
5919e447e4c70a52,calib
591d94e18bd4911f,calib
592de7a1173bfc87,calib
5952dfe9753d7ff5,calib
5959b06b5605537c,calib
59694d8ef8c11f65,calib
596b131383887d8a,calib
5988cb1945f0ab4e,calib
599ed7d9c6c7f86a,calib
59b21c2480c61524,calib
5a3528dbc7f517f2,calib
5a36471ab2f6e2fd,calib
5a84b96cee526c61,calib
5ab51d03a66876a6,calib
5ac25df8d9b411d1,calib
5b1c87e9f9582ad8,calib
5b4d729159d27633,calib
5b615dfd56074562,calib
5bb4f84d63317837,calib
5bcacb1e33990af8,calib
5bda5068b0f59ccd,calib
5bdebc51ec5ff307,calib
5bf8f26223d44c83,calib
5c09dfc68a5db3f0,calib
5c26f77e6a083cce,calib
5c46f7d9fe41aced,calib
5c6255633bc82811,calib
5c66a7f072ea932b,calib
5cb3656f7485d425,calib
5cbb922cec96381a,calib
5cbe0c4934e57557,calib
5cddef52c4d8df00,calib
5cee88e53565f82c,calib
5d04668c6843875f,calib
5d2ab026ba14f8ed,calib
5d5b54ab55c81d30,calib
5d6a3942a2be3fed,calib
5d6f90dd155120d2,calib
5d76e4cb236e6e29,calib
5dcaa7ceac197bdf,calib
5dcedacc576dfc38,calib
5de16da6344b811f,calib
5e0bdde2bf61d066,calib
5e283376a896e2a3,calib
5e69771882906384,calib
5e722e33336d99d0,calib
5e8cf080a9eab276,calib
5e9bcb1652581bd9,calib
5ead5425d866357a,calib
5ec595671c9f8e05,calib
5f17f3e59e63bc98,calib
5f23f8d0a01f0cd4,calib
5f31043c271036fb,calib
5f658218d80fce07,calib
5f71237d1a1c7113,calib
5f860fc20dd79996,calib
5fa05b4d0b9fbf47,calib
5fb0aa9ce525aa62,calib
5fb7e735f0b74e2d,calib
5fb9e5f2eaf77170,calib
5fc7dd11b3d825d3,calib
5fd8d8eda961e1ba,calib
5fd8e7b94ea214cf,calib
5fe5be62213aa4ea,calib
5ffc291499d496a9,calib
600fe17bc127b5fa,calib
6026f7e66629d8bb,calib
606835cac782806a,calib
6071bff745936777,calib
607ae58e0a063194,calib
6088011a15045ebf,calib
608a3e3ef79a6987,calib
608a77819a6dba48,calib
608c6b1859c667a9,calib
60aff472b7793e4d,calib
60dd14f31c702756,calib
60dfdd1933d957fa,calib
60e28b165f087444,calib
60f032f8b5eede18,calib
60f9f3adfc2e96ae,calib
611db123d21b1ccc,calib
6129f2da2ab0b6a3,calib
6199c1c1fc9f32fc,calib
619df67c78071305,calib
61af7174d065e536,calib
61d95351b825bafd,calib
620baa42fc1417ba,calib
6210a3c9aea437b6,calib
623de2db8b9ba089,calib
62a6efa1a276dcf2,calib
62c1463cbbe260c5,calib
62c18f3d4ae226f6,calib
62e2963ad3efc2ce,calib
62e2c30d61a7f5dc,calib
62f2fbd2fa003b23,calib
62f6f538f193ad53,calib
6302f68cf0b46c3d,calib
634ed11c52036618,calib
635536ef64924c67,calib
635d5a20cc41a043,calib
63a27f06b3b435c2,calib
63b7d30c3e318a8e,calib
63de7a227690027b,calib
64085c01eefea935,calib
641a3767759d7a72,calib
6475763f119d85ff,calib
64b25ea3ab633d4a,calib
64c438fdab94399e,calib
64d733e7a27bf5dd,calib
64fd855bb08fe50a,calib
651227b7b788c7b0,calib
652b4f442d7bef4a,calib
6540f02a1ce5fdba,calib
6546253abf369c66,calib
657f12667fa21dc7,calib
658ca2c90119d53f,calib
65bf019fa07e38a8,calib
65db121b8a32ddc1,calib
65e8a4fc7791f8c2,calib
65fec797da878198,calib
667fbd2c08042f0c,calib
66983e5768c94f54,calib
669ef92bbbdcf911,calib
66ad511b9207d57c,calib
66b9098e157b4517,calib
66d752591347d4a2,calib
66e8268ebe8ae571,calib
67052dd5e2bd90d4,calib
674f617105868e96,calib
67723b7c72bd6ad7,calib
67b77e89e0089b3f,calib
6802deb3b101eb20,calib
68067457ffe1311e,calib
6840601ff926b084,calib
685d82debd39ec68,calib
686c17137de6abcf,calib
6882885ba39ea971,calib
68a64bbf9ac6fc79,calib
68a8aec2e1fd8b56,calib
68e2a45030cbb719,calib
68e7e6b66435ce12,calib
6919871b0a692445,calib
6935b09a7029606e,calib
693d089eacf02934,calib
6942166e256b17c1,calib
69672cc6e357ebb3,calib
696ac8e5fb3bf791,calib
6985945f419d2168,calib
69b94c62fb3095fb,calib
69ba36c08a072ac3,calib
69d928a233a55c59,calib
69dc92940d4a279b,calib
69f26ecef4191d14,calib
6a2656ec52b62458,calib
6a48d8cd59602a9d,calib
6a4edbf8739f5b86,calib
6a4f8774a96de050,calib
6a705d7a5eb48543,calib
6a74ad953a89f013,calib
6a75b9e3f1466a7e,calib
6a912ccd8d2bb575,calib
6a982e6d7a3b71e7,calib
6ac5e87a4093c1ad,calib
6ac91a3b86cae801,calib
6ad06eb5b556a3bf,calib
6aef3dc20e76f0fd,calib
6b1259718d7da711,calib
6b435c9c8aa7d284,calib
6b4b7e35599e692c,calib
6b821ef55b83820d,calib
6bf3f50068a5b0da,calib
6c00e64a56e02bf5,calib
6c0797825366a740,calib
6c0877e43eeb1179,calib
6c48bd7cf14f993c,calib
6c940a671af239b6,calib
6cb4e95e1ffd1b94,calib
6cbd32c9549cf8d6,calib
6cd498fbcce3bf6c,calib
6cdf27afaa16e12b,calib
6ce5ba9ad9a571c3,calib
6cfebb76621d8e36,calib
6d15a7b25518e0ad,calib
6d2cb9d0d46de67a,calib
6d4e3717a37cbc7c,calib
6d52354fdf7f169d,calib
6d5d5e2834955dda,calib
6d63859d636a6353,calib
6d681f9e3b8987bf,calib
6d7d7378733c5bfd,calib
6d826a1ac592a5ee,calib
6d83030747fc8fd2,calib
6d9ef70a959f95c7,calib
6ddaf3d872d08a74,calib
6de14cde6fb09e8e,calib
6de558d1225df49a,calib
6df2b14cf461a7c8,calib
6dffb7142fb1ec27,calib
6e01db7b57f590df,calib
6e1c2b2865cb77a0,calib
6e1fe8b9cfc929dd,calib
6e2f8eabd7ce0721,calib
6e39a94063aab85e,calib
6e42d263064e2271,calib
6e68d25ebfdecbe3,calib
6e886bd618e8dc95,calib
6e8ad816d0cace24,calib
6eab71baeaf14caf,calib
6eb1034c5dff75e2,calib
6eb2e96a5811da82,calib
6eba19b110d7fa21,calib
6eed988b76a57227,calib
6f0506baa3d837fe,calib
6f361a9f71219bf2,calib
6f48069b14f6ea1b,calib
6f6acf811287a2a6,calib
6fa5cfe39dce2976,calib
6fbaa610c981a46a,calib
6fcc42d418bfcd6c,calib
70006a850c02e104,calib
702dae36e2a59a78,calib
704766615cc6df36,calib
7077d5e777c03665,calib
707e56929b098f2a,calib
7088efa19ca3d5cb,calib
70b22e83199c8b4d,calib
70b73cf3050a63fd,calib
70d6e3ec5c2ab798,calib
70f0216c91d5319f,calib
71088afaa6814653,calib
710a4854ef7faa1c,calib
713ee951a7e8e7a3,calib
718eeb0a4aad526b,calib
71a2e0d54fffbb54,calib
71be16890b2dbef1,calib
71eb7f133c7128f1,calib
71f110b02d4d40df,calib
7256d83d5ce5ac03,calib
726f03b7e6b6f37d,calib
728433dc93c22d3d,calib
728d2fed27b7953c,calib
72c090d3c1452eff,calib
72d8591b73fa55a0,calib
72d96d561181572e,calib
72e2d04167a23410,calib
731b042cfc6a0b35,calib
731ee9b2dded49f7,calib
732f6770e44bab6c,calib
7336da45d108ca89,calib
73638ebee5df4662,calib
7397b7f618241576,calib
739a810276fab6ed,calib
73a0159a38bd768d,calib
73a64ce09ab99569,calib
73b02ad2af00ba9a,calib
73c358e18b50d902,calib
73e1150b5df2ac11,calib
73f798b2cfaaccde,calib
7400871fb600cbfd,calib
740575b24f4bf02c,calib
740c168d00f1fde6,calib
742baea1fed0ba14,calib
743cb106f41f36a3,calib
749373faa98d6183,calib
749dc21fbead4477,calib
74a3cca6bab4c7c3,calib
74b8da72e82739c6,calib
74b9eed26fb95330,calib
75738ddfc0237cb2,calib
759ead1f66adfafa,calib
75b6ed6ce4cf9a91,calib
75fa85b0220405e4,calib
76234c8ded169896,calib
762616b86ace2e0f,calib
762d3563f1f0ee29,calib
763b8523237573ba,calib
763e7b99c50ce420,calib
76506afab12cd105,calib
765706a7028d1329,calib
765a95c1046d8589,calib
765d55550c062313,calib
76988caba0fd9456,calib
76997d3172accf90,calib
76b9b5746d001fc5,calib
76cf34ae5c4a5541,calib
76e83aa12d3b182a,calib
770815f1f3d2af0f,calib
7729a637d4e749a8,calib
772b0c2fbd75dcbf,calib
773330a7aefb303c,calib
7742f10ba161d22f,calib
77777d1f88d7d1b3,calib
77aa8c99f84d6291,calib
77afaedcc2557017,calib
77ef93b514631606,calib
77f065d375d82212,calib
7829e2dfd8a25a57,calib
782de787af0127c9,calib
7832b3674c5bf7c6,calib
783b5e3e92c66c50,calib
78691487e7ff2092,calib
78863e7ab9d23d1e,calib
78ba81e4b634444b,calib
78f1b993101535be,calib
78f5c45257610d61,calib
78ffba9c3e68e522,calib
790dc37253eb7961,calib
792a3d01694681a5,calib
794c30aff0931384,calib
796b8dc43891a703,calib
799644078d5dc6ca,calib
79c6018635c458de,calib
7a42a816ebe00504,calib
7a460610a5181852,calib
7a67e8cfea5375e5,calib
7a682c221f6fb8c1,calib
7a7be7d776a808fe,calib
7a87c53fd867f819,calib
7a9f31ebf67d7ea3,calib
7aab7d19b938e6a8,calib
7ab9bdde05b12a0a,calib
7ac467fafc5d220e,calib
7b093e4677958b04,calib
7b1658393969f1b2,calib
7b230d36fcf79936,calib
7b318a1a8fef097c,calib
7b32c47bb764f01b,calib
7b6bf3c85fb4c0f4,calib
7b786e2ac3154a0f,calib
7c5c6808b1dfd344,calib
7c5f26291d490797,calib
7c687074be8061b1,calib
7c931423b7eac64c,calib
7ca9c3d890739944,calib
7ced7a51ac157970,calib
7d4579a26c80bb4b,calib
7d459628e792dc45,calib
7d6c7d96cb1824d3,calib
7d72576a2df02094,calib
7d74f94670ff4883,calib
7d7983daf0393409,calib
7d801f6be0e44016,calib
7d9abccd48d49ec5,calib
7db07a8ab8dfead3,calib
7dd2ca229adc743a,calib
7de61d16c64579db,calib
7e15f51a44b586e6,calib
7e190d04ae5579fb,calib
7e58e5907b8b32b7,calib
7e6faa4dc415ee08,calib
7e7b74307d3050ca,calib
7e818274d7c8f3c9,calib
7e99f5b138965ab6,calib
7eabc3b90cee73d1,calib
7eba065dcf35ed2b,calib
7ebeb19ee4257437,calib
7ee31a84c9517551,calib
7f6f9961beb8ac2d,calib
7f80e9a138ba7685,calib
7f8cf91d0bf97028,calib
7f8dc1902f9c435a,calib
7fb8a1d5b96d1e38,calib
7fbb228a62bb0061,calib
7fd63cbb91104522,calib
7ff1ff60c72c57f4,calib
8008084241aeddfd,calib
800d0aa477465b6a,calib
8030e2d673938c2a,calib
803109343a9b79b8,calib
80792d48a40d1252,calib
808b3f095276417c,calib
80aca86182a0e65b,calib
80c24e7f21c58625,calib
80efa2db225e180f,calib
80f80c982361b92d,calib
81c9091ec5e641f6,calib
81cea881b3eca873,calib
81cf04cce743dd95,calib
81fe8303506d8c00,calib
824aec8e46de0f88,calib
82767558dd850a15,calib
82cc4f844513ee2b,calib
82d6170ac7f07009,calib
82d68b849a160646,calib
82f576d94c1fa780,calib
82fc136d0c8d5567,calib
83448fe5683d3f2c,calib
8361aefa5b9c7966,calib
8370bc7fce2474d6,calib
8390606317def4c5,calib
8393c3d6558a5317,calib
83960c79eefc159f,calib
83d542729b80be14,calib
83ff365cae146eae,calib
8415078073b04dd5,calib
84182b51b0e4114c,calib
841c1acb11e1e482,calib
843b15472f6aa468,calib
84693bc80c8e326e,calib
846a30bd981c77b2,calib
84ddd50b7bd70acf,calib
84f5bee917a4d0ec,calib
84faa9ad566f31ad,calib
85208c7dfaa81650,calib
8531d07bb2d2769e,calib
854dd28c7db69519,calib
855ff290b0477958,calib
8580b7febe76daf8,calib
859569127d1b4bb0,calib
85a55cd05b1ddde6,calib
85b5419b8c66366b,calib
85b5631673204108,calib
85c05cf8dcd0a977,calib
85c1a865ad041ed8,calib
85c6afcc7c206a1a,calib
85dbb3901fee5f64,calib
861a6c63bc0c31d7,calib
86278d4268c2b718,calib
862fb284195341d3,calib
8682ba3fb8399218,calib
869ac2b2b4ed8f3b,calib
869bff4e1690f09f,calib
869de076208f6af6,calib
86cc8cd390045828,calib
86e2ac615b790aa1,calib
86ef47e0a2c7993f,calib
86f2623380a3be7f,calib
87183b12a67cfee2,calib
874496fc8abb4e74,calib
879fbaf3124a6d3f,calib
87bc7383308c7024,calib
87c1cc45d3c21e8a,calib
87dbf511158905c0,calib
87e0356f764b9c92,calib
87ef20b2d32b526a,calib
880ffb8b45b8e2f2,calib
881b13a4acc6b8cb,calib
881b9c988be2e5c0,calib
88325d333b7b185c,calib
885299812d741786,calib
885f3c5ebfbb4935,calib
88cb9bd997c1765e,calib
88d1ce64b4099782,calib
88dac1161a35451c,calib
88eb9467c820118a,calib
88f9931bbf26aed8,calib
890806e71faa94de,calib
89560f83f9bf96b9,calib
8979c7eb0a00e2d9,calib
899c7847276f2f8d,calib
89a5c545150dfa3a,calib
89cdd27b699bf979,calib
89ff2f32175b37e5,calib
8a0d9554ddbb7b1e,calib
8a133f56820e727b,calib
8a49864a44bd076b,calib
8a5a551056cb89aa,calib
8a7caa01c3ce2057,calib
8a81d2b7292f9f17,calib
8aa2ae9417007c87,calib
8ab097a5f33bcda0,calib
8ab1dd988fa6cb35,calib
8ab3d3019661bf1f,calib
8ab89d414b4ba3f8,calib
8ac77f6ed6d70e98,calib
8ad0d598e9ebda07,calib
8b18f25c610fc812,calib
8b1dab863111d365,calib
8b1e6f64cd2e05df,calib
8b4263ccbe0eeaff,calib
8b5779a251ad2545,calib
8b57ebd442572320,calib
8b60e3c29b28c41a,calib
8b6d7a74a560ccf1,calib
8b80208a9947980c,calib
8b93c12382c926c5,calib
8b9e9f26925c43f5,calib
8bbfd640dad28790,calib
8bc96fdb98c45ea9,calib
8be963cc2fdd38f4,calib
8bee83ec4b7ce93e,calib
8c0bf89f2fe2c31d,calib
8c3d9c2966d68008,calib
8c4690fccc3d9b52,calib
8c742dd859f917db,calib
8c85f6fe12d37cff,calib
8cb4b67e87dd0024,calib
8cbc70796cf27039,calib
8cce25606679942c,calib
8cd6b78d294ba63b,calib
8cef49a07ccff10c,calib
8d1d84d3fe266aaa,calib
8d3b04c0db4827e0,calib
8d57beede89147ef,calib
8d662f7f5adcb826,calib
8d972e8773cdb5ec,calib
8daa936cacf32354,calib
8db97fd18ea75f68,calib
8dbeec5f3ac059a1,calib
8dc693331a4a9755,calib
8e11ec1296e3c65e,calib
8e1e72499db857a2,calib
8e356aa31c4797cd,calib
8e7e6e28200efc7d,calib
8eb1b1c1a9b95164,calib
8ed392ebed39b57f,calib
8f0dd351dcfffb60,calib
8f53ebceeb7c4a3a,calib
8f5a46d464ac8699,calib
8f7bd83d8c02dead,calib
8f85cd8b9dae6730,calib
8fa0537bbfe09800,calib
8fc02c3423325dcd,calib
8fc7234bdc8aa3ed,calib
8fd47d2297d15266,calib
905dc0eb9ce13f30,calib
909073481683e6b6,calib
90d822387c78c4ba,calib
90e0883927bbc859,calib
90eebf9329f265a7,calib
90f5548c0e324e88,calib
91280c9100cb5c96,calib
913e0a747d141e5c,calib
914f12651c05e8e9,calib
91652bc56a9a3163,calib
919786f4c3d4a7bb,calib
91b9c22ec8bd0424,calib
91d398682c13f7a6,calib
91d8ddcc067e2758,calib
91d9f3c5e8a9a822,calib
91e65cf912e00ce0,calib
91f3e8c622b0c93c,calib
91f6777f308aa553,calib
920ea0ad5c27efe5,calib
920ffadfee226e86,calib
921e82b9d4517ac2,calib
9230de7132f53231,calib
92484cb03d94da78,calib
927fc77260a65b83,calib
92a5cd0ca2bbbba6,calib
92a7e8b12774d8aa,calib
92ec03ea3d0c6806,calib
92ec6c375b389943,calib
92f87b437197cd2a,calib
92f888c8a21ccb9e,calib
930167c7d6799758,calib
931b3d055596b2d0,calib
934ed59e9173d893,calib
9351008a7062ead2,calib
93538be0b92fc3a4,calib
9385d1d699a4309f,calib
93a16189b617fe91,calib
93f14b1b67b89c38,calib
93f3e0b1da4eefa8,calib
93f917f8f0342a26,calib
93f92d0881c230c6,calib
941e07397cc6e75f,calib
942f7d783b392539,calib
945130b1dc914be5,calib
9451a3dd7d629912,calib
946286b6855f529f,calib
9462b82adb07d367,calib
94640bc9c80fd001,calib
9472b7cee41cbd16,calib
9483cc7f9ffa1d26,calib
9493d09d66e4a263,calib
94b53f9053371b83,calib
94f0a4bdb7fe6f9a,calib
94f7a33984e3d9a4,calib
953a3fb6097e2e75,calib
95448f94326b1290,calib
95884e6e86bcc68b,calib
959c27cc741ee7de,calib
95b0d1ab77aef47e,calib
95b996dbbefe42b5,calib
95bb25deac9b7ed6,calib
95d4437ca61973a4,calib
95e035fbf1e6f0ea,calib
9634b662334d10d0,calib
9645820ab046a9c1,calib
96915215a8365e9d,calib
96fcc2d0127a4e92,calib
972568fe20d06162,calib
97257f61e258016f,calib
979f0f1e74f2a3ff,calib
97a2e9722198fdb0,calib
97a50f16b25d3241,calib
97a832b3a201bd0c,calib
97b58ee4be56884d,calib
97cbce22c2c4918b,calib
97e8d8aad1528a49,calib
97ea44866c097be2,calib
9803d394d2b9fae8,calib
982761a682daf72d,calib
98509fa7a66d0058,calib
9858283ca60c0af0,calib
985b4b7a92ed18b7,calib
985c118da1c0b320,calib
9897e7f4ed922360,calib
9923f2e7fc4e2062,calib
993e8315fe4fe6da,calib
995742319ec7e137,calib
99a1c38416091b86,calib
99ceae798dd6392e,calib
99e358ed517a8e2f,calib
9a161c13c57fb73c,calib
9a197d4ec8f25bf5,calib
9a19d0e09d2c2973,calib
9a21645a21e06cc0,calib
9a57d21a822bb7b1,calib
9a598423d5955b9d,calib
9a5c2fc767fa6f4c,calib
9a756a8f8a42759a,calib
9a82dec87bbff2dd,calib
9ac5aacd02c4f441,calib
9aca62793bac6d66,calib
9ad7cab42086b48c,calib
9b16ce7654fb8d1c,calib
9b43a21de5c54597,calib
9b4ec7fba74f01a1,calib
9b9f90fef742be32,calib
9bb12316aaffdb2d,calib
9bde28eabae52bac,calib
9be65e1362f634e6,calib
9bed640d4f2d9ffd,calib
9bf55e83250f335c,calib
9c03df9779eba9de,calib
9c2f64338a272f9a,calib
9c70002bfc7c6415,calib
9c701eddbe07874e,calib
9c703143ff1af2c8,calib
9c99cf3049435b5b,calib
9cc1696b4bb21c4e,calib
9ccfff97096c3623,calib
9cf3ccf77817e6af,calib
9d217a75280a6811,calib
9d41f4ff38fea37e,calib
9d5165f40c8d2bca,calib
9d5a8d3d5917c892,calib
9d68e81732e6d2d6,calib
9d8993d2584cbe80,calib
9d8a6ba15e99da39,calib
9d9611639a4efb15,calib
9dd37a0c3f17148e,calib
9df7ba70fb703a44,calib
9e042a652417c8fe,calib
9e2322d0e1c0654e,calib
9e3514357efd7ad4,calib
9e36153f1cc07b9c,calib
9e3697732d315979,calib
9e6dd1dd848eea62,calib
9e9d7931ae8b2593,calib
9ead0f0709586dab,calib
9eb0b0fdd367da6a,calib
9ebe0e02851e2cfc,calib
9ecb6a8207323cc5,calib
9ef1a09007ce564f,calib
9ef1cb34b2c29974,calib
9ef2acd6466a283b,calib
9f01eedf4a74d35c,calib
9f045e8c5d098e37,calib
9f1638a5017abf77,calib
9f3947dcdd336f44,calib
9f8310c0a52875c5,calib
9f9151560d1c86e5,calib
9f9e9f9355cbb03e,calib
9faa936076c31bf4,calib
9feb4d19f9e237fe,calib
a000ca55620ca953,calib
a004dd6a7a4f57e2,calib
a0250b3e18e0bd5a,calib
a026395aeb0a91a2,calib
a031eb22dc523da3,calib
a044cbbaf07ef486,calib
a05e212388a7dd92,calib
a05ea940bd8e2c8f,calib
a05ff5f8f297ca3b,calib
a06e1dd2a24e87a5,calib
a0763c2c49d64521,calib
a09a2a03671cdcb3,calib
a0a35669c2d74e7f,calib
a0b50bca10873517,calib
a0bc264feea68bd2,calib
a0ca5a7af4619109,calib
a0e9bbe9a3def237,calib
a0f9bff42195e212,calib
a102e7e13b14ccdf,calib
a125552cf51e5bb7,calib
a12765205899b88c,calib
a138ffd8c8ed5f58,calib
a1534226d9198a67,calib
a15db94a78c623f8,calib
a16aa544bc9ed1d6,calib
a1da5ac50fbfc4bf,calib
a1daa93ae6da52d4,calib
a1f5d88844ec6632,calib
a1ff00a918ee054d,calib
a2063cd76da6de62,calib
a21d874c62ea7910,calib
a220d7963bc0285b,calib
a2282d3afefc02ca,calib
a22ed675a663c1d9,calib
a25ff121bef56bf6,calib
a299bf6a8b0e47e5,calib
a2aac6180c1ca4d5,calib
a2c9b13dd3cf9001,calib
a2cf45ecaec71278,calib
a2f35b35b631c652,calib
a30d430fc4135b43,calib
a3a3cca7860e6ed9,calib
a3e7f927c94fa321,calib
a417d1602023787e,calib
a427e7861e87ec30,calib
a43c534c3ae615a2,calib
a4476c510a7754a1,calib
a44cdd792c367740,calib
a45a16426b205b45,calib
a45d93b55a873430,calib
a460239c05ba7599,calib
a462a7b2bb9927fd,calib
a488d23e016e7e0f,calib
a4cb8c277890cfc3,calib
a4e82d46331f1952,calib
a4f93c1ac3ac16f6,calib
a4fdc3fbcaf564b4,calib
a4fe1360a3dad58d,calib
a550bb014054b725,calib
a55192c3b09ed99a,calib
a567718d0446ef51,calib
a56af4e034ee9aaa,calib
a590b38a7bd3ae69,calib
a596b5b28253d013,calib
a5a1cbdd3f7a833a,calib
a5c704bd6b8562ff,calib
a5d78e24cd921f1e,calib
a6085e4e7fd1454b,calib
a629e2333c612e58,calib
a64833448217cb6b,calib
a64ae831a72c61eb,calib
a654f71eecb48b6f,calib
a658dd0b7935124b,calib
a662cdcff74e107a,calib
a66856f4bedbc4f6,calib
a67b3498261c260a,calib
a6a606fff2c73afe,calib
a6b64bd644e32697,calib
a6cb58589d2f742b,calib
a6d9c7c722d78f83,calib
a70c5f58d904e241,calib
a74c742c3599503c,calib
a75f30eedab69c33,calib
a761f9171a2180cb,calib
a77d7746cf8e517a,calib
a795f246e05135d4,calib
a7b9350829ff6c35,calib
a7d39e386a1c65d3,calib
a7f0dccbd32b74c3,calib
a7f71ccc86cd6abb,calib
a81018e3a9e3188e,calib
a816950d07c326a6,calib
a826fc4bc1dfdd16,calib
a83229e44216a821,calib
a836ea7259ab8c26,calib
a8395279f476279d,calib
a83f84c59db7e525,calib
a84c4dcd76470b19,calib
a859aa2190710f4a,calib
a86685e58d4c4871,calib
a86bd71e7b96aba9,calib
a880f8613ec5dbcd,calib
a8ddbc860f672c71,calib
a8e142b9cac746ef,calib
a8e2d800660b77d2,calib
a8ebb752f225327e,calib
a91cf751e12bf4f0,calib
a961d82491b96751,calib
a975106f525564ac,calib
a97ade1cda7f4272,calib
a98d728184fe70a9,calib
a9a6dd66556117d3,calib
a9a8d0402e9ddca2,calib
a9c16969103a7d6c,calib
a9c262153c903caa,calib
a9ed10a383e2a8d3,calib
aa2cef18cef3a947,calib
aa37d5115c2a4120,calib
aa4e9dccafd7bf6a,calib
aa4fe9a7110b462d,calib
aa5457aaa9796185,calib
aa647512071c5f6e,calib
aaec3509b3b15fe2,calib
ab10edcca3c63efa,calib
ab1887ac57524068,calib
ab23b65033fa729d,calib
ab9b7de9dcf309bf,calib
ac01dfc5c3f4e42f,calib
ac0ce973ec6d381d,calib
ac1c224c8533c601,calib
ac2bc13c5123d370,calib
ac42c9da518db02e,calib
acd57fe1cfd2d4ea,calib
aced7b12b6c9372f,calib
ad01cc8e7b5041b9,calib
ad1f602bcab4bad1,calib
ad78c0870007b24f,calib
ad9c44c44cdec074,calib
adf9f6564d4c2e92,calib
ae2865e31f8573bb,calib
ae2ad0e5f9cb7f8b,calib
ae68595d27db5318,calib
ae7ec276335055ca,calib
aea4a7d1c0b48dac,calib
aeb1d08b6aeac0bf,calib
aeba93fde2b690be,calib
aee41effa1a49cee,calib
aefd492ec25f7e5b,calib
aefd564ace08e8b6,calib
af018a22c27c205a,calib
af0468b973afcad2,calib
af165cc6bc696780,calib
af5a40c731e95a25,calib
af83c7e01b79a641,calib
af8e0954e042dd24,calib
af8e34556c5aac96,calib
afdf48e7cf31d080,calib
aff205c99ef7f381,calib
b067623dfe6c2825,calib
b067f26be1c0b1be,calib
b0a29cbbd7b34f17,calib
b0ac3e4ba447646e,calib
b0bd2d6bf979a3ee,calib
b0eb40d0e8e74c1c,calib
b1023cccd4d41d7f,calib
b12d3eaa61faccce,calib
b19329d6d7e78845,calib
b1dd19ed1cd066ee,calib
b2445e7647d6d44d,calib
b252f7e06706dbfa,calib
b290e1cf0f16d608,calib
b29dc1c587440a42,calib
b2a80e588ae4fb28,calib
b2c8b6f9fffaba86,calib
b2cf688c9ed8ed04,calib
b2d8c7451ad517e9,calib
b2df904f55683511,calib
b2e990a329b9da13,calib
b31a85f160273115,calib
b31d33f46a30731c,calib
b327519cc19200a1,calib
b3703cfebb98df18,calib
b37fbbd84a4aef13,calib
b3a8c90b31ea6981,calib
b3c976ed567873b8,calib
b3d235477ee3d91f,calib
b40ddcb30cc5ce78,calib
b417277bc5536f02,calib
b432d1e9b994decf,calib
b4575b96b2612877,calib
b481a8b640699478,calib
b491f9f737882e76,calib
b4a3f9f56f8c2ba9,calib
b4ac969df001d28e,calib
b4cb56cd3c966814,calib
b50143ad8b613906,calib
b502c6dd5dd1ccef,calib
b50f23585091cc42,calib
b5372521760450c7,calib
b53becd09f0df3c6,calib
b53c6be1b99421f7,calib
b56a30829152ed14,calib
b56e54ef9dca9991,calib
b572fcb9f41ff9ae,calib
b58400ce18177389,calib
b58648bc2781ad22,calib
b5891cf31c2b1e00,calib
b58e6ecdb166b3f6,calib
b591040728799bf8,calib
b5ba43caf0db5928,calib
b61afccc77f622d2,calib
b66d2e1c7644bd7e,calib
b66e0c486f3380b4,calib
b69e4436e97527ad,calib
b6ba2cea713423e3,calib
b6dda4d30e502a83,calib
b719b3e1b1ac6d8b,calib
b71c6a7fc207e66c,calib
b72e010a65c6f14c,calib
b735ea25901d9361,calib
b7aeaccbdc0b4ffa,calib
b7f5239c2531e3ae,calib
b809815b98bf1d6d,calib
b8b71da1d1772c08,calib
b8bdd2956aa90a17,calib
b8bfab92be1260d8,calib
b8bfcab3a4e36b36,calib
b9453660238f5500,calib
b94993663247065c,calib
b96f18872f66f43a,calib
b987b70103fa3d02,calib
b9bac59851b4b14e,calib
b9c701ba6b47da8f,calib
b9e8aeaf4d527b95,calib
ba198f73f5a3a82d,calib
ba3d70d27b64707c,calib
ba40bb7d1b713dfb,calib
ba53db0d71b8749d,calib
ba6464a4031acdf6,calib
ba7da49b05b32eaf,calib
baaa64634dc31682,calib
baab8760d7a9d52b,calib
bab9489b30f980ec,calib
bb1eb3f0d5257d5c,calib
bb1ed0101707305c,calib
bb461dce9e49ee8a,calib
bb46a183632d6e30,calib
bb5164a63a05a647,calib
bb52e3c27d2057f9,calib
bb6844251d23bb17,calib
bb6b55f4256ea8b7,calib
bb862d3b2214b609,calib
bb8916d8fbceba7c,calib
bbe5dfc9c11b6c7e,calib
bc2db4c6f93416e6,calib
bc7aa2cc0b202b7a,calib
bc7b61118507bf4f,calib
bc99cfa0bb707779,calib
bd1911535fa9e817,calib
bd2dbfb53f354346,calib
bd3e716d0636b231,calib
bd5a14320c82233d,calib
bd5b601aeef7ce22,calib
bd8e43159553dc42,calib
bdaa667d0d9e0f67,calib
bdb0435c8fb3e988,calib
bdd3a302a86bc995,calib
bddf9edcb2912c75,calib
be0a57758245b915,calib
be3a48cddbe4effa,calib
be51f95925020f10,calib
be5ed2c87b6730c7,calib
be5f01a50ceab167,calib
be64ed408a79033b,calib
be9093b67900c84a,calib
bed5f568121c4fe2,calib
bee1ca5a3383418d,calib
bee61c07ed9aedd6,calib
bf05e4b77d9098f9,calib
bf0ba123f1e764e6,calib
bf1bc6c60a5e0f28,calib
bf23b2cd7a4c8572,calib
bf325c909443f5aa,calib
bf41d3c3e2b3e357,calib
bf5b6e774ab258b0,calib
bf990f7f54dc1cf3,calib
c044bfeb7cb7c157,calib
c048395c497f0476,calib
c04da3f7fdb1420f,calib
c053afd1188d5c80,calib
c067522751ae22ab,calib
c07e0903e49797b5,calib
c08a19b6eb7d837b,calib
c08dd2be06dc0bce,calib
c0a5fddadcd70087,calib
c0aff5eaf94a8ee0,calib
c1139eb97dfd0e47,calib
c122e7e4edf118d3,calib
c19f2ceb18775c18,calib
c1beca8349a8d866,calib
c1dadd683466b18f,calib
c1e23ce6af66fa0e,calib
c1e5f6dce863a2fc,calib
c1ed78b9799d044d,calib
c21eaf49298e58d9,calib
c22ee711da8ceb97,calib
c233619b3c53ee20,calib
c2577413321b7155,calib
c26b6020882caa46,calib
c27acda9ed0fde0d,calib
c28d1c9496e9c320,calib
c2c526ec40deb3ee,calib
c2d57db4cc3d81eb,calib
c2dfd8c34389978c,calib
c2ec884ef95cc6d8,calib
c31102fdf5572f7d,calib
c337b667cb2a7b20,calib
c3658de5294c4219,calib
c37d1b3059bd390a,calib
c3816f5d663ffe22,calib
c381c0fe99f03062,calib
c395e49de0c7b239,calib
c3a43373b7418a92,calib
c3a43f645a296c12,calib
c3dd6ae9d6fd4999,calib
c3f7290a58c21bd5,calib
c40ac7cf367ab765,calib
c44ac335496c1e63,calib
c4d074f14dbe1315,calib
c4d59c95deea1eba,calib
c50dddccc3682410,calib
c52c68994e40419f,calib
c54a04e3b02f0f9e,calib
c5565a30b6754abb,calib
c572205e15ba8bbe,calib
c59334b8a88daee4,calib
c5951529e09a4933,calib
c5aca594e074144e,calib
c5ca89f33b12096c,calib
c5e573cb98654260,calib
c5f8e4211a8fbf2d,calib
c62604d3b1f0401a,calib
c65130a030a7c0e9,calib
c676a131d1427e34,calib
c67c87d38962ff63,calib
c682d9f0bee1268e,calib
c69370be516904a3,calib
c699163d7e3eecb5,calib
c6ab87322034d3bc,calib
c6c097391b0b71b0,calib
c701fab6a46ab49e,calib
c702509e35d367cf,calib
c71c661a87192a6c,calib
c7269f04382fdf3c,calib
c745248a24c2f363,calib
c746a05b28a7bd11,calib
c7d856a5afb145f3,calib
c7dce97c8d09b6bb,calib
c80f1a1c4c1b49f9,calib
c818cfd138a8fa8e,calib
c81f3c6fed822b6e,calib
c837493073a1d57c,calib
c83eef11d6afe5e5,calib
c8483195f9ce28d7,calib
c879669a794d089b,calib
c88bb14d300aa124,calib
c89e359cbf8a10bf,calib
c8a054eb62e30c1b,calib
c8bd850124acf749,calib
c8d6471745e2493b,calib
c8da45dc8c4690a6,calib
c8dacf7ac684416a,calib
c8de0c02a5c94802,calib
c8fae54932d21961,calib
c8ffe1b74ef98ce5,calib
c912439967ba8a35,calib
c91c6d547f38bb7f,calib
c92f97af73e6086d,calib
c9310ec893fad597,calib
c96f8cd7ea2a6da7,calib
c974c2d1fb8639e1,calib
c9a0b3f3f4d08913,calib
c9bc0fb667de29e6,calib
c9c70092a460548a,calib
c9d032d3d23d35ec,calib
c9ed9ba3b4699a9d,calib
c9f47b0e452d41cc,calib
ca10ce063ee7bb20,calib
ca63230ee46d2754,calib
ca76ab1132875aa5,calib
ca8c1e25e9c5321c,calib
cab82888560602e4,calib
cac42d775d3a5216,calib
cadc6359bf813e78,calib
caea196fb6c6dd17,calib
caff2a404ad0a347,calib
cb09ef22f602a54f,calib
cb3c5d1c36474e7e,calib
cb5643252e22a27c,calib
cb6ec993ec4e3d76,calib
cb8120df57240d45,calib
cba8fb8093dbd365,calib
cbcaabab940a0807,calib
cbcddc68265590b7,calib
cbf9e1de672dc547,calib
cc0ccff5d19a0909,calib
cc3215a94b1e2330,calib
cc340681b4230a3e,calib
cc8158fb61d14f8e,calib
cc91bae77fef96f8,calib
cd380582be2c17b5,calib
cd3ac924757bc291,calib
cd47d3221af14e14,calib
cd4fd8e6f38c4e46,calib
cd5e36865f5167b8,calib
cd8b838847e265f3,calib
cda0e35919a9b8dc,calib
cda6b03b94661175,calib
cdba176431b04dec,calib
ce1da281b50d7bde,calib
ce24fcba5798d8cd,calib
ce43e0b65dbea462,calib
ce635891eff84820,calib
ce6f33da64b20634,calib
ce8794834a4fc486,calib
cead770f9c30dd1c,calib
ceaf423a7de1ed78,calib
cebacb3cd1cc7574,calib
cec5459bccad6002,calib
cee1dc716829f541,calib
cf1e6c8f66fd7b0d,calib
cf22c8114da6b9a4,calib
cf388b9bb919d7da,calib
cf7eb8931744b9dc,calib
cfc95fe27327f5bb,calib
cfec4426ac63ad85,calib
d00247f2b6591939,calib
d0131714fc9f8024,calib
d0247cb9feb252cd,calib
d03106050bfb9406,calib
d0af7a55db92821c,calib
d0e139597e5eb9a6,calib
d123644091ab1cc1,calib
d148b69958ed682d,calib
d16ccab1690fc639,calib
d182de43f1a2ba0b,calib
d18423e357b4192c,calib
d18eb4d8da2c50c3,calib
d1a048a1c61e9036,calib
d1b3454617f8f8fd,calib
d1b56f2b46a6913f,calib
d1d75f950c73fe72,calib
d1dcce3886d36ff3,calib
d1f7d2ff144b84cf,calib
d20cb3ddcfd61755,calib
d21eab7ad40790f5,calib
d22f86fbafa1de01,calib
d233761233880c06,calib
d24f6f708b5cbb49,calib
d27528870f9da07d,calib
d280678fb8b1408c,calib
d2864dc61c04d30a,calib
d2bfb94d5161457e,calib
d2e8ee711a5710e2,calib
d2ec6a20666d9bac,calib
d3188c2f191c7513,calib
d318c1ad60ff273e,calib
d34a608a2c974c37,calib
d34d0e16627d2d2a,calib
d362e98c4f3cdd91,calib
d3746cf539460ce0,calib
d3817941e63c48f6,calib
d3a86ff124309a1d,calib
d3e722b76748c1b2,calib
d3f5daadcadaaf5a,calib
d454df38fbb19ece,calib
d4b48e3a7a66b8fd,calib
d4bf587dc971b682,calib
d4e303b64aa7abc8,calib
d4f9e6069e77138b,calib
d56170fffd4957aa,calib
d58a1b8fbeb27af2,calib
d5a9bbafa6aa05b5,calib
d5cddfe71ba35687,calib
d5dc6f8e0e087347,calib
d5dd950647f5c4f4,calib
d5fb868927aa54a8,calib
d6015cd8111f873b,calib
d60a1de68cf593c1,calib
d60c0522ded74d97,calib
d60d3dd4db43237d,calib
d614ac4670d2036a,calib
d66ef52389aafbf4,calib
d67e6066e17cf9ee,calib
d6caae9bc7220c3c,calib
d6e4791e42c863d2,calib
d6eb551312da8738,calib
d6f0e3300381f0c0,calib
d71d03b9164a8c20,calib
d7367a5d6ebd043d,calib
d75d9634de4ebc2f,calib
d75f7cd9fd0bc374,calib
d77f67652683e6e0,calib
d789ec2db56890f2,calib
d7a33426c5d1ae34,calib
d7cd57d95025878f,calib
d7de69a49d60504b,calib
d81a2307e2c62c87,calib
d82b1af97add71ca,calib
d82b992fb67c3fee,calib
d82d1a7fb23ceaed,calib
d83989f2e045e89e,calib
d8742bee94a7c13a,calib
d906b8c3769121c0,calib
d97a65c17bbf9eaa,calib
d98fff3aa969f11d,calib
d9b7c5b86d96aead,calib
d9c88a75034c2380,calib
d9d22c4c85464275,calib
d9dc380d901aa6ac,calib
d9dd6be270a97aad,calib
da049eb60abac87a,calib
da0c38ff8f5b023b,calib
da23dd4ec844b301,calib
da55e997e00504e0,calib
da6138e2482454c6,calib
da76ff05269bc556,calib
daa135071129a4c3,calib
dae87aca17d18bd6,calib
daf72204b4b4d9df,calib
db078c4179dd95a5,calib
db16c693e14ec85d,calib
db18907a53cc04a2,calib
db26844c4f1d05de,calib
db2b837c3c174c8a,calib
db304617e49b2f36,calib
db3ce2e7380eae61,calib
db4af9896d7b846b,calib
db4f9baa7e394536,calib
db7ee13cec4c2d21,calib
db8b2d0431bb1f2a,calib
dbbc66b9c4b726e6,calib
dbc0a75770b0f248,calib
dbdf721a6a15d250,calib
dbe2f311c6e3b53f,calib
dc1bbfc7f6e46dcc,calib
dc2a44c9387f8cfb,calib
dc3e6852b4a739c7,calib
dc41d6b0fe497757,calib
dc4ad881ce24f6b7,calib
dc59b86ea0e1bc5f,calib
dcaa5d089165a1f8,calib
dcb36ea8faa80e7c,calib
dcbc582eb3b3420f,calib
dcfa93f042eeee35,calib
ddd6559a45948be5,calib
dddca40d4c761f15,calib
dde1c9e52ba90aa9,calib
ddec32f03a784393,calib
ddefc5db5943e1f7,calib
de404f78ea5596e5,calib
de553bef8c18ec2b,calib
de5cb0f39c51cd07,calib
de6d26888f19ae4d,calib
de7d89f967037429,calib
de81e5daef7667f3,calib
de8dc0a3a3114427,calib
decb62d7c3be23b3,calib
decbca3e78f2079e,calib
def70da70c5b5d4f,calib
df674a0866fe22a9,calib
df700372c64f0e48,calib
df7b52e81eb413d9,calib
df7ccfddad24b94c,calib
df8c122640e5daa9,calib
df9a2951092e2a62,calib
e002cdf4f2beb20d,calib
e00688eaeea662c2,calib
e016b3d856b88615,calib
e01faa91323774c7,calib
e02eb1430562db9f,calib
e052193d796746b9,calib
e09322da3c646e8c,calib
e0e0b571ac4e2301,calib
e0f3127cd297d7e1,calib
e0f4785126cbedae,calib
e10d01b6e80b593f,calib
e115d0982deeb309,calib
e13189d6176a4a92,calib
e16b14c9bfe515b5,calib
e172f0e0098bb6e2,calib
e17f79de4873e04a,calib
e18e1fb7f39a097c,calib
e19f44ad2bdfa67b,calib
e1a9446b2d967e8b,calib
e1bb04fdc28f51a1,calib
e1bcb3b9b09c2713,calib
e1e9861648fb5424,calib
e214bef1f937bd0a,calib
e263f68a9965f1b3,calib
e277ae01a323d644,calib
e2c7bcf66e902982,calib
e2eac50b0b41de56,calib
e2fb26731d3ff92a,calib
e314b3f3a748479b,calib
e33f2c4894eb31da,calib
e38db4bd8927f105,calib
e38e264fdcd65cfd,calib
e39728afbe59e99f,calib
e3a7cf45e55807f9,calib
e3b11e16b6d8e35d,calib
e3c0b9077a97dec8,calib
e3d67b3aa386e818,calib
e3f056e975c2cf4c,calib
e3f5426653ed681e,calib
e409e479921b8308,calib
e4288f55041112b8,calib
e450cfbb9c9cfcf7,calib
e45bb2ad56423ca8,calib
e4676c5645f54699,calib
e46b025255dbb3ec,calib
e49207b91c5e8a24,calib
e49d0710a072640c,calib
e49e4d88132f5167,calib
e4adadd60f09b881,calib
e4d13af590be20fe,calib
e4f3b0a5cc9ebee7,calib
e50b78f11ed632b0,calib
e5269f106a2f8871,calib
e5297aa6a8f4a1a0,calib
e540a7c6d16b35dd,calib
e571d151a333bc15,calib
e59ee120ffe06237,calib
e5d940be38818414,calib
e5d966af6c9e31f2,calib
e5de0cf9415abcf2,calib
e5ec44af7a11bb8c,calib
e63b91ce78e3580b,calib
e6478751a084185c,calib
e64b1644eaf8aa24,calib
e6606780c4629a07,calib
e672621397c8c924,calib
e67de197b0e19f1f,calib
e680646a647ff1c9,calib
e6b38969b6d30127,calib
e6c4ebdc2ef189e5,calib
e6cba0f00fc7475f,calib
e6dfdaad00832aae,calib
e74dede6d4c427d2,calib
e765be84a02e0ac7,calib
e76dcb751a6aded5,calib
e78acb2fdbc39e74,calib
e79c37d8d8599a4a,calib
e7b82d77272325e3,calib
e7e814981c81e61b,calib
e7fac74aa99b38df,calib
e83a582bffddd175,calib
e8682ffccecff52f,calib
e869c755379b5d6a,calib
e873a99c2456d649,calib
e88128d6e5bad700,calib
e887125d81d5addc,calib
e8dfbf1cca4c86a2,calib
e8fbfe559a790afb,calib
e8fe7538e6472b6e,calib
e917ea896dba8dd6,calib
e9331d7c6cb6192b,calib
e9355782e9d7dd7c,calib
e96777ee5c315818,calib
e9757e6262806b0c,calib
e975c40c4289c288,calib
e9a1fdeb312c0861,calib
e9a2163bfb42fef2,calib
e9d4db557e454f58,calib
e9dbdf533f152ae1,calib
e9f008a976845cc5,calib
ea2582bebe86cca3,calib
ea4ca0bd7f268eea,calib
ea537f98dbe1e65a,calib
ea80ef1b17be7a11,calib
ea9373b0cb4b3541,calib
eacf7290adb6d0fc,calib
eadd47c072d1cf5d,calib
eb0162fa2d49ad80,calib
eb163b395f40aa83,calib
eb1b64f8905a7940,calib
eb600bda4d47f386,calib
eb73404d4c174d80,calib
eb781a1626693106,calib
eb9a41fed3cc7e95,calib
ebaa34a8616247fe,calib
ebaaff6c67c47e44,calib
ebb6e99d305c8919,calib
ebe2660563d4c288,calib
ebe8084605fd7be7,calib
ebecad4d4f1408c2,calib
ebf46b882fe97d5f,calib
ec2ee5034203470e,calib
ec31c787f01f0444,calib
ec9738f43a170529,calib
eca5075ce2bf5822,calib
ecb3fe1bb3ca56cd,calib
ecb7ce6e87b578e1,calib
ecd065bffa8d6c67,calib
ecde7c101c615c3d,calib
ed394c0fb50ff4bc,calib
ed41ceaf7a83e2b1,calib
ed480a9ec6e8a10b,calib
ed49d7e997bc28d6,calib
ed88e975e7c19dfb,calib
eda3c7b2c07532b9,calib
eda3ef43129e119c,calib
edd28981dd206902,calib
edfe276d1edf80b0,calib
ee1c0f857ef0c265,calib
ee32164a4d102aa7,calib
ee54fdceb9432846,calib
ee891fa43e5bcf6e,calib
ee967b4b4c9dc7a0,calib
eeaa64abcca68192,calib
eec08f3ac151aa93,calib
eec247f8310daa3a,calib
ef093e82d1e07521,calib
ef25c0952e0e013f,calib
ef505f4cc09d8281,calib
ef6e809a411fe9d4,calib
efe022e22a552af5,calib
f01392ffdb46a5a9,calib
f01c7319a16dead9,calib
f05c0f10fc8254c4,calib
f07f6acd3072c547,calib
f082f6e67ef10839,calib
f08663cac0f3c9f4,calib
f08895f6893ce0fe,calib
f0a03ba873ca4282,calib
f0b38d2472cf34ef,calib
f0e3ba6b1ab93f7f,calib
f0ffc8afec263f12,calib
f1086dca1af14dde,calib
f1479264155d6f57,calib
f152c9c1ffca22db,calib
f1638d66f20c97bf,calib
f16a34b8207ecbaa,calib
f18e10e5b130094c,calib
f18f52df94c87bfd,calib
f19946d1a3097deb,calib
f19cbb5b46551e82,calib
f1a25b10ce9f9193,calib
f1aa7b01aa26fdf4,calib
f1ed92d924abd976,calib
f22b0da505b109d9,calib
f23ff55817b35935,calib
f2449d8650bc2b2b,calib
f2476c63f3e5b9e6,calib
f25d650fee3ca8c3,calib
f2787e4ae57fec06,calib
f298225b1df95d22,calib
f2a8f8606f0b2e16,calib
f2c530cafd5c62e7,calib
f31456cb0794aa16,calib
f324ff138a7ded22,calib
f33c3e829cb3544c,calib
f34bc23fc297d502,calib
f35599612d78ef9c,calib
f3889b63efeafaeb,calib
f38bf2e294608598,calib
f3bf6b31c443acb6,calib
f3da145a16529783,calib
f431a14d2d828ca2,calib
f4337e8051054b46,calib
f43d93f26cb587c5,calib
f49833683668fa9b,calib
f4a295b997b30f07,calib
f4a7b7b5fb96bfd5,calib
f4b7043b3877b99f,calib
f4cd312896737cba,calib
f4ddd3f8e4f9dae7,calib
f4e8be14b8fbec42,calib
f50d10690bfd22b1,calib
f525a5abac284fd1,calib
f55fb3d45e23fc53,calib
f57bf7ad517a9935,calib
f5ad6c35210ee83e,calib
f5ff7cd706622420,calib
f60551fde76d83bb,calib
f6123cf9383dc725,calib
f6594557f29cbe94,calib
f65f56532a552b57,calib
f66e7fbc20b1d598,calib
f68585e7f64def3f,calib
f6a3eb682942063e,calib
f6a86701f21acac5,calib
f6afe74f6d4f6963,calib
f6cce66e0e7d686d,calib
f71c7c1da47ee6b8,calib
f72d328bfb239ce7,calib
f740c13dfacfeb17,calib
f7511e9838b2bc2c,calib
f78ddb34cb213168,calib
f7be9c3ed6935683,calib
f7cc4145f5b7c9c8,calib
f7cdf1ebc400d5e4,calib
f7d6d16f4bf0dc6e,calib
f8002a9a498db573,calib
f803855809b4d1e2,calib
f80cc0a590ce26fe,calib
f86aa0dd47fc868e,calib
f87284ea3d9224e2,calib
f88a6f987e83e896,calib
f88ff510252b7175,calib
f8af9c9f275099a8,calib
f8dfbba76cbf5106,calib
f8ef4733db8bb30c,calib
f91d152f4f035e35,calib
f92c1fbb8bb0549a,calib
f97471f87f4a5c3d,calib
f99b367e7d579a3e,calib
f9a1bc8aaa7e90e0,calib
f9cf12b44e4c1275,calib
fa71fee1739987fd,calib
faabda417229afe7,calib
fabcf110159aeaf6,calib
fae1f37c8602758e,calib
faf51095dd31089c,calib
fb474497d7c3c281,calib
fb66232536837cb7,calib
fb68881f264e405a,calib
fb69e166896708fb,calib
fb995dfb3cd55712,calib
fba0aae58a5ed31b,calib
fbe2a3a6c8809c60,calib
fbfc9a702cd06290,calib
fbff20437472818d,calib
fc2128996c257cda,calib
fc311029d5ee720b,calib
fc57f0a8c9dc7dcb,calib
fc5921de2c3eba31,calib
fc66e61c873f321c,calib
fc684af9ce35aa64,calib
fc6c609d709613ba,calib
fcf477c4c8a9daf3,calib
fd056926551bea02,calib
fd404c84c816d24e,calib
fd44ee8989b13832,calib
fd463e972fb102f7,calib
fd5655cdb2675ccf,calib
fd9e3c89c3b931c8,calib
fdc9b65da492d612,calib
fde5ce57902685bd,calib
fdedecc62be3185d,calib
fdef4ed422139cb9,calib
fe31892fa4439c8e,calib
fe52cea43feefc42,calib
fe66229e67147c3e,calib
fe7acf9af4f67f82,calib
fe9372f54166a29d,calib
feac5bc4552c836b,calib
febbcbd7d3abedf1,calib
fecb732c49c71335,calib
fee37aebed6182f7,calib
fef3c2316f041248,calib
ff12c0bbc3af0158,calib
ff4958056c0e96c2,calib
ff5c704ee5d5f2c3,calib
ff7ee5eaf620c046,calib
ff9a5f7124ffb503,calib
ffb58d96300000fa,calib
ffbd36b2a7dc725e,calib
0036981ffac218b7,calib
007057207f0f12aa,calib
00e42d985d078285,calib
00fcb496563cf3c3,calib
0120c81c20837d0a,calib
0134bd529ac4a951,calib
0174c757650f83da,calib
01766ba538f660b6,calib
0179b5096413cbf5,calib
0202454b4106987c,calib
020e31f03b34169e,calib
021dc842c4e1ab8f,calib
023f9a25a7c0d6e4,calib
02ced8b68a48cfec,calib
030fe8dbd36c92c1,calib
03117d563a1083a7,calib
0322cfb713247d22,calib
032837e6ed8bb003,calib
0370084287833724,calib
037dccb713f79433,calib
039527764bad730a,calib
03b8380f1c1df5a0,calib
03c02a429a8a27eb,calib
04005c8c895ea76f,calib
0401793cb4110bf3,calib
0414a15a66754348,calib
0433cc16d2472992,calib
046cd0d9a05ebe89,calib
0490d6849282a206,calib
04d738dfac6bcceb,calib
04e1f5a37943f161,calib
051dfb61e84b72f7,calib
05a0f101aed25ce4,calib
05a5029cb75572f2,calib
05ec3860ef2709bf,calib
05f102206201bb1e,calib
0640d70c609cba6d,calib
0645dffc14ac3e12,calib
06ad55812519c19f,calib
075a85c8b411f568,calib
07828f77ea6eef4c,calib
079c959a184fceff,calib
07a93e1876bf4646,calib
08291a89ab49e8af,calib
0833fdc9c4fc6e7c,calib
08463126a158e882,calib
0849c65c7cb3f581,calib
08746680ef07a6b8,calib
087551d1c5baa485,calib
0880590630669d94,calib
08d554fd162a2783,calib
090073d19a2f2dd4,calib
090f9cc48fee55f9,calib
091e04fde2634f8d,calib
097e1079e4ce26ad,calib
099ae98e80f6713b,calib
09e8b5165e756391,calib
0a028f22b83371ca,calib
0a629c81406c801e,calib
0a63550a10c23f07,calib
0a7a2eb6a2fdad3d,calib
0a9a091a5f55de92,calib
0af130d43a6a21f5,calib
0b02724ce06fb439,calib
0b1afdcb915852e5,calib
0b42792a772a322b,calib
0b58830a490a0e1e,calib
0b5afdff950a70fe,calib
0b76f6f888e44551,calib
0be5441022de6d20,calib
0bf2003028b8d87d,calib
0c13ce13a23b5341,calib
0c306fa7ac93daa6,calib
0c6f24b4a955d6fb,calib
0c976b6dded82489,calib
0cf67c675459bcf7,calib
0d44511ebc85c28b,calib
0d5a3722d7fbc01d,calib
0e2136d77b8fe60e,calib
0e70dabcdd4d321c,calib
0e93590990c01635,calib
0e95b177371841c0,calib
0f24eb6301a941ff,calib
0fbc4de672f8eb00,calib
0fc1f21056cc274f,calib
0fee0663107e283f,calib
0ff7af3f287df61b,calib
0ffd18f6d7d11f9d,calib
10023fb165461c9a,calib
1035cd8156d6b000,calib
113c57bbbdf57aa6,calib
1188ea9f43480ac1,calib
1198f48e03d630d6,calib
120b82be118d46e5,calib
121a37dc45f19664,calib
12b56db868ca8974,calib
12ff7c0db22e5c1b,calib
137719856639e801,calib
138dea4ef07b4e6d,calib
139b903f981cf4ed,calib
13ac491b91b1d7aa,calib
13e005be714b17ef,calib
13e687b191b6e17f,calib
14270a871dd51bc7,calib
1489564d9cef51f8,calib
1492109137277880,calib
14a5ed4d322ff639,calib
14a87fd6682b75eb,calib
15355b3fa3e201cd,calib
157ac0badb997ed3,calib
15ad3de96f2cb593,calib
15d280c11ea2ece4,calib
15e56a3a623ca2c5,calib
15eeee5d18032fb4,calib
1602ad9f1df0d8d7,calib
160fe6c5838d3c22,calib
1611b9986bba46ab,calib
16183bfb720f11fc,calib
16bd95010b11a7ef,calib
16f740ee63e59ed0,calib
17359f940f219872,calib
17b6bbda09afcbca,calib
17eea4d4a49d630e,calib
1806b7e2c0638c2e,calib
1852cfedddbc1a44,calib
186e374732c7f246,calib
188f5ddf13d73f65,calib
18a0be54ad9a9ed2,calib
1937fba241e694ca,calib
197f023cfeae999e,calib
1994e29d65e7b2b8,calib
19a45bed3f9e11db,calib
19b7d2958628882b,calib
19cb1a382c6e6dc0,calib
1a3fee9071ecfc79,calib
1a81f9dbc0ccb618,calib
1ab8ffb4d6fbf29c,calib
1abeb387fade119b,calib
1b1d6ef135720116,calib
1bb5b9c4aae26f07,calib
1bb6fac0d8139d47,calib
1bbb13ec1f8e70b2,calib
1c8a07ecf507a069,calib
1caf1279cefd858a,calib
1cb244e32759a294,calib
1cf9756715ee09de,calib
1cfcd176d69b981b,calib
1d03ad405962ab99,calib
1d6a66e778b4c142,calib
1daceef071efd1d7,calib
1dd2a59e5f737f6b,calib
1e02e88a2fdd9555,calib
1e115b1129b51982,calib
1e7f92a17078a4f3,calib
1f1f10356c87b1d4,calib
1f9f0680a17d675c,calib
200a3abf57933705,calib
2054c88ed18497c6,calib
20c1b0ea9da1e838,calib
20e8e902e8f6c7a9,calib
212bd979cd267e74,calib
21372600fb1a3f2e,calib
2196b235e119257e,calib
21a915758527291a,calib
21d37946af3f94f0,calib
21f86c0b063ff461,calib
22650db2371e4b3a,calib
228681960559da01,calib
22a7e1cee44eeb1f,calib
22da2e5195543c34,calib
22fcc2aaec768677,calib
22fd29bf5e7d0fc6,calib
22fd5d8b7c7fbe79,calib
231caaeaaea5cebf,calib
234eecd6b5a8d159,calib
23846d26e9e2ec31,calib
23ee03f47ed86a47,calib
2456f7ab1fbcb059,calib
248e0b632f51d804,calib
24e1a60ae8e9df3c,calib
25237c628b67ca99,calib
255b04deb11cc61b,calib
256e65fbae59acdf,calib
258678fb548b3ddc,calib
25bb41c8c43551d4,calib
25bba004f6a08582,calib
261f23c90ea671cf,calib
26668e69822bae6c,calib
26dc26505f25bb16,calib
2750abe7e64ea66f,calib
27a3ca679f969a57,calib
28233894767a43b8,calib
286483774d708d69,calib
289381e94200d8d7,calib
28d86f31cb1af354,calib
28d8b3751b969751,calib
28ee930905c53ab9,calib
29236fd9f0ccd41e,calib
2926a79070c8b34d,calib
292af0a5743b242b,calib
29490dd23f46cc0e,calib
2952234c703e5660,calib
2965a250132a8a5f,calib
29b0f340b671c49f,calib
29e28089f33254b5,calib
2a1f0a97f992fc91,calib
2a77616fa4ddedb0,calib
2aaa68518274dc52,calib
2abb55742c041669,calib
2ad16c6dc38701b8,calib
2b00ade5f0045964,calib
2b25a4129425e10b,calib
2b4cf1ebbd553876,calib
2b7d6133a34e2bec,calib
2bacdda02004e440,calib
2bc8fe6ad18e2c4f,calib
2bdaa01a3731aa02,calib
2c32b15082b750f7,calib
2c47b0214a018b6b,calib
2c51b7c1149f949f,calib
2cb447af15e5911c,calib
2cc4d35ef38cbacf,calib
2cdd3d2da2809a3a,calib
2d0ec73bba8a43b3,calib
2d20fdfb92c94379,calib
2d8fee11beaf9484,calib
2e80e14159c3aa1d,calib
2e8bde1555781e0a,calib
2e8d843809f2603b,calib
2eb9b9528221980a,calib
2ecb990ce5ecc7c1,calib
2f220f8764cbdf87,calib
2f3fef007eb1019b,calib
2fc9e16c96117421,calib
302308be20b78a10,calib
302cf8978c684425,calib
30ac65c72d82e0f3,calib
3109ad890e0c6b50,calib
315d5067b7c3445e,calib
3163dbf09b8e02c5,calib
31662c328df6e309,calib
31e6e1054a31dac1,calib
3225f43f54866ee4,calib
323e0c05d626a4ba,calib
32c0b67d0851a548,calib
32f9a0142172e3ec,calib
3307933708f819ed,calib
331ec3355e06085d,calib
332fae2279c30e1e,calib
336d5569b1b2e6b0,calib
336e0ee80776a611,calib
33834d8a0068e928,calib
33862b8578123e95,calib
33ba627a102cf3d7,calib
33f8e7c2af750418,calib
34751a1eb441c319,calib
34d0f96698119a6f,calib
3515c4274c3df069,calib
3544a60edce8e96a,calib
354ee8d80088e6b8,calib
359f303c7222bae3,calib
35ae5e2f510fef16,calib
35b1b05b8251490b,calib
35db9305b6763fac,calib
3615bffdf5e79585,calib
3632fe1945308221,calib
363549b828311815,calib
363d767169bc5e7c,calib
3643233245af0095,calib
366b0d2c3c801573,calib
36a67c3b7d4039b3,calib
36ac8f8fdaa337b8,calib
371eacbfcaeb21b8,calib
379c3f3ee2311384,calib
37baa4f70e1a7038,calib
38433d026410b401,calib
384acb575d6df468,calib
38ad37125cd06f88,calib
393513dc7403bf92,calib
39abacbc6e1e20dd,calib
39eb79029eb095d7,calib
3a5bc6f224621ac2,calib
3a6e3518e24c4f17,calib
3a7d0e421f18b8f2,calib
3abe9d083e789892,calib
3acd55514ec16595,calib
3b0f208324fdb605,calib
3b1ec090935d6c08,calib
3b7c245687b60905,calib
3b7c27bb6946f7c6,calib
3b8cc76ba9488b65,calib
3ba8e75978ec5da4,calib
3ba9d1f1b8283f90,calib
3bfcbf0907270d93,calib
3c243ac173057299,calib
3c678904070f6be5,calib
3ca6497a95a2bacc,calib
3cef98a1e75999f6,calib
3cfa4311aba95dcb,calib
3d11b301e4738ece,calib
3d5e6b0989c317ed,calib
3d913f5935186474,calib
3d9f90599818ee68,calib
3da02aa79ace8302,calib
3dbcdcdd3f87b356,calib
3e10c89a72924f50,calib
3e36365bf2c4321a,calib
3e91604f7ea084b7,calib
3eaa075d7197b051,calib
3ec1708311d392e1,calib
3eea6f84fa0df82c,calib
3efa6bc33efa6091,calib
3f0920780ddfde5f,calib
3f24d243f78ec488,calib
3f544b01be4df177,calib
3f8fa07ad8b12da1,calib
3fee95132b0ed2c3,calib
3ff339e167406180,calib
407a4773affdbed2,calib
40b81fb36ebd0b03,calib
40bb268128b56f2a,calib
40cda3c0973886c8,calib
410bbc2afe8ea7be,calib
412919ee3f71437b,calib
4135e8c0a2120f9b,calib
4159051d35afe6fe,calib
416084392387aa9a,calib
4188550155c62991,calib
41a93f656a6dc71c,calib
421b3e28660f7c65,calib
428916d9045f4fb7,calib
428d4541f8057be7,calib
42dad41e9c1821f5,calib
42e9c98ca79e5203,calib
432527d668377a39,calib
432f7d35454624e4,calib
43794e2898f53cda,calib
438f47d30dd414a4,calib
44124fff0034c43c,calib
44a51a3808e35d7b,calib
450e6d6325614fd8,calib
45422cd49444dfee,calib
45439482e57ff330,calib
455866a25a8acc8c,calib
45801eb54a7389a2,calib
459114af3d07d1d3,calib
45911d3db08c5302,calib
45b8b372cd91ae65,calib
45be8e065c354bc1,calib
46196f73de81d49b,calib
461bd4ec0a826561,calib
463207d1b06e6f5e,calib
46326a80f13c77ad,calib
46755f03857005c8,calib
46d2578f48a7bd63,calib
470ef3bb494f828e,calib
4711859be08cb00d,calib
475f12fe615a8439,calib
476810b27e94354e,calib
48075b6ef3817258,calib
4828b1f638906c60,calib
4862e6d395b6ab24,calib
48668fab9ba5a3fe,calib
48d40a3c14ae2123,calib
48d7af4b17a136b1,calib
49c0ceeceed4badb,calib
49fc83aff5076cd4,calib
4a872a58753bb607,calib
4a92ade40fa4dbd2,calib
4a9d416ef19aa2f7,calib
4aa8d8856c444375,calib
4aba39ff203e22cb,calib
4b3b9413272be8ad,calib
4b3d554fd844e9c1,calib
4b59f31bf539fa08,calib
4b863a17b39bcfc4,calib
4bae4849bd67402d,calib
4c7df94ca6accf96,calib
4c8bbcf5f069f58d,calib
4c9951944572f91d,calib
4cad4250434c526d,calib
4ce9898bf254da82,calib
4cffab94cd4d126f,calib
4d0afd0a6eeafc87,calib
4d9ec71966a5d553,calib
4dbc6d67eea026f1,calib
4e235a9949eb2603,calib
4e3d4f98de8e3e3b,calib
4e5e3085aab49391,calib
4ecc8dbc160611c3,calib
4ede7648a0d978cc,calib
4eefa3dbb3571e86,calib
4f0cef51f9c7c6ed,calib
4f1da96919a50898,calib
4f4aed9185e9de78,calib
4f80cd4d527c8342,calib
4fe5b22ba5b2783f,calib
4ffeddbbbfae95fa,calib
504850a25b0f8e63,calib
50836c19c9c7bfe8,calib
50d71788e226a993,calib
5124ac994ea01273,calib
517644c2e785c040,calib
517a8be0ed79ff28,calib
51bf2edd78b01588,calib
51c4730f143172f9,calib
5212ee844351b0b4,calib
52a8127bfb737f68,calib
5330a16629f932cf,calib
53d77e561c4a7c74,calib
53f30a20baad9724,calib
5414305efa190f62,calib
5416ee06b4750bb2,calib
5424291f433212b7,calib
5456a97b67d1c3ee,calib
548960fbfe8c1e3a,calib
54b8af07f3b66ced,calib
54e0005eca397ebb,calib
55267f3691d11077,calib
5563ef9f87ef1aea,calib
559975f544b8ed03,calib
55a1691d0e36df42,calib
55c1c1a812e412ee,calib
55d447f111f0f28c,calib
55fdcb86753ca401,calib
563f707d7a385f34,calib
5685d039b03968fa,calib
56a367637c970675,calib
56e391ff69eef168,calib
56e649583496104c,calib
577b0a423923d9a8,calib
57d364bbaee1e0c3,calib
57dce98fdb0dae8b,calib
57f2bdf146fc710e,calib
580270e5f06087da,calib
58a0dce5fab378e5,calib
58a83f5f09e9eb8f,calib
58f3325f9c423710,calib
59686f4da4b21b59,calib
59963180cb6d50db,calib
59a1d933dc594361,calib
59b8dc8dc2e166e5,calib
59d0f1251b462acc,calib
5a15528c49397960,calib
5a35bcfcd40830fe,calib
5a557c98cb9f533e,calib
5aadf90b8b4d510d,calib
5ab216da5bb87407,calib
5aca63344e4ab19a,calib
5ae4f13e61f0f1c2,calib
5b2d19e45690bbd3,calib
5b3255a04a3c3eff,calib
5b9213a92bc6a407,calib
5bae3749d28dae47,calib
5bb08eb9982a49a8,calib
5bc8f72dd88e05b5,calib
5bd3ffa53b8ff86a,calib
5c3645b259665560,calib
5ca9cf70984403c3,calib
5cbac96fce0f0f72,calib
5cc498d24497d157,calib
5cceb1e322b6a2e6,calib
5ce2d681266d67f7,calib
5ce601a9c8e3212c,calib
5d196bbd53fa8b5c,calib
5d4509f96b24a479,calib
5d841f4426fbd969,calib
5d87c62e9bc33877,calib
5da26f28e71125d8,calib
5ddc89a0977c9c8a,calib
5e1d40586df046cd,calib
5e22624c8321dfa4,calib
5eae46b6e87b85ac,calib
5f22347f97586e77,calib
5f6fd655e1b1256b,calib
5fc6ddca895f2437,calib
5fdd2ead3b47c608,calib
5ff8b4c48fa8f0fe,calib
6002121b76d9cac0,calib
6018ed93bcf93dd8,calib
6028a731e2b28655,calib
603caffe7cb3cec2,calib
60748beb54649cf5,calib
608b9a545db03824,calib
60a5ff5e275f4b8f,calib
613a692f9afb89ae,calib
61d9225e5451f704,calib
61f7800510fef0ff,calib
62579a1104ab24e2,calib
62823153af822ce5,calib
6289f647e78bff6b,calib
6372752b03730557,calib
63e29a7b4d93a531,calib
63fa6ac1a39324be,calib
64112ca667a8c85d,calib
6413640ffdba7e88,calib
64603e0baa731557,calib
64a2ae92b6acff3d,calib
64e5c2115bd29300,calib
64e7ef327f841e86,calib
652c2a2d3fd35b6d,calib
6549383c90547b06,calib
658764bcd247f8da,calib
65b5c1886778584b,calib
669c23ffbcea005f,calib
6704e3a28a72cab6,calib
671fdd70d5ade2b3,calib
67455032b51e55c0,calib
6773504314ac270d,calib
6776a5a571e37a79,calib
6778a9a5bdc9c547,calib
6788b4faf55aea51,calib
6798012c278e6f58,calib
67a8aaa361064b00,calib
67f720015ec2f325,calib
6810559053b9ce30,calib
683e524e975fd299,calib
687b26c4dc8093e9,calib
687bf4f30f9b3e69,calib
6881de350f123759,calib
68edd8ffeba7143c,calib
691438b1c63283d5,calib
69418a181e5a7944,calib
6955d91e68c77f57,calib
69972fd7271de024,calib
69a4f804285217ea,calib
6a9eb57a1494f576,calib
6ac6ae3cef6c177d,calib
6ad5070ec718b065,calib
6afc2eeb693b5256,calib
6b56c80376951c46,calib
6b691becf1818663,calib
6b744d3e100572fb,calib
6b7c5fe18cc6f855,calib
6bab2186aded28d7,calib
6c24517232240f40,calib
6c388db7f5042da4,calib
6c3ad773ef88ff62,calib
6c8c5dbf3b062361,calib
6c9c85def97c6763,calib
6cb75e4d19bd7d23,calib
6ce8a7dcc504dfe2,calib
6cecda491b1b4eff,calib
6d2b688bd55aa6ce,calib
6d480730311b667e,calib
6da531660dab3ccf,calib
6dde853d2b68d40a,calib
6e5296b3d74c754a,calib
6e79d25955923cf8,calib
6eab3cd99a30a8c1,calib
6ec141915026022b,calib
6f06a65a0d9d7f53,calib
6f49b8c4e4f6304c,calib
6f72888dcfaf8ddd,calib
6f92fb675ba34f4e,calib
6faf3c60ef6327e1,calib
6fb2bf5cbcb25c24,calib
6fbef9bcf9af627f,calib
700094c4b4d57700,calib
70d8fee5ca0b4c3c,calib
70e664bbadf93c6c,calib
712b4816afdc5c5a,calib
714a41f4b8e0619c,calib
7199842ebd42403c,calib
728fb81be6a6c3f9,calib
72996e57f5719635,calib
72c1c4024dccaf16,calib
72ccfaa7136c2d3b,calib
72e9d17978fb96b8,calib
731c6e28ac7b58b3,calib
73249d5ee10c9702,calib
73452fc718a01993,calib
735114cb4dd74ac7,calib
7386b704ae69cf12,calib
73c4230b3c854095,calib
74090f450187fd30,calib
7439ef4406c4d4cd,calib
74ae7e90edb99470,calib
74ca0f703df4ca31,calib
753e3ce3aa414853,calib
75408f712e81eb9f,calib
7652369427d11d9c,calib
766a1ea6a282f4d1,calib
768c3fc0255a1420,calib
76b2030e292ff1c5,calib
777e5134e4b4bf43,calib
77bbe6218122871d,calib
77bdb82a40e82fcb,calib
77da73514a4b431d,calib
7850df084cb26b4d,calib
78c7600be30a7898,calib
79381cf5f3d6c63b,calib
79fa999bd924c909,calib
7a0069b0e3ced552,calib
7aaff5a6a0703f8e,calib
7b1c2f8a6f11cfc8,calib
7b3d18857df782cf,calib
7b446577e8c9cc79,calib
7bd324dc21eb5e54,calib
7c4a84a451aa4cfb,calib
7ca258763632f02f,calib
7ca72b5b9c688e9e,calib
7d2211ad3da7de07,calib
7d3ac2ee0a28ae9e,calib
7d6a3927879ce440,calib
7d726516362ed167,calib
7db4caad8e9ac971,calib
7dcabadbeaec340b,calib
7df7d0edb35f5819,calib
7e54bb56fd0263ac,calib
7eaece3fd1f4574b,calib
7f0c49fdc2486a76,calib
7f1ed3a971c5ad0a,calib
7f7e0be485eba396,calib
7fa8c731847af1df,calib
7fb9c255de7c78af,calib
7fdc007664c0fc0b,calib
802ef16f4131c895,calib
80786edd96a76c94,calib
80cfdafa681d2980,calib
80f277fe0665113e,calib
81266917318e9aa9,calib
814d6c83d1fcfed0,calib
81f29c543a6ee75b,calib
81f8f59ac9642087,calib
828ce2f5d6918831,calib
82c05d005dbe7990,calib
82ccfcb0d58aa485,calib
82ec582d034064a4,calib
82edb4ac26508939,calib
83518a9819206348,calib
838625767b4ebdd9,calib
83873bcfb5bd6652,calib
83e94ec6bbe902f1,calib
844b5907c7719a79,calib
84762cadc7db6e4d,calib
84b0a78bb34b7287,calib
84dbada113a03830,calib
84ea2fb8f198a2da,calib
84ef69dc49e6eb19,calib
853cbd1a2da6dbb4,calib
8548330ebdaf4f19,calib
85b10af4e1a80e7b,calib
85c40a8c14bedcf2,calib
85ccd1443176d868,calib
87071a0187e8d5f7,calib
8737fc90d7f1362d,calib
875a8850467094d9,calib
8777dd09d679972f,calib
87893a3604e76c0c,calib
8790a991fbe1c956,calib
87a0963193163e03,calib
87acbae2bd7e9456,calib
87c84bb66b53e8d2,calib
87c8c11176125952,calib
87e2e21f232817f3,calib
87f1e36f6214a965,calib
87f332d5c2ce1213,calib
88437cedcbe953fa,calib
88d45136d55ad1de,calib
895d643e0b5b9abe,calib
89c2220518777400,calib
8a6646383a77f62f,calib
8a6dc59cb8846d5f,calib
8a8223fc72839c2c,calib
8a9f4719002e757f,calib
8b01fc2261069507,calib
8b638c13b43230a3,calib
8b9e7742584939e0,calib
8b9effc4fd9cddc2,calib
8ba280fcff148b80,calib
8bc0a95841e5d110,calib
8c0384fe3020aabc,calib
8c0b7c3fc13e8a42,calib
8c0e3ce012307201,calib
8c118e83d581b9ec,calib
8c97fc33dc81da95,calib
8cd982f18ece7be4,calib
8ceea52948207cbb,calib
8d5cf453b46c05c9,calib
8d6aa900d3071848,calib
8d9981920c00ce03,calib
8dab9ba7884958d1,calib
8dd76e6632038c2a,calib
8ddf1ff668208f0d,calib
8de2189721016b75,calib
8debecffa13249dd,calib
8dfae542cd2c27bd,calib
8e05ca57a6368dfa,calib
8e5132f0914e7cbf,calib
8ece1256fd5bc959,calib
8ee61c5de8798a2a,calib
8f29c5bd8edb84e4,calib
8f5e739917dfeb5d,calib
8f6019778b08c1e5,calib
8f664f4b5bda385e,calib
8f9ebd84f5111e1e,calib
8fba73ad3c2aa162,calib
9026b08f734f193d,calib
904394d0fdd191d9,calib
90ab461fb6a4be88,calib
90f3c31843830182,calib
90f56e6f54934bfc,calib
911a9dc270aab34f,calib
911c2b513a7f974e,calib
9163addf74e05027,calib
91ef6c8031173a5b,calib
9257268275d0d137,calib
9257a6a399eb0600,calib
928059acb8be58fd,calib
92f71277634f281c,calib
9300886c774a7f20,calib
932c66cc4e5b2ab1,calib
932c9b4604c1054a,calib
933c3d007abdd480,calib
93c3e54775de029c,calib
93e24c1fec3135d3,calib
93e5b76c3c16a996,calib
941386326c78d394,calib
944dbcbd5fd7d26d,calib
949ae584dff66c69,calib
94a97394c7aff0b0,calib
94cbb2e49ed8e446,calib
94da0af353e91b52,calib
956434ff27e4b93e,calib
9570feda327053d4,calib
95988a7ba3b01181,calib
959d3852d3a9d787,calib
9626488a703291cf,calib
962f7b4a1d968a90,calib
963006d4d7414108,calib
967689f8507260a2,calib
968af3295c9f4474,calib
96aef0ff323d4307,calib
96b1e319124e7b5e,calib
96b3393aba860130,calib
97a5d08553a152fb,calib
98146908bcbadc3c,calib
98523b49bb247a61,calib
98789dd88f62ae2d,calib
99307522628e5bb2,calib
9a1a786c986c4e94,calib
9ab4541b84878658,calib
9ab8c38a63281aa0,calib
9ac5bdba774bf0d3,calib
9b234d5ef1c22e2e,calib
9b99c1601b5eca16,calib
9ba6846503f9c0bb,calib
9bb373a88aa8a309,calib
9c07c8818a91f11b,calib
9cb268a7585e61cf,calib
9cb79e38264a9d3b,calib
9cfa83128673d5d9,calib
9d3dd53844fb20dc,calib
9d531c45e7698b95,calib
9d91cfcb0d21d3d4,calib
9dfcba9a12b2901b,calib
9e8ab9113450250d,calib
9e8d3e2d46ef86a0,calib
9e946f9808bad04c,calib
9f5f3aad5f738620,calib
9f82e3681e79002e,calib
9f96301626137b3a,calib
9ff06ec7f43d4e2e,calib
a01a170d4df05eaa,calib
a08000735331cad1,calib
a12329aed2a936a6,calib
a127365b3e2bc658,calib
a136310430300967,calib
a2111b1263781e2d,calib
a226925e6446da09,calib
a22baa5b6fcde4c8,calib
a257db73a4c672e5,calib
a27bf33b60455257,calib
a2c5f26655ee411b,calib
a32cb5536a89b9d0,calib
a35a748e813792ca,calib
a3a7bd962f7c3751,calib
a41b9de1573e7174,calib
a473c9eb52e4fc9a,calib
a48c132a08fb628d,calib
a49ed30c7ef24b4d,calib
a4ad0e05287d36fc,calib
a4bad3607c4253a9,calib
a4cd0cf66a02c85f,calib
a4dfbc44deba1856,calib
a513d75c857f1287,calib
a53b295915e5d331,calib
a550f524aa7d51df,calib
a55418df72700b0f,calib
a586a74254037b79,calib
a58c948e67418b88,calib
a5e1e2ea7fd3e8fe,calib
a6238bdd0d4aaf8d,calib
a626359d23f560f6,calib
a6395033eea5550b,calib
a64ef0885a2bcf0e,calib
a65790350f5145bb,calib
a65a5fa8daf87e98,calib
a65bd707f3b830cf,calib
a6e834dfb913a3af,calib
a71561a0f844bd30,calib
a74f46b98ec364f9,calib
a7afb550a64a6340,calib
a7f9e76a9ea57b78,calib
a8161e1ed40f3f49,calib
a821191f3c8ef46e,calib
a8547cbe20b40cd4,calib
a864822d4befe87b,calib
a882c2f635da85c2,calib
a89d931ed9cbc2d7,calib
a8e2d931c229a82e,calib
a9493d2fb50bb04b,calib
a9d848d439d18868,calib
a9f49660ae916f0a,calib
aa47b54d152a432e,calib
aa6e2fedddbf2f9c,calib
aa6e9a073b05e362,calib
aab90b54a06dde85,calib
aabb67f3349f80ca,calib
aabe6e8ab05194a4,calib
aac2665b5d8101c2,calib
abdb52924a55f773,calib
abeb9dfd484bba5a,calib
ac169ae5a797b22a,calib
ac1f48cb99743968,calib
ac8248aa37a8a504,calib
aca02cf12bb318af,calib
aca0866cee8e07ec,calib
ad161d0ae829f834,calib
ad1f469c8e7f107d,calib
ad1f6d63f3461e5d,calib
ad41e3f6edbd20a9,calib
ad43a34332b1edce,calib
ad931f0531f6f6fe,calib
adcc48ccbcd1b1b5,calib
ade1cdba65f277e0,calib
ae39222797374dbb,calib
ae3ee1239ec1c5b4,calib
aea4fec951b55fa4,calib
aec9283c4b0a8fc2,calib
aecf3f843e1519ac,calib
af503bf4fb030b9f,calib
af8bf15ea6859ea7,calib
afb51a0ea103b808,calib
afe3abf2b7c6c915,calib
b011687c4279ffec,calib
b017aa3c96e7f70b,calib
b091ecddae1654ff,calib
b0bd93d4bdc4b705,calib
b0d089e36de26bfa,calib
b0d3431780c2888b,calib
b1b3f70e28f41bbd,calib
b1b5467dcc293b2a,calib
b1e1a90ae581bc7c,calib
b2871783c8b1e25d,calib
b2a703748c4d79fa,calib
b2d7c107fdcb95fa,calib
b3103761ea765c54,calib
b382b01bbc547388,calib
b49febfe2f8544f0,calib
b4c8250690aa6629,calib
b4e9507b422f080a,calib
b53f422fad0c036c,calib
b6136ea9ea26e323,calib
b61aab6414b36041,calib
b65dcfeecc70312f,calib
b6768a6ab0ac1ba0,calib
b76b92ff2a54586b,calib
b7dd6c835696f63f,calib
b7dfa54caff7c93d,calib
b80e139b9b5e3d54,calib
b87e277fc8bd0dc7,calib
b8a9f2ce1a97c122,calib
b8d785abb21a467c,calib
b8ece63598b5c0a8,calib
b9090419fcc09c8e,calib
b94159deb1cef2a6,calib
b9a4a9e87851c67a,calib
b9f5b1622d9000a1,calib
ba2e52eb5cf2e01d,calib
ba3f0149bb9e9e3e,calib
ba5f8c8f09730ecf,calib
ba8f2a922d1023f6,calib
ba9e9c3ace435c7c,calib
baefc3db7b8b4ffe,calib
bb3e4d1a42272d6a,calib
bb41b0991ccfe459,calib
bba6123f31534bab,calib
bc322dbf1c3ab6d1,calib
bca387b88ca18523,calib
bd077012f5d1b796,calib
bd24a3650d583478,calib
bd3544aa9193d4c0,calib
bd696253479084cb,calib
bd783a00947fad17,calib
bdba45e716b3a170,calib
bdc9a1b2b3b09d21,calib
bdd5bd1215f25be9,calib
be4c7dd8f0c95d86,calib
be674fa6190e582f,calib
be6d68f3ebba8605,calib
beb4618f2d08033b,calib
bf10fa56923a3020,calib
bf170cac04e6df1f,calib
bf1b38857ee50ed9,calib
bf2d9103e49b0bd7,calib
bf49f6ff3fb4d766,calib
bf8f6b703589a5e6,calib
bff0170910823ba8,calib
bff4342ac9d1d2a3,calib
c000bce5b3f5b94e,calib
c03c358865946828,calib
c087189cba8fd310,calib
c08d9c87876b53df,calib
c09e50ce81021d6c,calib
c0c1b6c1e5edcd7c,calib
c0ef9180a23104fa,calib
c1260b688da3ddeb,calib
c14a8feb6ba6a01c,calib
c15f6883503608b7,calib
c1876164537e8520,calib
c188e575616b0b72,calib
c1aaea37ad64ebc5,calib
c1c05fc1b9c4185c,calib
c1cab18ce004c89f,calib
c1d68c82fb613f3b,calib
c20607da6b1b520b,calib
c2111caf40b70f7b,calib
c275726bd547d4c9,calib
c2951d90823a6aee,calib
c29b2ebf2412ec05,calib
c29cbe448f1e932a,calib
c2e3f599bfaa34ce,calib
c34744ce291c16e5,calib
c34e80ea89637589,calib
c36b119da401071a,calib
c37819d5652089a0,calib
c3d8e5b6e7281168,calib
c3e4c95e9c6c61fa,calib
c3f24e0b3691767e,calib
c3ff1d19c5c3e5fd,calib
c455ac4bd3287d6f,calib
c500371bceae8f30,calib
c528786fa43b1933,calib
c56a2c5d8cf68e80,calib
c5a8f0c989766902,calib
c5ac25942a6dd1d5,calib
c5d22bfeba95044c,calib
c5f516cb27cd21d7,calib
c65eb4ff42805dcb,calib
c6dd083e29b0fea2,calib
c72a6d04be59d4ab,calib
c7474cb6d357cd0c,calib
c74ce73d534ea15a,calib
c752f50d9edb6780,calib
c768db394f841a8e,calib
c7c73db33ae0e302,calib
c7d28dddad087b21,calib
c7f4389b46e0e989,calib
c81e356928315250,calib
c8492cff9ddf1543,calib
c8608313cf2a108c,calib
c8665bbe1d38e194,calib
c86a8721e3a79259,calib
c86e6ecc8340b2de,calib
c8ba6e45435bff32,calib
c8c05a89901d77ec,calib
c8cb250919c1f854,calib
c8f438449ca1f2b8,calib
c94e704cc3c43030,calib
c95c3cb86b99b16f,calib
c9969666a1bbf9e4,calib
c9b533558f2dea98,calib
ca3520abd6383622,calib
cb67480380f18ea4,calib
cbc79c09af7c0d9c,calib
cbd0ee612891d477,calib
cc147d63f02fcee4,calib
cc2501a302311a15,calib
cc3274c80c1aed26,calib
cc5a5e68ef66e7f3,calib
ccd94e794ede7309,calib
cd047b2fed4cc122,calib
cd618fa54e2da21d,calib
cd98abf3ec6ed4ef,calib
cd9e58fe35746a81,calib
ce1c6a7f409fea43,calib
ce2527c81ae75c2c,calib
ce3e6eace205f05f,calib
ce5cb802c113c215,calib
ce8fe690af29ea8b,calib
ce95003cecc9f762,calib
cef3402abc659cc3,calib
cf2448a2bc665f1f,calib
cf4849004061c197,calib
cf5645d7d212e40a,calib
cf56c5262787f828,calib
cf5d224c6973f523,calib
cfb2929f29a7bfe4,calib
cfc15755ef07b1e0,calib
cffaeec716cce491,calib
cffdbaf543a0c93c,calib
d0071812de74fe48,calib
d08826b76eb0abbd,calib
d08a206143469d18,calib
d1045ad8d2b7a22f,calib
d1156aad766cb785,calib
d1c51717bc06daea,calib
d1d3a287a80223e4,calib
d228b15788e0ec6e,calib
d2799bd8ed3b9072,calib
d2c36483853bf62d,calib
d2d96f6433b46dde,calib
d3612e559b3185cc,calib
d36d9c9309c0f756,calib
d38321513cb1b032,calib
d3d1fa45bdd704e3,calib
d4183c5ab0a34b59,calib
d4470745b95350fd,calib
d46467e88160f1c0,calib
d48cbb4414c0f731,calib
d4913f35d8cfa6d8,calib
d4aad6faa4e20cb4,calib
d4ab6848690985b4,calib
d4dc571558fad82c,calib
d4ebb334e95d1fb8,calib
d4fc74e54a9df572,calib
d50ed2c9f45ff553,calib
d58681dc39270372,calib
d5a801c6ed0a88b6,calib
d5c70fd59daa41c7,calib
d5cd6c3f382e8153,calib
d5d25087013b4994,calib
d5ef9dff36ac058f,calib
d6cb8964064be8ac,calib
d6cd794768a4207f,calib
d6df13bfabbe1453,calib
d70b5965dd842b71,calib
d70fa1ca3020f49e,calib
d75b55287ea0f2e0,calib
d7804c33c284db9d,calib
d7d48a99a0cf0bf3,calib
d7f738a6d13656a6,calib
d8b4134348ff1bce,calib
d90ba90d0d195060,calib
d944390f5bd78de8,calib
d94c6aee358f3810,calib
d9bc44c343b868b8,calib
da2fb7a16e2efa16,calib
da67f2e4e75b5ae8,calib
da776e1501abd1cd,calib
da8b4951ee7f4f03,calib
dae6b47ae538295d,calib
db06ff4fd5a8d789,calib
db21e06d8fe03540,calib
db81d2fc959b2981,calib
dbdc96137b810da9,calib
dc069d5dc70f6987,calib
dc86cf34b60bfac3,calib
dd4c2206298426cc,calib
ddc7da87f683df0e,calib
de55c12c3b604a84,calib
de5df897c45a0113,calib
de6439e83edf6a17,calib
de84cc4d413debb3,calib
de9ec47ed4813481,calib
decf372b0b3bfb10,calib
df1db02e7d929cdb,calib
df2498af1b21a344,calib
df31834441282631,calib
df6e62b31f3764cb,calib
e00605dcc1b049f1,calib
e02054d3ada0900a,calib
e020d853bfd03950,calib
e0693d91a2ec949a,calib
e087a79b8bc598b4,calib
e090a5cf08a70878,calib
e0c374cd012eb7a8,calib
e0d34377c093ce3b,calib
e1b1d1e3297aa3e8,calib
e1b826a1e1ebcced,calib
e1f4f9eb91cf8e6f,calib
e1f8f5d90341cdcd,calib
e21e809f40a76588,calib
e2201b21f5265185,calib
e29f5ebdfe58bb7e,calib
e2a8bec5f2987776,calib
e2f43c523269066d,calib
e315902bac8cc028,calib
e32c87bb8b0306a2,calib
e3804cdc9c737313,calib
e3942033d4303153,calib
e4015740a61e33b2,calib
e4355fd4a43bee6f,calib
e435e9938aa14471,calib
e460635afb06c267,calib
e47d703f1264d1ec,calib
e49e7b82b7f5f9f5,calib
e4e9b76a9d528967,calib
e4faa859521e7401,calib
e5692000759916c3,calib
e576fc8742c26238,calib
e59f635c7b5358e4,calib
e5dde3f52fa8e865,calib
e624dd996147667d,calib
e651c7d7c51fb066,calib
e652ac70a1149dca,calib
e6a579d858ec61f9,calib
e6fd83b1c5bbe030,calib
e723d6bfe9efba40,calib
e755434f92594967,calib
e77de032dc717c76,calib
e79d97cb33c097e0,calib
e79ff6c59902fe97,calib
e7d60936471603f2,calib
e7faf6ee193ea4e1,calib
e7fb175e29c426ab,calib
e8480e13a8664a38,calib
e84f27d4f37200ac,calib
e85c49d21e3d905a,calib
e8c2a2e4cb3e0841,calib
e8d36edb32ce04fa,calib
e8dba93260396a61,calib
e8f01ac31b5bc0fc,calib
e8f0974043ebca30,calib
e8f84cceb59921ae,calib
e93c28c09d46050d,calib
e95b6ece26731481,calib
e95dab452daf7f74,calib
e9936c8245ca90ca,calib
e9a5645f8a818826,calib
e9af7f6a2c6ae3ad,calib
e9da055864f188e6,calib
e9da6215ced61fda,calib
ea0e87f9c8480671,calib
ea1c1c77d368f0ec,calib
ea3598ad06431410,calib
ea7791f2e33228d1,calib
ea8008d63dad2794,calib
ea804037b09579ac,calib
ea9030db61992525,calib
ea9a3b7b07ef68cf,calib
eaae9c08a456ee3f,calib
eac34fb8c8813b9e,calib
eadd11b1d2ed642c,calib
eae444d046d83b13,calib
eb70aa77259dbb58,calib
ebe8073cc17e0c7f,calib
ec7324292349f124,calib
ec8f8bf952a391f6,calib
eca1a14c28e1077e,calib
ed60a33ca553f649,calib
ed64d530a34aa973,calib
ed6b590850216a16,calib
ede913560974d342,calib
edfc1170f8bee021,calib
ee3cc3e12021c943,calib
ee4896e6f170131a,calib
ee9026310dcda14b,calib
eeebe1afd1b4b3a5,calib
ef0ad9e1923e2fb9,calib
ef5416d4f9a82dd9,calib
ef5879ac3826a024,calib
efe7577a50aab38b,calib
f05ec91a921498f8,calib
f06348e1f365e2ba,calib
f06eaadcd2740aa0,calib
f0907f35ba7ca33e,calib
f0d5faccd4681c60,calib
f0f95b82a4cc5f8a,calib
f1338abc4a725cb3,calib
f144b4682bdad1dc,calib
f177ba38b957c9ab,calib
f181c04a8a82aab7,calib
f18b8c00e061681a,calib
f22335207366754c,calib
f259ba599efcd512,calib
f27a097f1de53fd2,calib
f2aa4af39bf3e679,calib
f2b3b0202c1c0591,calib
f2c6f81c46124998,calib
f333637dcf8d5ba7,calib
f33f15ac6b1b2f60,calib
f345fd85de468550,calib
f37b2f0e69ac682c,calib
f42933c4004b8755,calib
f438859cd2a71983,calib
f44519fc4a180f7b,calib
f4646e219327e572,calib
f471fa5375cfd371,calib
f475a32d68dd5a65,calib
f48203731123a6e9,calib
f4856842250a18d2,calib
f4a77645a89fa1a1,calib
f4beb3eb28a6b57c,calib
f52afe04566acfdc,calib
f54631cf2e7c96dc,calib
f57adc73c6199b80,calib
f6115b55332a2ec3,calib
f6c78fdc87232fde,calib
f6cb392c5bc53f0d,calib
f6d21bb57faa4ba7,calib
f6ead5e338f28540,calib
f6f58b267657c09b,calib
f730d28ac7ded29a,calib
f73b1c0afc714bf7,calib
f7667db29796a662,calib
f76f03cf1258173a,calib
f76fc233986dfc5d,calib
f775e7841e63a8f5,calib
f7d206c90310aff5,calib
f7d20881422f5a58,calib
f7d96f07205f17e5,calib
f7effeb7a7682925,calib
f7f5b4b674fad3ab,calib
f82bae18b1db05f5,calib
f84c73ec147f7db7,calib
f87528ea8e4c06cd,calib
f8872b9d5a12c773,calib
f88ff6702f942dbb,calib
f8c04ac0564c8870,calib
f8ddaa709be79e54,calib
f8e083b1af35499d,calib
f8e1d64a5d6af0a8,calib
fa06c917522288a5,calib
fa23f4b712508b6b,calib
fa7ec5dd32398d1b,calib
fac64eb36acf1391,calib
fad68818114ba08c,calib
fb2cde3ac4e84536,calib
fb376946b4b9f2f1,calib
fc063dcfd9dc9d9b,calib
fc1e6931941e2a62,calib
fc2e44bcd355b44d,calib
fc52010965a5cfdb,calib
fc650f7dd89b9328,calib
fc6cf5eaa02371f0,calib
fc9eaee8b7592727,calib
fd3e30a7ac1da8fb,calib
fd616e0f464f9952,calib
fda2f2eb0e1698a8,calib
fe620f55dbbd043b,calib
fea62888f0d0377b,calib
feb12578b20d67cf,calib
ff3504e38b0aa677,calib
ff42eb3512994b3a,calib
ffa0b75062e14a5b,calib
ffa54a83cecf88d7,calib
0049d8b85c2d426d,calib
00573ffe33bc386f,calib
0085aa529984ebeb,calib
00914b049236760e,calib
00b4fb897de56d6d,calib
00d267e501a4a064,calib
00f33e1915a72826,calib
0131bc64ac08a912,calib
021e7d91b436de59,calib
02d56f72a2efa387,calib
03624861525a962c,calib
03fe77c85411f329,calib
04e8e9ffb73672a4,calib
04e9e4c4b0376157,calib
050fff5fb8ab0df2,calib
052c08728e200abe,calib
05f5fecc53f786c7,calib
06ff79bbc5dfdddf,calib
0748ba3b9b620a75,calib
08a238dec59c1ee7,calib
09c5774b2b073eeb,calib
0a2fcc8fe351e1a3,calib
0c57a20fa180144b,calib
0c6f3dc75e767463,calib
0ce290b5c8c3ab55,calib
0e45ba8000806461,calib
0e49d03e609e5108,calib
0f47238f3b26963b,calib
0f518bd3f0dd648d,calib
0f8be0b449d5ddaa,calib
0fa4d887e69484ad,calib
0ff790dad769782d,calib
11768f5481c934fa,calib
137de31216db3124,calib
138a949b26ff398f,calib
13a02f838a5e112e,calib
14a9664f21b5d79f,calib
15f089219a19477f,calib
16004a1a195b68a5,calib
1664ba9a7eb0eaa9,calib
167a456e622069a8,calib
169e2ea5271667ff,calib
17d89b35f96b6fe3,calib
18db523b359263aa,calib
190ca26331760485,calib
1941b761f63e7572,calib
196825229bedfcd1,calib
1ae63cdf585dffd3,calib
1cb89846ef644c16,calib
1ccc3de9ca6c2c7e,calib
1d08d41bb68d02bd,calib
1deacd6375148c82,calib
1e44ec016675c9a8,calib
1f3b590c33a4edc9,calib
1f81cfe5e4b5a54e,calib
1fc0fd1bee6ccf92,calib
1fc4148e79975b15,calib
1fde0f4b54ec60ee,calib
1ff16ee248ec9980,calib
2048f8c67e2380fd,calib
2086aca11c1ebc0d,calib
217448b4ef797b8b,calib
22213ae9a233a111,calib
225da12e5ea5d1f2,calib
2472b7f41bc6cc72,calib
24e49a492f3d7d32,calib
24f1433295ddaead,calib
262a483722bbd478,calib
278c624f1ce71cfb,calib
296e279ed6c9c8d9,calib
2a4a8e6efa55ba18,calib
2a8cf3def7188fa3,calib
2c1808c5f94d95e1,calib
2cd1489cb5023ae1,calib
2fcf74acc5b7a773,calib
307fd8bd98517da6,calib
334f4fc6b73db56a,calib
3384f2e53eac2f95,calib
33884c22eb2f6e07,calib
344bcc960789df04,calib
3467332d454460ea,calib
3488ee3718fc9c7d,calib
387174da23f8f02c,calib
38cb25462f688e10,calib
38e5d13397d7255f,calib
39935fd9a98a3c29,calib
39f6a726de67ebbd,calib
39f783096c4628e9,calib
3a157b0c47b55b23,calib
3b347eae7d348dd2,calib
3b8794511d047812,calib
3bb6374437bb65e3,calib
3bb7f91dd0f0e12e,calib
40132075f4d53b3a,calib
40a19a4258e34c36,calib
40d2770efc53c99f,calib
40ea60c5bcf3ed92,calib
40f6538525f2c36a,calib
438a08181e6c1f21,calib
43f61f4563671b71,calib
4500b3e276883a1f,calib
45bab2cbbfe68674,calib
46767a6c9d349a00,calib
47cf25a86ba2dc49,calib
47df0cc86fba1dd5,calib
482bb9bad4fd908b,calib
487465df258f57e3,calib
49918d4309a899de,calib
4a0af910cf35ac35,calib
4a22bea6f5ac3857,calib
4a939d98dd5176a4,calib
4ace743f9b1363ab,calib
4b45fb6f173bb173,calib
4b8d8810bb4a9f7a,calib
4bdb8d0d246bc257,calib
4d21038a165a7925,calib
4ea409a23967f694,calib
4ef2da8ee996b7d9,calib
512782c73bf30b53,calib
5190f1f9efd46c51,calib
51dc914dfa3fecc5,calib
5229e6162798b361,calib
53c3cb3c10a56b77,calib
53d3df1cbec3d238,calib
53e1c0527bd133aa,calib
53ed1722b1b5a27d,calib
54ba3413c3f67a11,calib
54e280d05b2710d7,calib
573f80324d6e4bd6,calib
5c7d6dfa3f99244b,calib
5c81bafb9bee2b8e,calib
5ca198d5ef2e3428,calib
5db9890ef92a44fb,calib
5ddd33f7d1dfff64,calib
5e5598b8f01f12fb,calib
5e9db9a0ffb450e2,calib
5eb7bb36f870d2b9,calib
60fd2b9400fff7e6,calib
610be5fcadd4f4c6,calib
612db36568a67c25,calib
61deb008af212cbf,calib
625fed37ed740b93,calib
636365babb46dab8,calib
639e833360047bd9,calib
64b522f259a882dd,calib
653cbbe5093d3a44,calib
65689043b972e019,calib
668c1d036939e62b,calib
672b27581e2de1d9,calib
6740af1fc5fbcdd3,calib
68ea4c5c49153e79,calib
6939eeaf5ebf9781,calib
6999afa599b271db,calib
6a49bce87b48214e,calib
6a7024dc585e022d,calib
6abd88039678f2c3,calib
6b13539feedac7c4,calib
6b4a4b21fd295733,calib
6bfd9b7a88fbdec0,calib
6d914a2dbc3ed69b,calib
6ec08c5d99bbbc21,calib
6f59b69860faab46,calib
6fb1a8b336e56e6b,calib
703d73f402e14ea8,calib
71be3c945c8016bb,calib
73544b026019a50c,calib
73cd7335b087623f,calib
745f8b6657fdba82,calib
7510b9a63c6ee16b,calib
758eb613f266a760,calib
75cfd0cd1a6148d3,calib
764e4fdf9c8b5456,calib
76b69cdd92e2443c,calib
76d9e349c2f62b19,calib
77893ae9991d9ca9,calib
778a364964ecd66b,calib
780a5d2ce0042001,calib
7a2bd3c96e3270b6,calib
7b07a47744cb0080,calib
7b298b893f79d245,calib
7e3645ab72b9f8eb,calib
7e3d918bb89a2d79,calib
7eed3d90e35abc84,calib
7eee25318856c621,calib
7ef40dcaa3d9d190,calib
81bf80d0e9c94a85,calib
8209ea5df072e8c2,calib
83cebb39bc4851b9,calib
84eab63c33f45bde,calib
854c8f9607d22e0d,calib
85b95257fcdb42ee,calib
85fa61fa33ec45c8,calib
8718fc60921548f3,calib
87f9605aee84a6a6,calib
8870d7f56fd4908f,calib
88997831b36cc7bb,calib
890389d86e8ac04c,calib
8988b8e6b7956cec,calib
8a7c2b56606e8768,calib
8b6039272f9d1360,calib
8bb329c7c9a4de93,calib
8c4d8fbd8c11ec22,calib
8ca182df0e1f7c1f,calib
8d5c2f94aece31ab,calib
8ea92b6c4e793098,calib
8f2d5e7cb1686e5e,calib
8f312dd01a6ae7e0,calib
8f581401d05023b1,calib
8fe76ebaffc1f232,calib
924d752aa707f26d,calib
92c7d131e2f24bdd,calib
93901ddc5819c0ba,calib
942e7174913b67e2,calib
948807da80b5e231,calib
953b7d4631042ae8,calib
978a0179b9a0cea6,calib
98267a32d6b34c8b,calib
98c2a55ca9e12185,calib
98db6b0ef6354c96,calib
99a11e0bb537157a,calib
9bed7e3c5eef2d00,calib
9c24e387f411a82f,calib
9c83d70d68256582,calib
9caa0802a68cfc31,calib
9d500a828bd413c5,calib
9d88b7d65f4df844,calib
9e71fa4d53d8decb,calib
9ee978452c5dd150,calib
a00d4df9e6ec6122,calib
a0583383bc3c563c,calib
a1692fafd6d9c070,calib
a20845a042a8e9aa,calib
a2ca6384a1519ed4,calib
a2e976b46f0fd84e,calib
a39d70d4a30e0648,calib
a4b74eb7ca521d63,calib
a5080aab577db6cb,calib
a77b478385398a97,calib
a79d6464ca159148,calib
a84e49043775cf00,calib
a850e796d78297be,calib
a98173522abca234,calib
a985ceaac2384f65,calib
a99135ac69669266,calib
abf674fc7f47bdc6,calib
ad292008524689a6,calib
ad869ca0a42b3fa6,calib
ae4d2effbdb0f8fc,calib
b084960a7109b8fb,calib
b1a08376a1283b2e,calib
b1aa7fe1a59835bb,calib
b3273b32f468307a,calib
b42b530d678dead3,calib
b441cd79e8b74291,calib
b4667bbe1fd3e970,calib
b59fab2b41eb668f,calib
b65abb5eae0dc146,calib
b6f6092cf5317d64,calib
b7c1deb9ffa84992,calib
b80a5eb4299a7252,calib
b9847674bac3ec55,calib
b9ca36a3a67182cb,calib
ba29e89895f0dbf9,calib
bc6be219ef88e736,calib
bc74ba32462e15a4,calib
bcdfbfd28e7aa505,calib
bedd9ff1873f0275,calib
bf0c654c7886592a,calib
bf681b3a2c152c18,calib
c00132e642de054f,calib
c03eb55511d1ef08,calib
c047047a9d97592d,calib
c0482de2f3d0ea24,calib
c0c4621ec18a7ce8,calib
c1bec65998a62ff4,calib
c1d04a6c05ed31e9,calib
c1fb76ac586cf1da,calib
c2286a25ea9d2974,calib
c250ae65e84d932c,calib
c46d562a171f7288,calib
c53563b1b5168fda,calib
c66c6c0cf14f0043,calib
c7bcba320386aabf,calib
c903521ff9019b47,calib
c9286243b103a14b,calib
c94700da0249429c,calib
c98ddfb78b88852c,calib
c9e3e2a2bb1f1563,calib
ca77c72658227d96,calib
cac4a0ae1cc54ebe,calib
cacf893556ff70cd,calib
cbf15690ce601817,calib
cc0f7230c3a84b7f,calib
cccf3f50f4fd165a,calib
cd519930b177a050,calib
cd93110d0024039f,calib
cda20e6988e91552,calib
ce47fce1bf4ac071,calib
cecb496442b3f384,calib
d020e910b76a6ea8,calib
d0b7a5cbf2f25d92,calib
d23a9a52feeb4cb3,calib
d23a9d0ccd7d82c0,calib
d42277e10cdb31dd,calib
d5d225d682f23262,calib
d62919f7fa744b94,calib
d65c37f7966fcd6c,calib
d66c47fcf24f2683,calib
d73d6664c86bb08c,calib
d7b9a4739ede1969,calib
d9fa0ddd5226205e,calib
da85c4a1449510f6,calib
dafa7770552e9fb9,calib
db15d71e91a3a72a,calib
dd128dc8cabe7d09,calib
de387bd728586dd0,calib
de62460b68734167,calib
df384fd839f67787,calib
df7dbff0dd05c399,calib
df82be2be7f92464,calib
df8fc841eb6887fb,calib
e08d6e1a6db20c1f,calib
e14e1d9ec601ce3f,calib
e1df7586023c62b2,calib
e2908f177ccb91a8,calib
e3007736e5f55c21,calib
e44d3da89e5a43e9,calib
e4aaff35422d01ee,calib
e506af74e21a23fa,calib
e52c9821e00b095c,calib
e53acf473e7aec4c,calib
e5d0ccfed12c7f79,calib
e72ee6a1545e238f,calib
e8a9fad14473da61,calib
ea2dd5c7b0bef8ea,calib
ea6fe17346b4e3f5,calib
ea811baaf7f222bd,calib
ead7e905430dc2eb,calib
eb79555220fbb8c2,calib
ebbec6e30bb1392a,calib
ec05157d086edc23,calib
ec0caecdd80ec0eb,calib
ec5d6a92d1173c07,calib
ec886f96175822c6,calib
ec9ca81b0b1951ad,calib
ecf348e8f1acf2cc,calib
ed76aee568b146b8,calib
ee8c3c84ff0b0195,calib
ef090de99e93c9fe,calib
f0ccc91b61ae867d,calib
f22efaa6527d8b0f,calib
f26e6fa2c7ae4ed9,calib
f455d247ea4ea096,calib
f45c471ed388172a,calib
f4757d8f65756199,calib
f4b81235eedccf3b,calib
f4d8d68026f6cb51,calib
f5a917cdf87e5971,calib
f5e02ff0ac61270c,calib
f76dc71af1813d6c,calib
f7b66a6a8dad1a85,calib
f905f82636859b34,calib
f98533474a405c0b,calib
f9bc77e40e9cd919,calib
fa572e5b819783e3,calib
fa5d2758bc3dcd81,calib
fb4a6e413cf86689,calib
fc6ebbb0bafe0a50,calib
fd28369a27a9e3bf,calib
fd913c532ec02dab,calib
fecf1549a1c4013a,calib
000103f0d9cfb60f,thresh
00070ef96486d6f9,thresh
0009eaea3325de8c,thresh
0020fd96ed3b8c8b,thresh
002918ae66cc4bc2,thresh
002e2d3db2b597c4,thresh
0035d638ba684122,thresh
003f698d06c9b180,thresh
00480b6e1f19601b,thresh
00510c3d06745849,thresh
005ba6af463ab6cf,thresh
00637960a7ec3436,thresh
0071cd1ca07040ab,thresh
008d3702b1ad0465,thresh
0091798f05a311af,thresh
009565ee1bc64e68,thresh
009a52daa8dbb767,thresh
00b2924708445da2,thresh
00e1a60ba82afef4,thresh
00e5404d42483c48,thresh
00e769033b3844a7,thresh
0114be16f0d4fce3,thresh
01299c922a2310c1,thresh
012edfca8b3fa98c,thresh
01321f16670e3710,thresh
013772f0bacb41b7,thresh
013d17a8b342f501,thresh
0155c0f1599a2a41,thresh
016309265c788dc1,thresh
017f21825fb9b088,thresh
017f6e44082a86af,thresh
0181ae3b0ce76068,thresh
01a36d4b6c19bb36,thresh
01bb377792b089d4,thresh
01c92b57404dee7b,thresh
01cec91ecf91d6ff,thresh
01de1cefde5ef259,thresh
01eebeb0958bbbc0,thresh
01f0ab0d0c384fb1,thresh
01fa2f1880fecd30,thresh
02152ce921425374,thresh
02266b7fc5746618,thresh
024d9c687fa934bb,thresh
02579edca7b9fe6d,thresh
025abee8428a80d8,thresh
025d9a34b2f7a14f,thresh
0265bcade39daa25,thresh
0283222a3bd34af1,thresh
02898bf98e29436a,thresh
0293f0a89ba9b711,thresh
02a9d09e88d2eef4,thresh
02b805281d26d5a4,thresh
02cbe8d8e800f936,thresh
02cfaae878c96202,thresh
02d4626f11ae2254,thresh
02f3533f6f2ce9a6,thresh
0306218af5a31199,thresh
031c15507901e54a,thresh
0321439480f29266,thresh
032b99577fa28105,thresh
032fc6378ba584ad,thresh
03524686ee6c5f17,thresh
03745d0f2ee0b21c,thresh
038e58a988428855,thresh
039bf1d7da5cecc5,thresh
03b085f3f2153a94,thresh
03b1ffa4e1a6b7e1,thresh
03b4f8573682bcd8,thresh
03c207be67b02e60,thresh
03d825e633ec178b,thresh
03e4f20c3338eff9,thresh
03f1f91ce9efe2c4,thresh
041b257da0b7d657,thresh
042e184200690387,thresh
044d068174434d51,thresh
044f008b0f522099,thresh
046e05afd6f60252,thresh
047df73f5c8c28d4,thresh
0481f0959adb034a,thresh
04995dca9c6a74e4,thresh
049d71646bab76ce,thresh
04a6bedb30d0b19d,thresh
04aac9d4f53a8282,thresh
04c2c3e93edd2869,thresh
04c60ba9dea513ab,thresh
04d7dfc05bd69f45,thresh
04de6a42c4e122c2,thresh
04f75028af10fd94,thresh
04fb04b4870e8918,thresh
05210b598d5d46b0,thresh
052d9243793d9efd,thresh
053b24b25f48a5e7,thresh
05437d98fba6a0e9,thresh
054608ae9fa4b9cd,thresh
05476e7b7750269d,thresh
0555281658565433,thresh
055c1a535aaea6d4,thresh
057001614d7cfcc1,thresh
05711ba33c4641e9,thresh
0571ee866108b61e,thresh
057dcdfd30543894,thresh
058688795656caea,thresh
0599eb140da03060,thresh
05ca6a6ec2418af6,thresh
05d7f58055c46e54,thresh
05e66cf8d5ab1c9b,thresh
05f69d22471ee406,thresh
0602cddaca373a51,thresh
060b5911d0692697,thresh
060e7a44850b22b7,thresh
06178c1e995b8966,thresh
061f387e30d59412,thresh
06243489c009c199,thresh
0624e53106896614,thresh
063d4d04ee1082a8,thresh
0669c6675424a2e9,thresh
066a65f02ff472ce,thresh
0681025b5ad21307,thresh
068c8620c801991a,thresh
069e6f34fbcc0988,thresh
06afdbdbb8b9eaa3,thresh
06c1ecbc6717d624,thresh
06c20bf6b7f25149,thresh
06deb5df37817a34,thresh
06e8da54b1ecd584,thresh
07000b9aae958076,thresh
07379fc8fcfcb8d3,thresh
073dbe2c3220f583,thresh
0749d09de769a638,thresh
0751cf8bc1abeaba,thresh
0754ff9de53abaca,thresh
0757812d7478dadd,thresh
07595d0b792ca579,thresh
07675145ae3e7dc1,thresh
076eb44d1af16693,thresh
077b1cb88c59f123,thresh
077dea92cfc5834e,thresh
079efbbee9c971d2,thresh
07bb20810d92fd25,thresh
07cb514295550ed3,thresh
07f1e0a1c10fcf28,thresh
07f5a42d271d19fe,thresh
07fc41281dd4cf3d,thresh
07fe8cc9fbd81947,thresh
0806d74436c0e7eb,thresh
0816094171a274c9,thresh
081924503c1361a7,thresh
082e1ce5b16a5e8d,thresh
0834b6db802809c1,thresh
085e6a328ab26ccc,thresh
085f1ab73550ed66,thresh
086b48b06960f0f4,thresh
08849872018f169d,thresh
0895b019feb5af52,thresh
0895c20c4bbfabe9,thresh
089a7d6efda34544,thresh
08a4623cedec17e1,thresh
08d30c9da3a63600,thresh
08d3ab339f4c803f,thresh
08edec2fed992eee,thresh
0905680b9c1c1d94,thresh
092245f83c74739b,thresh
0927c621f8cb92ff,thresh
092b45bbd1f1c878,thresh
092fe94f93420a1c,thresh
0949991fcaec95ad,thresh
094dc24a446b2952,thresh
094f4068716b755e,thresh
0964719a1f0973cc,thresh
0973220984cb08e8,thresh
097dcab047525cba,thresh
09a1142b4cb5f5ad,thresh
09ad163a039bb1d0,thresh
09ae35ab18472118,thresh
09b3d1f1c39d56c3,thresh
09b51ed1ee5e29a1,thresh
09b70c12945148c6,thresh
09b80c89bd496a04,thresh
09bb5a6f800492bc,thresh
09ca6ae355284b7a,thresh
09e0c210d2b90859,thresh
09ecb2cc923518f5,thresh
09fdf9e0d311a18b,thresh
0a0e5482f0b950e0,thresh
0a0e6e4daaef5467,thresh
0a16cfdad14faeb4,thresh
0a1c647d1a10b3e9,thresh
0a1ff1c729332a51,thresh
0a22fa6fc45cbdde,thresh
0a233c0eb2816a22,thresh
0a35b19145669cac,thresh
0a3684d87614c470,thresh
0a3788465d2978bd,thresh
0a37add9547a60fc,thresh
0a38738c4f3ccf32,thresh
0a38dc701ecbfe96,thresh
0a5bf36e19681663,thresh
0a63562c8fb889c3,thresh
0a640c332fc90f1a,thresh
0a7ae9a68d0d924a,thresh
0aae8d2436910b45,thresh
0ab23d367fe2d2d4,thresh
0ab3c30c6c0c3614,thresh
0abf51f0e62c5c98,thresh
0ac7f3384c75e0b6,thresh
0adb17bbf1430e1d,thresh
0adc149289b90076,thresh
0ae8d23dbb004a1b,thresh
0b1526d3677a72d4,thresh
0b173c9911f8bcd4,thresh
0b1da630c2db92bc,thresh
0b35902f3aa69ea6,thresh
0b35e7edfd46b9be,thresh
0b4370906b528a58,thresh
0b6c6078d21aad74,thresh
0b71648b37127571,thresh
0b72df7a0e3d9943,thresh
0b7e7f83515246aa,thresh
0b80120b94a25fc8,thresh
0b8253c0f0c14091,thresh
0b8790ef88840f99,thresh
0b9626edf67e49c7,thresh
0b9ac183d7ce0110,thresh
0ba3cbb771540b46,thresh
0baa51d15afa1427,thresh
0baf7a7b8a60a549,thresh
0bb70379fbe58f7b,thresh
0bc40f2c80e02dbb,thresh
0bd36a762fcdefdb,thresh
0bd65d6c7b0199b3,thresh
0bfdc705076c1c77,thresh
0c08677a1fe3978f,thresh
0c13eab75027d59b,thresh
0c1b6180299e4d3d,thresh
0c2fd11998032d3b,thresh
0c36f9e173bb8acd,thresh
0c3dc9d63dbb5112,thresh
0c3dff4d5928a933,thresh
0c5470062561f899,thresh
0c5df53a9dae9895,thresh
0c651e1eb360a80c,thresh
0c736eeacc6a33b6,thresh
0c76555fbba7bc22,thresh
0c838688094b98b5,thresh
0c88d9b35c5617d2,thresh
0c9fdd900aac4ddd,thresh
0ca3c5b1a3c359e3,thresh
0ca74eef472827e5,thresh
0ca819ccb8636eae,thresh
0caa7f27eed105db,thresh
0cab2b15b019c991,thresh
0cb47a3bab5807b9,thresh
0cc9bd0d6dc8ead2,thresh
0cddfa4e0c17ee66,thresh
0cde0ed721641290,thresh
0cec1f1b06ba256b,thresh
0cf63f50b7312085,thresh
0d01219d5e7f9401,thresh
0d01ce29914d6215,thresh
0d0e5b1d08f5fa0e,thresh
0d0f89459e4742b8,thresh
0d17ad5df146d4f2,thresh
0d189e22a297a2d9,thresh
0d409152e69a934d,thresh
0d414a1e2006036d,thresh
0d5dd25b40ca779f,thresh
0d62d2344b6a8277,thresh
0d68d087f2495b20,thresh
0d698e07c775e149,thresh
0d77b17744ce2bb0,thresh
0d7ba5090a3dfc19,thresh
0d88d9e8d96d25c8,thresh
0d88ebd5a6d3038d,thresh
0d8d02ae24b11eb1,thresh
0d98a587c46605a5,thresh
0d9bd4997a04887b,thresh
0db96335988ad607,thresh
0dbbc3108249c48d,thresh
0dd47ea93d47e518,thresh
0df6b6790aa3c799,thresh
0e14d9fc000ae9e3,thresh
0e21db9f166d3d0d,thresh
0e350ee264744410,thresh
0e355bd237297b92,thresh
0e5d7a039665261d,thresh
0e6629d8dcfb003f,thresh
0e8433327cfcb14b,thresh
0e9b74f6c6acd7e2,thresh
0e9bdd62f1b559a1,thresh
0eb53b7dacf32e46,thresh
0ec4a0ae35d4c9e2,thresh
0ece2c1bb0a4b1f9,thresh
0ed3fb4c307b88f2,thresh
0ed89dee278bcfb3,thresh
0ede81429257e3e5,thresh
0ef32a8a10ab5f4d,thresh
0ef55af478c84e15,thresh
0efa2a020a9914c0,thresh
0efbb8fa9e6983f6,thresh
0f1189d3338e6764,thresh
0f1fc6f04e77290c,thresh
0f3ccf66e7e87bde,thresh
0f4bc330f6d829c8,thresh
0f53b3beef798176,thresh
0f6a920fbb6fdcf0,thresh
0f710005db0aed75,thresh
0f7728d7a9cd7e2f,thresh
0f775b8ba97b2612,thresh
0f7e619057e7f123,thresh
0f81398a5ff40b71,thresh
0f98ee23cb30a5ac,thresh
0fb336a8c74b6da9,thresh
0fd8a8e9acf1e7b9,thresh
0fdaa305356f4129,thresh
0fe23f4a6007ebf3,thresh
0fe4e11d4c39f01f,thresh
100119bf99343d2f,thresh
1006c2594423ee54,thresh
101ec780bbb89e5d,thresh
101f89c4301e8d7f,thresh
102664aa6919dfb4,thresh
10274e47ca58392e,thresh
104bbfd9ce52f24a,thresh
104e5a2fc232e368,thresh
106c933d2fbb7191,thresh
107194e8bfc51011,thresh
1089bc2866ce9379,thresh
1096a91a14af8216,thresh
1099915761c9b97e,thresh
10a2b601cf34ecd9,thresh
10ae5dc8ffeed62c,thresh
10b49e75b5c6e306,thresh
10bf6a2c85bb551f,thresh
10c379cad0e2c571,thresh
10c41fb24eff03b5,thresh
10cf7afa6ccdd85b,thresh
10d774479f7e51cc,thresh
10dec63614c0f26e,thresh
10e68a19777b3c7a,thresh
11001786f44f6e88,thresh
1106d0dc7a0d9842,thresh
11145097289d5764,thresh
11152dd6a37d0b98,thresh
1119662daed11acd,thresh
1135d9dfdd89f322,thresh
11488a920bf62dc4,thresh
114c100456182920,thresh
114da1f9cad1dba2,thresh
11705e53c3a6e718,thresh
1182864282650411,thresh
119383600c860c37,thresh
11ab45d247311fcd,thresh
11dfd5674b160e01,thresh
11e66e0481593d57,thresh
120b9d43effc8dda,thresh
121bb61500b25edf,thresh
121ca59cf723258d,thresh
1226cb14fe7394d9,thresh
122adbf80b785550,thresh
12494632d1bb816a,thresh
12540fd8c60a57d9,thresh
126dac9b19a531c3,thresh
127b56436303ee62,thresh
1287731faa82a928,thresh
129269d8d806c5ab,thresh
12b457f556f78f04,thresh
12c0ee5c464dba1e,thresh
12ce2fc57100618e,thresh
12cfb877f2b488ab,thresh
12dddb820f2a39f6,thresh
12e1376291be995a,thresh
12e5c9ea3a15c4a8,thresh
12ea860c53aee65f,thresh
12f055e60230e7cc,thresh
13027af8e072ad6f,thresh
13059c277ea800a6,thresh
130615219ac8bc68,thresh
130e28b799977c5d,thresh
1318566af9790b98,thresh
1326e1122fd8155d,thresh
132a7f161e51a24a,thresh
132d30099d28bda5,thresh
1332281ca8dcb1fd,thresh
1338e22b54345bd9,thresh
133a30f47b23a082,thresh
1342abae81c3ef00,thresh
135522cba69492bb,thresh
135da108ae9cd047,thresh
136a5aade6069d36,thresh
137765690de340c8,thresh
1388c37ff6a1f040,thresh
138f918c14f81705,thresh
1397d8814f275572,thresh
13a59be252738256,thresh
13c9c74d43d831db,thresh
13cf03b76ab63b85,thresh
13e0bc64da4a7a6b,thresh
13e20e2df0e1a4ce,thresh
13e494cbea9d0c4e,thresh
13f4bd12b892ba09,thresh
14166c26c1020f02,thresh
142125e86e20dfb4,thresh
1421c537da92d1ca,thresh
142383fe3b3df1f9,thresh
14263091032723c4,thresh
142ba5864d57e9b4,thresh
1436f5a323e545c5,thresh
143f9f0638043533,thresh
1454b7f84cea9611,thresh
1463752479a9cf64,thresh
146603137f124ea3,thresh
1467ea36257d8c28,thresh
1479024ea7512c41,thresh
14898034158be66e,thresh
14b9890ef74134fa,thresh
14bb3365b7f56b31,thresh
14d91609dd078d16,thresh
14f358a1209462ab,thresh
14fec5cbd1acac6d,thresh
152517f0da668634,thresh
15322e3473bf05bf,thresh
154522829be99d0b,thresh
1549bfeca2d39024,thresh
15541dba8714b562,thresh
155f0d1a3641c408,thresh
15715f88f556c0f8,thresh
157ef0558cc43dae,thresh
159d85831f8f5c9d,thresh
15a3ab8f65895d6f,thresh
15ab124bf32ab8eb,thresh
15bc67e7819b2e36,thresh
15cf636344522f25,thresh
15dbe8b87813dca2,thresh
15ecf13f7aaa1a9b,thresh
15f3452b5011397b,thresh
1603bd5829ad3a31,thresh
160481f9b3d504e9,thresh
16091dded17c1ed0,thresh
160c6b2c4ae3d3b8,thresh
160ca1faad915e43,thresh
162fbd70bfc7d66a,thresh
1642c2da68a59c0b,thresh
1652fb7f6529e418,thresh
166ddec1b264fbce,thresh
1674072d7e7181f4,thresh
167e73f92ee35780,thresh
1681624501282cfb,thresh
168874e4742e8e30,thresh
1696c37797a8a4d3,thresh
16a9513172c3a993,thresh
16b222edb07462ff,thresh
17031d054380f97b,thresh
170f399a4184efb0,thresh
17146035e2096933,thresh
1729cc0ca0d90bb6,thresh
172c2045590d6666,thresh
17301b63d842ba73,thresh
17315ae93b04289d,thresh
173895dd2c620905,thresh
174d3a80696de213,thresh
175c579bcbe5bb7c,thresh
176191d3874eeac1,thresh
176a19b81df7bb86,thresh
176b9cd5ae3d0e2f,thresh
178ca92c8c2b0194,thresh
17b031092cfdbbdd,thresh
17b6a929aba8ddae,thresh
17c7d399c58bbb4a,thresh
17c92f04f72294ec,thresh
17cfc0d24069696d,thresh
17efde8e35309d34,thresh
17f281cb5bd31bb2,thresh
17fe0413c73d98ca,thresh
17ff49f1bac84fa6,thresh
18740a3808ac39be,thresh
187d4d280bf85c9f,thresh
188d4c5d8336b7ab,thresh
189f1e5711700380,thresh
18a267386430ff25,thresh
18a5e11887539a30,thresh
18a7023a3de56abf,thresh
18c0cc9e2fb88b0c,thresh
18c8dcebb2a64024,thresh
18f2bdaedfa3e59b,thresh
1904e20a7afa4cba,thresh
1905ca9ef49186a3,thresh
1916c544234d7192,thresh
19370fead7a27efc,thresh
193de6cfb6c9a98e,thresh
19468936e9354c42,thresh
195070cb2cf9a5d3,thresh
195a642eb7b15144,thresh
197cdcd0cb29eab8,thresh
1984750cc122ad18,thresh
19b5a4fbc24b0a8b,thresh
19d38fd3edb6269d,thresh
19d9992e724ab7e5,thresh
19dc0a00f380d6f5,thresh
19e3c46c29d03c5c,thresh
19e5146c8701a7cf,thresh
1a02bc7b4e7c721e,thresh
1a262bd1ea65a0f0,thresh
1a5669b52ca41704,thresh
1a5e51002e6aced3,thresh
1a6f5379db374ab5,thresh
1a7c9c14b0cf0fe0,thresh
1a90b46cf7375f9e,thresh
1aab5597885e5bee,thresh
1ab26ccf6ba33427,thresh
1aec5ed36e485877,thresh
1aedb19605fb3d15,thresh
1af922714c43e0f3,thresh
1b292b0fbe24e527,thresh
1b3bddce0cfefffb,thresh
1b40862c5f94c66e,thresh
1b4219136080dc04,thresh
1b448f43086e7e7e,thresh
1b66cadd638b8ca8,thresh
1b70b18cfa1c3b64,thresh
1b79918ce8e54ebc,thresh
1b87efb80654a631,thresh
1bc7b19d658d3075,thresh
1bd02f2c162a9da1,thresh
1bdd576496c9b728,thresh
1be80c468c2fe3ce,thresh
1befbb4d28e90fe7,thresh
1bfb0c59cae4e08e,thresh
1bfbd4842fb89c7d,thresh
1c0e3027dcfc8687,thresh
1c33b564cbc3c25b,thresh
1c5f62c55832251a,thresh
1c61195593a64c37,thresh
1c89b445b0d9c009,thresh
1c92aa0b18f558f8,thresh
1ca429f12208c19b,thresh
1ca63af59936aced,thresh
1cb717091d611da2,thresh
1cbc235d2c8f9b47,thresh
1cbf1bc7fd557442,thresh
1cd5891311cfa04b,thresh
1cd675a482ada044,thresh
1ce3234ce3747acc,thresh
1cf30cb2002ee923,thresh
1d070df128184a37,thresh
1d10d7089580457d,thresh
1d25443e704d6ed9,thresh
1d3022b9f530f78d,thresh
1d5db3b4307a43a5,thresh
1d682cc861c8a08d,thresh
1d74eef6b1bcf139,thresh
1d87fb839397e479,thresh
1d9767b505446cb2,thresh
1da019fdd0851008,thresh
1daa9ffda5cdd7e1,thresh
1db0e3cd2fe2db7a,thresh
1dc1d05f9dfc24f1,thresh
1dcb0829052e4632,thresh
1dcbc678cd6966bc,thresh
1dd346e4232372b4,thresh
1de81289490dacf1,thresh
1decaf64e8849c39,thresh
1df2067202108852,thresh
1e10ad5c9c147001,thresh
1e2250bd1815a538,thresh
1e3549faf169829c,thresh
1e42dff8d52b2079,thresh
1e61d41b8fdd1765,thresh
1e7a9f18361f8674,thresh
1e7c59b644ff64fc,thresh
1e9efa9adb86f8f5,thresh
1ea1ea74cfc53fcf,thresh
1eafe1ffed53cfdc,thresh
1ebc80919f270274,thresh
1ec318bf947789c8,thresh
1ecc221fe7cfa392,thresh
1edc6ccaded51c65,thresh
1eed1a0f1c1c8f3b,thresh
1ef16d7e6045fac3,thresh
1ef2c55623ebb149,thresh
1efdb1b144ac0825,thresh
1f156510ad07dda1,thresh
1f1883f3cf8de2c5,thresh
1f332dabf0c9a9c3,thresh
1f63c4977cbf2e4b,thresh
1f7ba88151757f25,thresh
1f916aff6af135eb,thresh
1f97d2f390255e9a,thresh
1fa5d6a73ed1e30a,thresh
1fb168edf88feefa,thresh
1fb219151bca1ea7,thresh
1fd347f6f371a13d,thresh
1fe4f68eb3169a3b,thresh
1fe7f0f6831d6fc4,thresh
1ff6fce91e1ba6cb,thresh
2000a9836213054d,thresh
200bce8d97ac29e1,thresh
20226727ea31c901,thresh
2022fabee72b8105,thresh
2024f3b2bb0c48ae,thresh
202f7601c67ada06,thresh
203282433002060f,thresh
203d2e6413d207ac,thresh
203ee54a8e481902,thresh
2070d5874a27bf37,thresh
2074c1d954cdf334,thresh
207bd6dbfea12f35,thresh
207c90c7db537954,thresh
207f93e198dc5152,thresh
207feb5be4cd6b86,thresh
209e2b68ea4f52c9,thresh
20ab5cdb1ae67d25,thresh
20b47be7ed6c33b2,thresh
20ba28b5b3554a80,thresh
20e4b00b5a262d1a,thresh
20ecb432f0b772fd,thresh
21033ca15a2fc376,thresh
2124fa920010cff7,thresh
21403829afff51da,thresh
2155430e81b2dd3a,thresh
2158c1429a2124a5,thresh
2177f829d0cf1a56,thresh
21898a7b19ff4671,thresh
219d70b3ed9223f0,thresh
21a11feb2655c093,thresh
21bcc68f43df7707,thresh
21be923d4d1f0bdc,thresh
21ce023f7fc9ac4b,thresh
21d02f23bb8fc4a5,thresh
21d867867df97db0,thresh
21e486704a89c686,thresh
21f9880c38c476bf,thresh
220dde558a9e9556,thresh
220fdfb51796a99e,thresh
22149044e042b64c,thresh
221aba895ccc2494,thresh
221cb36f4588febc,thresh
2241a8d8a9a35162,thresh
224654f84eccce09,thresh
225041ffafade4ef,thresh
22508d4d10d9ff4a,thresh
225ed0c5399d4055,thresh
227c6415d9d2f475,thresh
227f1c863565f0c4,thresh
2286db95ae40522b,thresh
2292454c2c05f358,thresh
2297e573be04fb6b,thresh
22998e0cc4612eac,thresh
22b3ccf832aa079c,thresh
22c4770bdf45d94c,thresh
22c53755196de9c1,thresh
22e8058a0d33a347,thresh
22f74dcf354cf188,thresh
22fe7f05af75b5cf,thresh
2301226317b5a6e3,thresh
2318c33b90a91e10,thresh
2338126e7a0b80f8,thresh
233f14e31f80f31f,thresh
2348884b4cbeb4e9,thresh
2350f3ee9b399f80,thresh
23665a0bf536f29b,thresh
236777838bb47f03,thresh
23765df77e0e0cc1,thresh
23798b10af398b19,thresh
237c79d242736266,thresh
237cafd503c39d85,thresh
237cd6b5eb809f6b,thresh
237f6c5c06e8d489,thresh
239ef3cbeef424fe,thresh
23a1a665a0b3e7fa,thresh
23ab27fb39cc4b73,thresh
23b1c05aaf5f4b33,thresh
23c40d0242f00278,thresh
23d5a85374960cbb,thresh
23e1a95f9edbb5f1,thresh
23e366f43f891f16,thresh
23ebfa4fbb5b7312,thresh
23fa84c5ad0ff86c,thresh
240beefb5e0cabef,thresh
2416f05064cc2919,thresh
241f7beff0b69028,thresh
243692a1cafbfb7d,thresh
2442d9245263cfd1,thresh
2448e57c7c9587f5,thresh
2459847d55f9e165,thresh
246a981c8722da1e,thresh
246d7133a830ea4d,thresh
247fa181f260a1f0,thresh
249e627edd510889,thresh
24bccdfe9fa97950,thresh
24c0d4d530b33083,thresh
24c78928bf5e52f7,thresh
24dba87feb06ff47,thresh
24e6de09319e0a96,thresh
24fd12fe11c7827b,thresh
251db9fc08e70f4e,thresh
25233bad1cf3ad07,thresh
25281c14e3ab3041,thresh
25317222ed928167,thresh
253917a1b3dfc19c,thresh
253fdc4d775b9221,thresh
2540d9a7f698d8a8,thresh
254f95099223334a,thresh
25504d34d13a3d9f,thresh
2550c43b5976e172,thresh
256f05afabc0d188,thresh
258482ea6defd7d2,thresh
25863c9e38ff4de7,thresh
2588e70747601a0c,thresh
258b938fb57228ec,thresh
2599260502d25955,thresh
25b285b5d6de63a4,thresh
25c4d08e248450d7,thresh
25c5ddc880289d10,thresh
25c6d2588161d0d4,thresh
25c990c234c77605,thresh
25ccfc70489c772d,thresh
25ec23d82c3f8f40,thresh
25f469a447931043,thresh
25f4fcd8a1a6dc85,thresh
2626e99916170fb5,thresh
2639466dee110583,thresh
263bcdff57eae541,thresh
263ed2e1d3536844,thresh
264839b5323f8a0b,thresh
26497f7d70c3f116,thresh
266d3558c9795c06,thresh
2679b5a9d07130d8,thresh
267c72d9843dc817,thresh
269da814a2dbef5c,thresh
26a308c53da09f72,thresh
26a669d5551315c1,thresh
26ab5c0a6f197a76,thresh
26d6a8fd922cd7a5,thresh
26d8f5f100debe31,thresh
26dfc8d721415c05,thresh
26f5fb308a6f1d05,thresh
2714fb3bd5058ddb,thresh
2721ab92f2c128e6,thresh
2743ce7be6a7acdc,thresh
2744c3e1c08f5e82,thresh
275095512c70f789,thresh
2758701ea10b1d0b,thresh
2772e9a40aee0f15,thresh
277a3aed8c166eb0,thresh
278c20be356c4f88,thresh
27a2c36bc14d3b9c,thresh
27a65c11e73a72b1,thresh
27c1fffeaf06e13c,thresh
27c2a5af398a52bc,thresh
27d0f3df1703e13d,thresh
27e38f0cb1f9fbec,thresh
27e6fcbadc4775df,thresh
27ee9807fb79be4b,thresh
27f1a6dbfbbaed2d,thresh
27f54d6a3acf7e58,thresh
281940fbe72bbdd1,thresh
283ec6cdb61a7f86,thresh
284e679b6fcc59ca,thresh
28695d03d2a49856,thresh
287275e581d2efa7,thresh
2875844704ffa58e,thresh
28c4bf4942cbf77d,thresh
28cdfc4f68e7f513,thresh
28d7ddc59c2ea982,thresh
28d98592898704dd,thresh
28e4ae8aef3c0898,thresh
28f10d32117ee551,thresh
290e347cd8d12dec,thresh
2913422d51949a42,thresh
29306d2caed45aee,thresh
29363a75fb97698b,thresh
29459c4d1fb41e70,thresh
2948750501800532,thresh
295a599ab140c132,thresh
2988feb12bb53145,thresh
2990d3b5b531ff07,thresh
299411e1fdd1a0bd,thresh
299622f6c7a370a4,thresh
29abaa530cd4e0ff,thresh
29dc7d9ec3fbfb2f,thresh
29ec71d5801c0bd2,thresh
2a06326ec6fd4e81,thresh
2a1168b7b6024c87,thresh
2a279e9015af7ca0,thresh
2a2d0d8ebbbbd0d2,thresh
2a3675ca43599ae8,thresh
2a36cd9c6a13c033,thresh
2a40193a3a97d8a9,thresh
2a4d5e0f0e0b9d24,thresh
2a505df7eb0f94ee,thresh
2a68a035dc6a4c04,thresh
2aac02a9ff8d5798,thresh
2aae5db2e181b14d,thresh
2acbe19792b2ba7c,thresh
2ad8e9812c53baaa,thresh
2ae122ebd6062758,thresh
2afd0b8c142132e1,thresh
2b075d7c064d7ee4,thresh
2b2bc35da85d6cf9,thresh
2b58b9c098105a24,thresh
2b5abb168aa670c9,thresh
2b713cfcddc1aea9,thresh
2b71b4135a5b3e1a,thresh
2b7571608ef74814,thresh
2b8884c83b8ba88b,thresh
2b9602adb1aad61a,thresh
2b9dab571f8cbd4c,thresh
2ba5f5a109ad914f,thresh
2bba48b53f376eca,thresh
2bcc646b3aec164a,thresh
2bd1f31a7332e674,thresh
2bd6e1da70187cb4,thresh
2bdeaaf896204f12,thresh
2bf020698a7506e0,thresh
2c0791c1bddb19f4,thresh
2c35ddf8fc327c1a,thresh
2c411fe133ed71db,thresh
2c4973a747d6eb1d,thresh
2c5159db1c91e78c,thresh
2c585835a59e0415,thresh
2c599ab7ad5af8d5,thresh
2c5d8f801ea1ab99,thresh
2c6e5fdec0482fc1,thresh
2c7c6c9c72da7073,thresh
2c7fd5b1cbd9fcac,thresh
2c92cc6536962c79,thresh
2ca9f577bd4c008a,thresh
2cb1e5855ab9fbbc,thresh
2cc19753016c7ef4,thresh
2cdbdbbbf1a011c4,thresh
2cee02d7a6a9155d,thresh
2cef42dd9d39bae7,thresh
2cf450514c3c155a,thresh
2cfcefdc8986adb1,thresh
2d032a8aaa705e06,thresh
2d0e12040d23b5f1,thresh
2d1c1325dc4528b5,thresh
2d1fd434999e1838,thresh
2d203cdf2b9cff22,thresh
2d27d89f9511cd01,thresh
2d340a673d3afcd8,thresh
2d62c2c6fe51f6fe,thresh
2d6e671ffae726a3,thresh
2d71ae124ee64812,thresh
2d77538d786e551b,thresh
2d7c573189bbae84,thresh
2d7deac63ff54887,thresh
2d827a559d69765e,thresh
2d8f3a93d95deeeb,thresh
2daa06934da3b8f9,thresh
2db1072f25923c3e,thresh
2db7e52a87977764,thresh
2db91d6130bcee5c,thresh
2dc79139e00bdde4,thresh
2de9594709d9110d,thresh
2e025316ba1b40b2,thresh
2e1c28db3d73c71c,thresh
2e1f67df314aed6e,thresh
2e22c9c8934c71dd,thresh
2e26f4d6a494a19d,thresh
2e41e47ea84b78f8,thresh
2e5c8eb96b36308a,thresh
2e631bc944997b47,thresh
2e66fe975253e18e,thresh
2e6f40cc476fd675,thresh
2e71cc9cb47a28e6,thresh
2e81dc572fbd8253,thresh
2e846bd0fa4e7a37,thresh
2ec43e058010d22f,thresh
2ec5e33869b3634a,thresh
2eeb3a6ff123625c,thresh
2ef622fad03ccfd2,thresh
2f06f7fa961ee887,thresh
2f0e3e3f4df161f8,thresh
2f186b45fdf6a7bd,thresh
2f236fb103d7f039,thresh
2f3012b072a2da22,thresh
2f3059eabfd4260c,thresh
2f5e2a9ee0725458,thresh
2f6282bf19d1b9ce,thresh
2f67cb6818764492,thresh
2f6819f4b4ebcca0,thresh
2f6cf84395969756,thresh
2f84f7347037c497,thresh
2f86a49f0c3591ec,thresh
2fd90f701140b85f,thresh
2fd997e0fe099161,thresh
2fda2a70fe7465f0,thresh
2fdaead95d9df3d6,thresh
2fdc906dd19dcd00,thresh
2fe4f2fae27e0c1d,thresh
2ff827af29cd37a5,thresh
2ffedf8e57b19490,thresh
30009f769a6c8559,thresh
300ea4079a6a8014,thresh
301c1802cf81d7a7,thresh
301fea11044a0037,thresh
302b8c47a22f6422,thresh
302f34ef7ca966e6,thresh
304746ddc26004ab,thresh
305d7f3605cf20c6,thresh
30689ebf53c3cf64,thresh
307b0741def18f21,thresh
309df072437c597e,thresh
30ae92dea8331d89,thresh
30b03ce1d2a373a3,thresh
30bb14410f133bb3,thresh
30c0bb66c7c247b7,thresh
30d3b70a9b5c8b35,thresh
30d6111a537469f0,thresh
30e304e8c6eebda5,thresh
30e73cca6a85ba21,thresh
30eb73fd8bf05ddc,thresh
30f9b4bc46f0c38e,thresh
30fc81f5e90c7d59,thresh
310afcccd51e036f,thresh
310e3f418ac60319,thresh
31194d48c9a8d216,thresh
311f6b810d11a883,thresh
3130aec5158bc928,thresh
3133d3230c39b08c,thresh
3134a0a1fb0bd918,thresh
314a0c9709fee70e,thresh
31686ebcf07558a7,thresh
316b31a4d524746d,thresh
3181f681749287c3,thresh
3190dfe655c7af55,thresh
319804563a68431a,thresh
31be64a23bdd2809,thresh
31c9cffde5cdf106,thresh
31deb6a047f3b4c5,thresh
31e392a934f1230f,thresh
31f32d00064bb908,thresh
320f75d0318ae166,thresh
32110519a80f7f14,thresh
321183c94c23961a,thresh
321cefce40f3bff4,thresh
324055863fb29880,thresh
324dbd08d85a464f,thresh
32615092b2a9dedc,thresh
326f2b7604034d4d,thresh
327105ce2d50994e,thresh
3297e59f78292e08,thresh
32bc1dd8a58e5c16,thresh
32bff8f4c235cb1c,thresh
32dc4f54d119e5e5,thresh
32de55aa5e03e21e,thresh
32f03e9fbdce3e8c,thresh
32f74df2da880725,thresh
3313384d06bd1e7f,thresh
3316160de478d119,thresh
3320ccb85b6e27d0,thresh
333880408850e5a0,thresh
33614b78456723d2,thresh
3370353ada7e4711,thresh
3370f3e1839873dc,thresh
3377776832cd41b6,thresh
338bd34ecabc1380,thresh
338edbae6fc8dc14,thresh
3395fbb3d083bd29,thresh
33a3f41a7e9913f3,thresh
33d3812382a3915f,thresh
33ef1ee9d2879df4,thresh
33f24441c026f806,thresh
33f4b13895a6bcda,thresh
341ec215aea467d9,thresh
34400ced6b7d7d8c,thresh
3457ece9e202c967,thresh
345d52b97359d1c5,thresh
34739ec99c0fef9c,thresh
349e5d3ad775929e,thresh
34a16e2e21bd3f75,thresh
34aaf545f37f080d,thresh
34b10f2d896eb226,thresh
34be4aae9748f23d,thresh
34c10eebb1183a7f,thresh
34d299e4b3d81a52,thresh
34d64209740b0f85,thresh
34e9cd2021d3f854,thresh
34efabb6e844e253,thresh
34f35d649998d7a3,thresh
3511318e6a225d80,thresh
351c40504542a36b,thresh
352ab9ba67b972cf,thresh
35435e752d7511e1,thresh
354c0d4b0b3142ba,thresh
354e1517a4fe9547,thresh
35514a26218a4824,thresh
355a85a24330041b,thresh
3571592282b651d8,thresh
3588fbd53803e0c4,thresh
359d46db02269ec6,thresh
35a32e7528fed87e,thresh
35a4e4a64da8dbb1,thresh
35ad68af7a1ae8bf,thresh
35b2671e78be39ca,thresh
35bd42de0af6563a,thresh
35bf59e572b38255,thresh
35c33a6251f88e81,thresh
35c953e6100f1c5b,thresh
35ca6da698f45d8f,thresh
35cb2e97f82df6ab,thresh
35d042dbeb0e501c,thresh
35f6e48739ccc398,thresh
360c67ec6c1d3591,thresh
363d6e84c8741795,thresh
3646ce2a98ef7bfc,thresh
3663662d5b6d400c,thresh
366ae8b2fd49ae3e,thresh
366b2c823652eef3,thresh
36701ed8e9fee946,thresh
367bd5d369a62513,thresh
36af716810ae87f9,thresh
36b7fbaccaa72a0e,thresh
36bff60f063822dc,thresh
36d19dc6a3f5bf6b,thresh
36e88dc7af6f0803,thresh
36ea35cf4981e465,thresh
370136d9c0765dd7,thresh
3709ce8a1deaa0f9,thresh
370a9cc6e6070dee,thresh
370eba058f51bd11,thresh
3719ff00b66a1a30,thresh
373aaaea3400949d,thresh
373fc870c3466bbb,thresh
3745fa66cb1e9075,thresh
3749d852a88258bb,thresh
3762cfcc6eae8338,thresh
377a4a6acfbea922,thresh
3786f911ff4ad5e3,thresh
378b2fb2a572952b,thresh
379440e04fb68e27,thresh
37975322ec645ebd,thresh
37982b644ffa454d,thresh
379c757e0fc37b35,thresh
379ecccffd76c134,thresh
37a64fc894788293,thresh
37a97e1e01b6b2d5,thresh
37b3fee4f732fb3a,thresh
37b4d20220f4afee,thresh
37bc1d44db63fc46,thresh
37c3fcb38847ad1b,thresh
37c8ca1725718dc5,thresh
37e0b938c12355df,thresh
37e4f85adca9fa86,thresh
37ee1c8171a1bdf6,thresh
37eff999c16a9bc6,thresh
37fbc5c5e68b9c89,thresh
38074b433df20489,thresh
381f7f4b0cb38a1f,thresh
381f84c1a8c13c7d,thresh
3829059fc56acc1f,thresh
3834cd4bf8de4c9e,thresh
38415eb6fd021897,thresh
3857afca4bfc6b03,thresh
385b0f58413d65e0,thresh
38734e14ba125eb2,thresh
3873f7c6aa122f99,thresh
387aec6708382a10,thresh
38be655035eeddf4,thresh
38c4a55a26e8a24d,thresh
38d745b20fc57d1e,thresh
38d8bff6a474f8b1,thresh
38dcc6329b379748,thresh
38dfcd0e6f8f1697,thresh
38f551f2665888fa,thresh
38f7cad16937875f,thresh
390849212d0955e3,thresh
391460230bee6082,thresh
39146eadab5b1f01,thresh
391cfa41e4f10852,thresh
393a3226a643079d,thresh
39551fc872e098ec,thresh
395bbee74d2bc912,thresh
395f598fc4d7b3c1,thresh
3960c456f51d8e5d,thresh
39619a5abede3bc3,thresh
3964fe81295dc0ab,thresh
396e568ed1b4b5a9,thresh
39711d031d7fd1c6,thresh
3981ee48a8590296,thresh
39baf127753adca0,thresh
39be21f6b4a64175,thresh
39bf089151ae5feb,thresh
39c3a0de9e845808,thresh
39c7a9556177fa44,thresh
39f537b4e6f27fb5,thresh
39f76e31d47e4ec4,thresh
3a66e14aa47db797,thresh
3a6f5c825e03664e,thresh
3a7b4d6a41d98dc1,thresh
3a80c2b65e843cae,thresh
3a8fa57853b5e03d,thresh
3aa00da029868d04,thresh
3abf92846bd37b71,thresh
3acc13925ab69859,thresh
3ace39a71c72ed71,thresh
3acf83df3fb880f8,thresh
3ad3955e04ef1815,thresh
3ad56e7487c70ea0,thresh
3adae8d49d51a1b8,thresh
3ae9fabb3df3f3d3,thresh
3aedc3f957a058d2,thresh
3af773e45597b710,thresh
3afa06969ea16794,thresh
3afe8779d6cbdd33,thresh
3b0b7853a2278c82,thresh
3b40dabf15cff96e,thresh
3b4d29675b53c678,thresh
3b53f2bef3da8513,thresh
3b5df0d14a7ccfdd,thresh
3b7bdea78b06ca56,thresh
3b8007cc0a5e9796,thresh
3b89009ea627d716,thresh
3b98fdad6ce57543,thresh
3ba7289f3f24ed11,thresh
3bdd31c94928e20a,thresh
3c0130da701efa67,thresh
3c1023cce6414ae2,thresh
3c19e10b113dbe98,thresh
3c3f6317899b10d4,thresh
3c52b96afab46a96,thresh
3c54e7ebd4daac89,thresh
3c5cbe090c6ea024,thresh
3c934e54e4e1ac06,thresh
3c9c077f806d5682,thresh
3ca6a237cd3ee4d8,thresh
3cbbdc613aa6f575,thresh
3cbc4bbd5539d59c,thresh
3ccc54bcc189151c,thresh
3cd9b4526268c295,thresh
3cf07e599abf85d3,thresh
3cf291762a397c08,thresh
3cf4c0dfeb217360,thresh
3d04a37e248e94c1,thresh
3d05f847e26516ce,thresh
3d0d925c6ac98ea9,thresh
3d22cab0f79d9bd0,thresh
3d381af34af49879,thresh
3d46d5112fab53ba,thresh
3d50006d8ea47a3b,thresh
3d5c32f479b72260,thresh
3d5ca90dd34bfe0a,thresh
3d5cf0ac2f2691a7,thresh
3d652f44324f5b7f,thresh
3d689448525d54d0,thresh
3d73dee5c8699af4,thresh
3d89ddd80116ed9d,thresh
3d8b13d6d54c8187,thresh
3d933eb5b930d30c,thresh
3d9a2ba4fdeb5469,thresh
3d9a419a80b25e60,thresh
3d9ea0402b160b5c,thresh
3db098526cd21b26,thresh
3dd7934bb17aa59d,thresh
3ddee740ae7ab17b,thresh
3e0013d7244e0f9c,thresh
3e10a9a2c8ed1a62,thresh
3e38bf3678ae7b09,thresh
3e4054b75b54f4c0,thresh
3e4f0313633f7357,thresh
3e7ba254c51115ab,thresh
3e8e4e2f95faa75e,thresh
3ea18db9c7324e7e,thresh
3eadd62264baa848,thresh
3ec8a00af34b28d2,thresh
3eca0b8dd38d80aa,thresh
3eca8868a584a516,thresh
3ed06447f67ea64d,thresh
3ee24582b7c26a18,thresh
3ee6e4f7d687a11e,thresh
3ee773eabbfcdd6d,thresh
3eeefeed8eafd73a,thresh
3efa63a90064b808,thresh
3f01848227dc1d80,thresh
3f05e64c1414eed9,thresh
3f1e45b1fa82b806,thresh
3f238be7cb279318,thresh
3f246505e9143d16,thresh
3f6c4c219688daf9,thresh
3f7441a66536ac31,thresh
3f7df081f41a7ea3,thresh
3faa7c381c1c2892,thresh
3fc9bfbbcf4c9a28,thresh
3fcd0b73ceb75322,thresh
3fe694aa9ae7acf2,thresh
3fe9a78f33791ae0,thresh
3ffb5ba252bcc109,thresh
4013f10ae838789f,thresh
401c9eba5eb113be,thresh
4029c475cc63b523,thresh
402e011012cfa9ba,thresh
403e1ad458d28fb9,thresh
4046832a4f2bc370,thresh
404bfad7652936b3,thresh
405035baff249126,thresh
405e7c4ef093ec99,thresh
405ed4e56f1a71a4,thresh
406888d1582e62c4,thresh
40766d46099b5d52,thresh
4077742c1855d6bd,thresh
40a1196b64efa486,thresh
40a2862f71f2704d,thresh
40b0fe4e8fee6972,thresh
40bd84a0373b674f,thresh
40c5011b970a3529,thresh
40c7d3e2a4d2c8b6,thresh
40d3ef9c9a8ee425,thresh
40d4bf2176481b02,thresh
40ed075dd739547a,thresh
40fb75683ec556c1,thresh
411338a5213b3880,thresh
411affc6ed5730f5,thresh
412d5838e658948a,thresh
412f03f1a4f4da35,thresh
4131d8fc7c16cd0e,thresh
41386f0d0c25929b,thresh
414253daf6beba26,thresh
414ace4068d42441,thresh
414af07ac1fbfcff,thresh
414ca00b13aaa929,thresh
414e88bdec03aa80,thresh
414ed4a84417b46f,thresh
4160ce2617b079ad,thresh
4169143cfa90eb22,thresh
4171c3a8dc832fe4,thresh
417233eb9075dfbc,thresh
4175d9b1aeae5711,thresh
417e2cd8a57778ad,thresh
418ebbc5ffc3ce64,thresh
41975894272956d5,thresh
419ef0371e55a767,thresh
41a93d17286f8afc,thresh
41ae7d96081f0499,thresh
41aeca22ad8a82d3,thresh
41b576923797223e,thresh
41b675d45d2a9ebd,thresh
41c397f17c5a5c50,thresh
41ddd7c3d2fbd0bf,thresh
41e5d995af298bc0,thresh
41e86c6c3d4c28bf,thresh
41f12ef0dd4bf6f3,thresh
420c1ac391b9e8df,thresh
426417035bd5b20c,thresh
4264fd1c363935d3,thresh
4266b67c57e3cfbb,thresh
42707095ec67d3e3,thresh
4276c5c78bb68b6d,thresh
427d171338b7cd47,thresh
428e828c7a7cec14,thresh
42984cc426c46b9b,thresh
429eaf95dcb44d7b,thresh
42b73a5f8e13a339,thresh
42ba37eb7d2461e5,thresh
42bc3d972e4f5c5b,thresh
42c32394a06d7300,thresh
42ccbd97b51329e3,thresh
42d44bb3b76acfe0,thresh
42d780928f7201d0,thresh
4305002cb2d6235b,thresh
4318ea49a0ee53bc,thresh
431f2c0f4af90fa4,thresh
4320f6ddfe75ee3f,thresh
4334f6c4d71657fd,thresh
43417c5dd26878f7,thresh
435e2ddb153f1d1b,thresh
438774e28ecea707,thresh
438c2dc9a67568f2,thresh
439a9f8303068dc4,thresh
43c4c80cde52711c,thresh
43d8d0d353fa74e1,thresh
43ddb2d3aa715d43,thresh
43dea2f339075336,thresh
43debeaa9050fbb1,thresh
43f3754c28b18f2a,thresh
43f5b79ef5635e3d,thresh
43fabed19bf30ad9,thresh
44030545051e8c85,thresh
44033eb060b2d99b,thresh
440449ec911108db,thresh
440beaa1f848200c,thresh
441652286b9bf4c3,thresh
442d56c0622f3ab8,thresh
442f28a06d32e5ad,thresh
443e96b90a31b53f,thresh
443f986b5c8abb0f,thresh
4447730f4d801d21,thresh
444f317847d1913b,thresh
4471426960ac4bb4,thresh
4477b32f82e929a1,thresh
4493ca61d1a98093,thresh
44b9367451b1eec3,thresh
44c6f7062a1746f1,thresh
44d3bd857bc77dd5,thresh
44d647d80f85419f,thresh
44d73cfc923dbe95,thresh
44e0a7110cfd006d,thresh
44e628f8fada6ec0,thresh
44e67f38962078ce,thresh
44f222d897bf5e95,thresh
44f51e2b39c033ea,thresh
44fbd1abda73aeb7,thresh
450f28cdfd44cd7e,thresh
45188afc6093c10d,thresh
451a1f999e839486,thresh
452063a6f5441a25,thresh
452b3e3337d92a1c,thresh
4534f7e7af007b11,thresh
45582d34f2876643,thresh
4560986053c5ab81,thresh
457a716e73a8eb26,thresh
457b63572f629e0d,thresh
45ce806e3bfa1f01,thresh
45d15ebc51281485,thresh
461183537184b8c2,thresh
462c14ca6abff04e,thresh
462eb8590bb9bd11,thresh
4643de6941d475de,thresh
467431f431799c1d,thresh
467d15f5a49a3570,thresh
4685a9a092cde686,thresh
469200fa9128e500,thresh
4697d139fbea8c3b,thresh
46ce8ccfedc05c4a,thresh
46d512a0e74fd33f,thresh
46dc492f8434a6ca,thresh
46eb983f895c4598,thresh
46ee0795b24a29bf,thresh
46f448d2f0bbd013,thresh
47093961ef592118,thresh
470ad0e7289e5e94,thresh
47140bb06ba3fb92,thresh
4718b39b011be8db,thresh
47456defd072a969,thresh
4752a9c06377a02c,thresh
4766519018eaa256,thresh
47674593632c236d,thresh
476db9ca78f4e45b,thresh
4778b6f24daf6a72,thresh
477f1249ea6263b9,thresh
478c12010ec9545b,thresh
4793ec639f410de6,thresh
47a5c15ca5057cef,thresh
47abd05163582436,thresh
47b7f8b37778694e,thresh
47c1fcee2d0f905e,thresh
47cabb3e63d23ff8,thresh
47cac8aa20b2678d,thresh
47d2c4aec5eb6d4a,thresh
47e085f3b8a4333f,thresh
47e1d4d70fe26e64,thresh
47e983b581f98ae8,thresh
47feee61407a90e5,thresh
480b39fefa32351c,thresh
48110c7d965c6f4e,thresh
482c0fd01853c551,thresh
482c1b7231e31185,thresh
482febe925d5ccb0,thresh
48402a487d26e95d,thresh
4851698aedefee07,thresh
4852caf8ebb2d183,thresh
4853c133f03fb669,thresh
48ca4766b1c9bdde,thresh
48ddf3636be36352,thresh
48e3c79a2c0e541c,thresh
48f2b2eb8a37c298,thresh
48fa6ac939f82691,thresh
48fd88dea9dbbfbc,thresh
49104b299eeadefc,thresh
49115a740e2e8770,thresh
492895ddeff027e3,thresh
49305be87ed49c8a,thresh
493d9fe9824e21c3,thresh
4957cdb56403b465,thresh
4966c14541118785,thresh
4968db1878da278a,thresh
496b3dd023e0b62d,thresh
4979781ed5922079,thresh
49817735a5ec5dfb,thresh
498c7770420f278a,thresh
49902fe821c41b60,thresh
49983647c9841372,thresh
499b5b6f07e6a3e8,thresh
49aeff3e475112c4,thresh
49cea04ef30d025b,thresh
49e224c3e8c3bfc6,thresh
49f06b60e83254ee,thresh
49febabe4a978958,thresh
4a11f84c93b5a27a,thresh
4a12c079ede9f808,thresh
4a1443d7ab5efb72,thresh
4a16e2a53c4f00be,thresh
4a1a4b69ff202e84,thresh
4a5a725fe3b9236b,thresh
4a666b919a0c871a,thresh
4a7422d3cec204df,thresh
4a8ce8029024aef3,thresh
4a91464fd03290ee,thresh
4a9273ee897c03af,thresh
4a976a3b597e87aa,thresh
4a981b24db0a5de7,thresh
4ab3fff997747e8c,thresh
4ab9542adf2d9c3d,thresh
4abca111f90b9b84,thresh
4abe4c6053074699,thresh
4ac86269b55a20d7,thresh
4ae40e0a759a8852,thresh
4aeb574b5d831a65,thresh
4b00f2a3c22b4f1c,thresh
4b04fb6bfda81fbc,thresh
4b0634478bac995f,thresh
4b1fecb528610157,thresh
4b28178792cbd3f4,thresh
4b33043c0e48a0e4,thresh
4b3e192dbda2c4c9,thresh
4b410f8634d4f3ae,thresh
4b603a54dd113901,thresh
4b83d1befe27c433,thresh
4b8736dad5d74c60,thresh
4b8df212ed1f622f,thresh
4b96690c4c52afb0,thresh
4ba0189778fd5a84,thresh
4bab9555682fc40c,thresh
4bba2ea196138483,thresh
4bc411978bd7b1d9,thresh
4bd3134f5ae97e02,thresh
4bd89d801e21d39e,thresh
4bd991b7b0089a5d,thresh
4bf5028aa251eeca,thresh
4bf83f9842520fe9,thresh
4bfcedc484c07ec7,thresh
4c089850c99bb462,thresh
4c29957c1247111d,thresh
4c32e6c08ba8569a,thresh
4c4221c13bd435a9,thresh
4c909e63486ebbbe,thresh
4ca41096eccbbc6d,thresh
4ca648a253f1b5b5,thresh
4cb5f084e7614ddf,thresh
4cbdfda09c085593,thresh
4cbf82636e3e1443,thresh
4ccf2dffe801afd5,thresh
4cd71c3148abb268,thresh
4ce0d415f3320aaa,thresh
4d12ae07eccd3b73,thresh
4d36dee86a19903a,thresh
4d41a3caa76f2f1e,thresh
4d43484d3b87f5bd,thresh
4d483e0bd4d0d266,thresh
4d6aac8e5a910d17,thresh
4d7a10ae7a7c7621,thresh
4d9d40d12c8111db,thresh
4dc384413ec6da42,thresh
4dc5050d8bef35be,thresh
4dd36f50457ee8c1,thresh
4de3f071c09ce62c,thresh
4de92c74463c42d0,thresh
4e0ab6f2ddb9987d,thresh
4e16429b9393ea3c,thresh
4e28d515674685fa,thresh
4e44cf93094a1d7e,thresh
4e58eb0a0cb53563,thresh
4e68de8df3b84f20,thresh
4e71a7bd62e91e39,thresh
4e7288d4ce2d4979,thresh
4e81809ce22e8322,thresh
4e89e395e085f105,thresh
4e8c4b7711979bdd,thresh
4eacc8afed5670d4,thresh
4eb77829e1a87269,thresh
4ece29e5edd2f16c,thresh
4ed3362e93c7c3d1,thresh
4ee0c98f8d863acc,thresh
4ee6f76f30cd1eff,thresh
4eea8d2629ef41b5,thresh
4eed108b48d552c4,thresh
4ef0157d9904dfbb,thresh
4f1659964f648849,thresh
4f2f6998daef1b58,thresh
4f416d0e67fa0c6d,thresh
4f51aa1fa3a27d1b,thresh
4f60f4f25831be75,thresh
4f9804344d841c79,thresh
4fa494969791d153,thresh
4fa7e0bb90941cf5,thresh
4faadf7422ba82a8,thresh
4fb4c18de85ca2af,thresh
4fc4776e43ab94f7,thresh
4fc8d4ff4f18946e,thresh
4fca51851a57d5cf,thresh
4fcfddfdbbf7b230,thresh
4fd5011ea3faf1da,thresh
4fd90fa3c45bef8d,thresh
4fdaeaa7448d4af1,thresh
4febcbf26c5fac10,thresh
4fef4b618f0b8ea4,thresh
4ffebd4ee977894a,thresh
5006d7b0bf4b5263,thresh
501102105459bc7e,thresh
501491ba01d0d115,thresh
501d89fdce2f9ba8,thresh
5025f0856ff043eb,thresh
5026e064baaa5fd8,thresh
5029f6351fd56bc7,thresh
502a7c4ab355ba1b,thresh
5041c448fe6dcc39,thresh
5055f824318237de,thresh
5059a62052ee1402,thresh
506bd7051850ff65,thresh
50702d6ceb8aeb40,thresh
50708c725cf16710,thresh
507344220aff7604,thresh
5081e66c20bf41ab,thresh
5083496eb321757c,thresh
508e511a02c491aa,thresh
5093cc39aed29b7f,thresh
5093f958790536ba,thresh
50978c6c7d72975c,thresh
50987be0f4697258,thresh
50a7c8876a238ba1,thresh
50ac5b61300a3047,thresh
50af3c443d1f1347,thresh
50c54954c97b7743,thresh
50e5c9c6c4dcbe97,thresh
50f42b2778a9235e,thresh
50f8107f2b9c9860,thresh
5111e12f8cadbbd0,thresh
5113e82e19f392ab,thresh
5127eaf60b91ffdc,thresh
5133f36966f1917e,thresh
513ede75dbfa9dbb,thresh
5140eb3f05d2f875,thresh
51494cb8fb2d942e,thresh
51756a58beba4517,thresh
517a1c3d3acd3090,thresh
517bd602034a3298,thresh
5189aca472d792c6,thresh
518f4aade4974172,thresh
519b6cbb376e9c0b,thresh
51a7efd912354a59,thresh
51b922152386eb3e,thresh
51c0d97b4d57c31d,thresh
51c27d4b78ecc120,thresh
51d96fe418d28685,thresh
51d9e9275a30b9d3,thresh
51fcb831328e56cd,thresh
5204640448d175a0,thresh
521e2b64034aba51,thresh
5222514f1003e2d2,thresh
522671a6bc9cabb6,thresh
5233e8024c2d6184,thresh
5246860a4e7a290b,thresh
525f54ee2bedf89e,thresh
52afbc0ab7318234,thresh
52b4747adc0d9fdd,thresh
52ce074f2072e62d,thresh
52d77a7733caa2af,thresh
52ea6e94ecd52871,thresh
52ec4afb1c9478a8,thresh
5309bdce6d5d1296,thresh
530a79c61bd6122e,thresh
530fd560cc3e0cd9,thresh
5319106eeb883c10,thresh
532d196620edfd7a,thresh
533123a48d31c2fe,thresh
533f21ea9bf4315b,thresh
534be6554567027c,thresh
53690f9bec93aea8,thresh
5372dfccbd8c6668,thresh
5382ed56e5759dc2,thresh
5397bdd126622831,thresh
539d043e8c9ee236,thresh
53a5476e840dafef,thresh
53a7b4dc346d8747,thresh
53a83b1e66b2b7d6,thresh
53aa1ef318a2ce3b,thresh
53b5be4343692caf,thresh
53ba1dd6b24ea3fa,thresh
53ce58f0cca3f78d,thresh
53d754ded65be603,thresh
53d97db879ff5861,thresh
53e828922c3642d6,thresh
53f598da1c430ee5,thresh
53f6348bd9e5ef6e,thresh
5409103f59336c2d,thresh
5423f78b481825a0,thresh
542ce7e593edae07,thresh
5459bc7b90d3cd21,thresh
546cdfada30b9a59,thresh
5491718986a72c55,thresh
549562f82c4bb970,thresh
54aa77bc3d847b11,thresh
54ba2e498860ebb6,thresh
54d47c416b605cb2,thresh
54dffd9505b2f422,thresh
54edd090960ecd9e,thresh
54f139003d51b6a1,thresh
54fd2518574c174b,thresh
54fe911f7fa1d7cb,thresh
551ba0fe29e20abc,thresh
5521fab42d044018,thresh
55236323783c5c68,thresh
5531e7e6df6237fd,thresh
55323484838db209,thresh
5534a7280770e838,thresh
5536a749b08bc8fb,thresh
55414a8aa6227c44,thresh
55609e808ddc97ff,thresh
556b4a5e540ac190,thresh
5576f6d613e0d1c6,thresh
55781131950baab5,thresh
558ca1d4e223ead1,thresh
55c65dd60b54d596,thresh
55c6632514a8ffa9,thresh
55ca3e05b086c173,thresh
55d99639dd6b330f,thresh
55db88cf87e45222,thresh
55edd24383f1a45b,thresh
560723ae948093c2,thresh
56125850128c135c,thresh
561cfc4d35693328,thresh
5632706db57e2761,thresh
5644c6bdffa8117c,thresh
5649495e917a42be,thresh
5651400357dd430a,thresh
5667d5911946aa57,thresh
567eb7127cad9b0f,thresh
56afc09b39d271ec,thresh
56b2c5a99c4878c7,thresh
56b85a31d1c3e754,thresh
56b9b566eb995aa2,thresh
56cff973c96e8448,thresh
56de9a2bb76eb4e0,thresh
56df8e84b2cf75c9,thresh
56ea069b95eb2faf,thresh
56fe56b77d73561d,thresh
570036a733b53cea,thresh
571ab3fd7ae3f79c,thresh
571f5a52b33f0766,thresh
572716a9e1c3d3b8,thresh
572df1a33b374f81,thresh
57436434a58d06f7,thresh
575f9b2c1cc07ee3,thresh
576b2617cc234c57,thresh
5798116d28dc3870,thresh
579a22a2a56d0b65,thresh
57a1f9bd69abc4b0,thresh
57ac536e0aac6035,thresh
57bdab0232fe2932,thresh
57d68d2c509853ef,thresh
57dc89a647c002b7,thresh
57e2d02839ae1127,thresh
5800cae8fecd3f47,thresh
581a0d09b8759a81,thresh
5827c4fe85518d4c,thresh
582830cd4496fc6d,thresh
583bc70537104d29,thresh
5843ce3776dd1d3b,thresh
584b0d04604b28f0,thresh
585b80cd831e3fcb,thresh
5860966734898f92,thresh
58778282e48d22dd,thresh
587878a0d889284d,thresh
587ad455b62316d2,thresh
58923e051d684c0b,thresh
58a6353142480f33,thresh
58b9cbf65876ca43,thresh
58c2d1c1dfe526ac,thresh
58cca658e2beb9cc,thresh
58d5d7fea4382b39,thresh
58d911fb0da004b0,thresh
58ef3b6e5ca69c86,thresh
58f1bbf57627fe35,thresh
58f8264c9fdac6f0,thresh
591e1b3837574ef7,thresh
591fe02415d7dae3,thresh
59472e03e9764ef6,thresh
59483b6e1363fd69,thresh
594cdce73fa2087c,thresh
5959aed6cc93ef11,thresh
595f75d8caa80779,thresh
596a9b8e8d458355,thresh
597dedec71daf7da,thresh
59823c4aaf75ad28,thresh
598ea1fb10738ac7,thresh
59942f82ae4462b8,thresh
59a295885d985ef1,thresh
59a760edf3f287ce,thresh
59bf54a4bfa5365e,thresh
59c288bb9d3f9a67,thresh
59c54fdc17a0c5a0,thresh
59ca1b19dbdb0838,thresh
59d14cb125fc90f6,thresh
59d436208fb22116,thresh
59da09508122631b,thresh
59faa2f7f05cf8bd,thresh
5a07e880dd4617d3,thresh
5a12401a61d8919e,thresh
5a2feb0d3aafa32d,thresh
5a4756c054c66edd,thresh
5a58d665667408f0,thresh
5a59a2ee04ec5f9b,thresh
5a5f7ffbea0553ab,thresh
5a68da823969226b,thresh
5a8245c7fa5a368f,thresh
5a86c915a3923136,thresh
5a89b3dbcc7aa549,thresh
5a9affcf9295c109,thresh
5aa8c320962a83c3,thresh
5ad8d8ae4feb3354,thresh
5af903338b0201cc,thresh
5b0324933d63866d,thresh
5b19f3edba9cb306,thresh
5b2a5c10fbd59389,thresh
5b3a3055104aed70,thresh
5b488f58bd4bcb19,thresh
5b55a3254030122d,thresh
5b582d788d6a1b16,thresh
5b705008bbb2ecc5,thresh
5b7187b34345af18,thresh
5b748d559b150f8a,thresh
5b7d07e3b5faac8f,thresh
5b7d8072a7784c02,thresh
5b8cf20917fcce4b,thresh
5b97427edf7746e3,thresh
5b9b494fdc64692c,thresh
5bb9be028aef5d59,thresh
5bc99851326c9c75,thresh
5bddcf40dd25c3d4,thresh
5be2db268c51e151,thresh
5be3c8f1eef6da47,thresh
5bf61d4ad34215bd,thresh
5bfacd1d30fd48f9,thresh
5bffdbf621c1bca4,thresh
5c1340e91efec7d0,thresh
5c144580991b299f,thresh
5c1761a8af37844e,thresh
5c262c1a18b30650,thresh
5c3ae677fb5e6637,thresh
5c6f13ea4417a672,thresh
5c7cd4520b025205,thresh
5c90c7b4480c6f7b,thresh
5c9cc0a81c29a828,thresh
5ca8c7a9a65be7cb,thresh
5cb3baf013db1c1d,thresh
5ccc84f7bbd634aa,thresh
5cd643eb770f1991,thresh
5cf612e81a9793e5,thresh
5d0425c4fdcc500f,thresh
5d12e3b56db33d96,thresh
5d1c496c1ce34c9b,thresh
5d2c6622bc3c59b3,thresh
5d3b362f071f9d1b,thresh
5d3b8fecc28343ad,thresh
5d45bcb94c841a10,thresh
5d48c3f93a2be1d2,thresh
5d4fa53c5a47f2eb,thresh
5d56c140443d811d,thresh
5d584925e87be71f,thresh
5d5dabdae2ebd97b,thresh
5d6137a4033ae5eb,thresh
5d63ed2d5bef3715,thresh
5d7102556ceef9dd,thresh
5d859ff1d2e615a5,thresh
5d92f49c056ee888,thresh
5d9ce8e41eb9c507,thresh
5d9e36fa871a712c,thresh
5db73cb28e44afe6,thresh
5dbb145c009baa54,thresh
5dbf997ff526ba94,thresh
5dcf295953dfabee,thresh
5de8e9bcaa183c00,thresh
5df6a6277252778d,thresh
5dfce233c75cfcdc,thresh
5e0f62f075381dee,thresh
5e1f5d3050d4b54c,thresh
5e208eeff5477c6a,thresh
5e29e08193bea94d,thresh
5e2a1a9321fdc646,thresh
5e2cced82cba7592,thresh
5e38cfa3808204eb,thresh
5e3efd74fd95973f,thresh
5e4d4d9206726724,thresh
5e56f3cc541aa24e,thresh
5e7ae750ab859a8c,thresh
5e8455178a7bc1e2,thresh
5ebba441d795e192,thresh
5ed23a5223040cc5,thresh
5ed30984c0613533,thresh
5edb5fe93b15dc0a,thresh
5eee5f9995ff4f9b,thresh
5f04949ee1448b20,thresh
5f09a30dc207214a,thresh
5f3710e652b4cb17,thresh
5f42aafdc6d74afc,thresh
5f435735d8b5e82d,thresh
5f471838fad3c131,thresh
5f5be793d50e0524,thresh
5f67e5c019f000d1,thresh
5f7debb32c3e6855,thresh
5f821de714f1c673,thresh
5f853c9b3bdd297d,thresh
5f8fcbbbab219d8d,thresh
5f97970d40fbc9c9,thresh
5fa590ea4d1d9041,thresh
5fbfcbf8760834de,thresh
5fc8f3f2475b2946,thresh
5fdf5339393f8f8e,thresh
5fe24549e50663e7,thresh
5fec15579a90740e,thresh
5ffe1c22a8d7a71e,thresh
5ffeffbf9a35b8ee,thresh
6007ea9f2e9f45d5,thresh
600cb63b86521a97,thresh
600cff6c336426b0,thresh
602baf5828736181,thresh
604f995e56f3b902,thresh
6059872a7363cf0d,thresh
606f97a7638b6b73,thresh
6086f11fec03e4ad,thresh
6087c06ade66af38,thresh
6093ebe97bcd45c8,thresh
609ca16cc2fa54ea,thresh
60ae5ecbeca3dc19,thresh
60b251d7818d8462,thresh
60b63ebc95f89abc,thresh
60bb6aa559e742f4,thresh
60cc2e81bb2bf18f,thresh
60cf0c3aa7db8b4c,thresh
60efc53b2350dd56,thresh
60fc839ddcd24908,thresh
60fce7ccdf0b6b8f,thresh
6106a2cad6d8eeba,thresh
610cb6e356309a7d,thresh
61157089304ec9a5,thresh
61295d98fc1b289b,thresh
612acc1f4e88e092,thresh
613414004cf9a3fd,thresh
6136aae4944b9004,thresh
613a10d6a70da6af,thresh
6145beef793c0653,thresh
6148077e8f9a9a22,thresh
614b76e26f908ea3,thresh
614d1971e622b1c7,thresh
615328801c0b57db,thresh
61562e81ce471259,thresh
6157017705137be4,thresh
615734ebd255eebf,thresh
6169f5b703c326a3,thresh
6188c8efd6b0170c,thresh
6197ac2305311486,thresh
619ccd5296bdc5d0,thresh
61afa16556d3c4d6,thresh
61bb5ae6af44cf49,thresh
61d0667f3bbbec54,thresh
61de7a3b042de2c1,thresh
61e5435a37d2c950,thresh
61ed66783d2781af,thresh
61eeb15f7deda556,thresh
61f70220345d950b,thresh
62077ddf13e9e988,thresh
6217c909d12fa26e,thresh
62350d161b698b97,thresh
6249ecbb572e7e99,thresh
62569716a4cad817,thresh
625b4650306fd187,thresh
6278801c634dfb4f,thresh
627b6d890ee67442,thresh
627e636343bd2853,thresh
627fcd556fdd3816,thresh
6282f1c1f5afcc66,thresh
629c0502bef4141d,thresh
62b239e912c8d052,thresh
62c145f7f3f8c765,thresh
62ca9cc9dd7362f3,thresh
62d5295ab912338d,thresh
62d6ac99647654ac,thresh
62d7009fdac0c105,thresh
62d8b5de9266e888,thresh
62dd22157b80ea30,thresh
62de66dd8dc80f24,thresh
62e64883b0bd57ef,thresh
62e88971ab4983c3,thresh
62f41019aa7a9a67,thresh
62fd88d3e5a0c0ad,thresh
631a1a27478d30f0,thresh
63468eaa2d43cae5,thresh
637425df493728ed,thresh
6382f099fada7740,thresh
6385f2f51632cdce,thresh
6389862065fd7c56,thresh
638adcb39882b3e9,thresh
6395f970589d81b4,thresh
639d3679b118331a,thresh
63b28f15ad563cbc,thresh
63bbe31993071e9f,thresh
63d2f529eae987c2,thresh
63de79002ae30427,thresh
63e15624d379605e,thresh
63fb7921ec09db06,thresh
64049068fbe2a5cc,thresh
64131be3aa12f7b1,thresh
641333e9a8ef7976,thresh
6425598ec7e22209,thresh
642a57bfb4cb0f25,thresh
64315e0596cabe2b,thresh
643dd68e7ad04471,thresh
6462a13fd96748ef,thresh
646a38a4eaf917eb,thresh
646fd5967ab2c55d,thresh
648e1df71f8f0650,thresh
649571655c01a047,thresh
649dc3e6e946e164,thresh
64a0b9a74461554c,thresh
64a0fa3578709e98,thresh
64c802412d529a15,thresh
64ed73aa677f4720,thresh
64f3b9c5a6b20ad5,thresh
64ff9629b28f4652,thresh
6506ed920f80b3ba,thresh
650770f2697e2fca,thresh
650c3678070a8e73,thresh
652f37ad82879cf3,thresh
653ad098cf212e80,thresh
65469371515c02a9,thresh
655d000ac2c3bf07,thresh
655fd9d03b2f0577,thresh
65710f26e123b5b1,thresh
657f4842a9255f5f,thresh
6588280ae981a447,thresh
659e40a74c69cca6,thresh
65a24a89390ecd5a,thresh
65b5d30f73ac6f1e,thresh
65c2f5cb35199380,thresh
65d82336fe0fd484,thresh
65dd0db3a186c093,thresh
65e67327955ea284,thresh
65e7b70d73506e96,thresh
65ee8f6edbb8643a,thresh
65f3e7fec1a650f3,thresh
662768af6042b98b,thresh
662a1ca1a109762e,thresh
6632ca248b45188c,thresh
665c49231b9d632d,thresh
66734a219f726d82,thresh
66789a5525a7a1fe,thresh
669fa95594777381,thresh
66b1d664aeaacd83,thresh
66b2f39b5ccce202,thresh
66c0d583bc98cdc7,thresh
66c36af261264d46,thresh
66cc062711ec8315,thresh
66dac2b9b79a293c,thresh
66e54eb17e0182f0,thresh
66e59950f4b90189,thresh
66f01ea3592b193d,thresh
66f6bcd20dbf176b,thresh
67209a36b5624ed8,thresh
67220ffd3b9fe068,thresh
67260b29e7c53847,thresh
672825fb63e314b7,thresh
673df04a22183178,thresh
673dfc1f60786cfa,thresh
67571c2c0e7840e7,thresh
67580725fd91842a,thresh
67593208f130e1d7,thresh
675a3523aebd12a2,thresh
6763f57dc4d99681,thresh
676dd7f23502da93,thresh
676e21320213c097,thresh
6774bca4d6dbf97f,thresh
6774c64144c46939,thresh
678c87188b6374b8,thresh
678f9a2f1d8daef7,thresh
6790b9e7cdaca438,thresh
67a3332b93f72316,thresh
67b24ed7e46a1485,thresh
67b6a7f4a5047f91,thresh
67c1e9ca246f981a,thresh
67ddfa0f38b6677c,thresh
67e6c088457a2ba1,thresh
67f39c3708301f0c,thresh
67fde260ec36809d,thresh
6839d92687dcebe2,thresh
6858d8901410d4b1,thresh
68687598270b97e8,thresh
6869012f96f7463f,thresh
68706032fd6dfd9d,thresh
687b191b6d565f20,thresh
6880d6e1bd3137c4,thresh
688cf4a45b6faf04,thresh
689cadf68a566fd9,thresh
68b0312296dcc977,thresh
68b3972889060a2b,thresh
68b5f028e32de56d,thresh
68c0f8530abae551,thresh
68cfc11e9dcea228,thresh
68da87f69b993b35,thresh
68df7de743170d6e,thresh
68dfdaaa6916faf2,thresh
68f17f022ee390f0,thresh
68f6760ec6c5338a,thresh
68ff1965c65176aa,thresh
69082355e78359b1,thresh
690a478c8ef0475f,thresh
6910bbad119030e3,thresh
69161b3190120d65,thresh
691ac47362be3d63,thresh
692f385587110749,thresh
6931fb1541ce2f7e,thresh
696064e853ea3fe1,thresh
696aa00bb046a272,thresh
698a17b5e6012c52,thresh
69a747e30614fe47,thresh
69b0362415ba104b,thresh
69bd88ffcf16e309,thresh
69c030fdabe443cb,thresh
69c2ae4c5c728997,thresh
69c2ee1697a8532d,thresh
69cf319f59357f2a,thresh
69d66d56d4c6e966,thresh
69dc201cfa5687b8,thresh
69fe3d1936a86f6f,thresh
6a213fa3a0f09cc1,thresh
6a2906378b06ea61,thresh
6a2c37bcc0c0b76f,thresh
6a4d789619916986,thresh
6a514d577e05cba4,thresh
6a5fca5123191fdf,thresh
6a70b761614984db,thresh
6a7c6eda12c16368,thresh
6a82e553d09c4935,thresh
6a844d70651af9ff,thresh
6a9f4af6d51fc9e2,thresh
6aaf1de7cf4d47c2,thresh
6ab1ca2a17c570bf,thresh
6ab2e9fb3f3c8cbc,thresh
6ab4391ab0b32d61,thresh
6ab9ec62b6cd0060,thresh
6abe2e972cc3b506,thresh
6acad36770a0af22,thresh
6acb0ec6073e352a,thresh
6af0d13f819c5bff,thresh
6af112990e8aabc3,thresh
6af349d20419b7ac,thresh
6b06c274f0946076,thresh
6b0c60606e8ee3e9,thresh
6b22dba709fea595,thresh
6b49a9db1fa1a553,thresh
6b5918c4016fd9fc,thresh
6b5baebe47b8af0d,thresh
6b683f51a4532b05,thresh
6b6f14abcad05942,thresh
6b79b9cff87d04db,thresh
6b7cd891629ccc42,thresh
6b903bf10bf4255e,thresh
6b9b730f1379cd48,thresh
6b9fa71b66ead5b8,thresh
6ba8a165a3c0cb86,thresh
6baa59ff18ddda12,thresh
6bb353bcaa95e463,thresh
6bb86d75cfd9a108,thresh
6bc78d6210bce195,thresh
6bce866c5f2c6e33,thresh
6bd851ae58281f42,thresh
6be7ab1a9ba990b6,thresh
6bf6cd5d5f3345cd,thresh
6bf9e5484252d425,thresh
6c0250253741bc80,thresh
6c041b24b0a77dbc,thresh
6c0a0362d68e8b22,thresh
6c0aab4a1b34ee4d,thresh
6c0cb542f8fde6b1,thresh
6c2048bfe3ff9bc7,thresh
6c246dd6477596dc,thresh
6c2c8640324728b9,thresh
6c4b0399a6ac30e0,thresh
6c52206ee937d51a,thresh
6c5c01e957b18bbe,thresh
6c63f2bb9fb1cb59,thresh
6c6749a798aa8be5,thresh
6c6dd6e1d19f9bdb,thresh
6c8774b961ef649c,thresh
6c960b07336edcf2,thresh
6c9d98439521560f,thresh
6cbbdb4c16bf986b,thresh
6cbd707bc4fe78f6,thresh
6cd74fa14f11034f,thresh
6cdc1023c24d6ba5,thresh
6cf6514cb65b9373,thresh
6d0ed912c0293979,thresh
6d232e224cd5e665,thresh
6d23e5891a288081,thresh
6d2bdd10e76fc4dd,thresh
6d42b8d3bb1d6b56,thresh
6d4d826506c77b5d,thresh
6d4e51f8d5bc1340,thresh
6d4ee131e31ffdfe,thresh
6d55e97897ffac27,thresh
6d575e3a7a820c42,thresh
6d61d6526a69acb3,thresh
6d6e22602e9a7d22,thresh
6d717bb753fa7231,thresh
6db76a18890a16d8,thresh
6dbdef2471b9fb79,thresh
6ddabae4fce02ca0,thresh
6df4a1684771e099,thresh
6dfd16cd22ed6cd6,thresh
6e056127d33882b5,thresh
6e16451b7ae1e1ba,thresh
6e2ecce90bed9f4e,thresh
6e3649d13868e27b,thresh
6e41e91ac23dcd14,thresh
6e6e77eb8f49b479,thresh
6e79c129fbf77d65,thresh
6e7a63e7065e762e,thresh
6e7c1bea32dfbe2f,thresh
6e9a7a26514daa08,thresh
6e9e5272780822c5,thresh
6ea811453561d2cc,thresh
6eb297bd30f76df8,thresh
6ec1c5bba4d0e3f6,thresh
6ec455e6a7226580,thresh
6ecd75a36f54a86b,thresh
6ed7bc993f51a77a,thresh
6edd6b0183011e1f,thresh
6ee4a99750ad94f7,thresh
6ef55338c737aa72,thresh
6eff1bf0e4e43d25,thresh
6f01b436deb3a376,thresh
6f3d39785599626b,thresh
6f47e340e7812e23,thresh
6f7e2f9466c01530,thresh
6f7e5befef978e73,thresh
6f8498ea5e4c7976,thresh
6f84e209a318e30b,thresh
6f9cfaa33dc91bde,thresh
6fae55db8b70c2b1,thresh
6fb36d869c096693,thresh
6fd2d511a351ff41,thresh
6fdea7367e9d9f5b,thresh
6fdf8aacd57b1c07,thresh
6fe135bd15d35013,thresh
6ff71ff16dfc5760,thresh
6ff73a1f924f5386,thresh
6ffda0a17a241895,thresh
700639e06297cdcf,thresh
700d9fc7464e4909,thresh
7013c411cfcfc56a,thresh
701829f65273f63c,thresh
702cbe5dbcf22a8d,thresh
703b4ea98127e95d,thresh
7049528e7ed1b588,thresh
705d3a7eb95303e5,thresh
706046029d2590ff,thresh
7065b95c97c4155c,thresh
7078751a0c24dc05,thresh
708d3725564d0584,thresh
7092932fe045da8e,thresh
70a6904e8b2d001f,thresh
70abc5c6ab5d4dc8,thresh
70c3b738d0a66c39,thresh
70cf00a063d16e35,thresh
70d031e1c6bbbbbb,thresh
70dc4a44dd28cc59,thresh
71035d7bedbc4b47,thresh
71137d85954cbd8e,thresh
712e1b46e5057415,thresh
712e60727f6ea42e,thresh
712ee1a7537d3279,thresh
7150b95902253d05,thresh
715e034ffe2afb4d,thresh
715e6d15df5a2eb4,thresh
7173e4b0a2a02959,thresh
7196d3eacec10654,thresh
719c199e4e8a1900,thresh
71b53e22613618bc,thresh
71c092764d9b7e63,thresh
71c4b1dfb859046c,thresh
71ca94884432904a,thresh
71d68a86591ebecb,thresh
71e8e95f6177fad1,thresh
71ea5f75aa0ee0db,thresh
71eb56f35c610cf8,thresh
71ecae7672420e4c,thresh
720caf41b2151055,thresh
72174a28941fa0ab,thresh
721adac5bec22c1d,thresh
72215cdf1753efbc,thresh
72361cbbd0a719e7,thresh
7258e8ba73593b86,thresh
725b7f3bcfa6391b,thresh
7261c47ec42e6bf0,thresh
72846a347d3fb880,thresh
728ad73ee67484f1,thresh
728ecff2ec819888,thresh
7294154ba65b153e,thresh
72ab825abcbb4086,thresh
72afd8bccd7b88f0,thresh
72b9a8197dde0a90,thresh
72beff75685cb8dc,thresh
72c9b65896433960,thresh
72d39658e2974311,thresh
72f7cc180e7bdfea,thresh
72ff0704ab18ff7d,thresh
73087f3710a93ccd,thresh
7312cd31c5864e15,thresh
7313dea9f5cf3db9,thresh
732c69949c698110,thresh
733f24d61404229f,thresh
734983675e754921,thresh
7364145e85ef8b16,thresh
736727784efcff04,thresh
73835f3f3e65321b,thresh
73b85e68fce9b6a8,thresh
73bb3bec2c4d2b2f,thresh
73bf7c07ba5946e4,thresh
73c1ebfbb8bbfb9f,thresh
73dd748bd08dc838,thresh
73de815e12644f66,thresh
73e74767b253ca26,thresh
73e94d8faa7247b3,thresh
73f681e842c81423,thresh
73fcc34d58a0563c,thresh
7402e7f245f589e1,thresh
7418f565fe99fe8c,thresh
741fc793931c7303,thresh
742135463ff8e122,thresh
742f8bb51f9e9b7b,thresh
745dc3e06688fb24,thresh
746b0872c52fa8fa,thresh
746d1847fd82eed8,thresh
747659f8f282661e,thresh
7481c0ecce13521d,thresh
74884d3ee4265e1b,thresh
74933a70aa452000,thresh
74c114eff10094d7,thresh
74ea8c43fbf40882,thresh
74ebaabeee72f7bd,thresh
74f847f13bd0b28a,thresh
74fe0cab36943a33,thresh
74ff1f4c8d37522a,thresh
750619aeaf2f9deb,thresh
7506b56eadf7ff6d,thresh
7540214de99a9339,thresh
754716d0910df373,thresh
754cc77b12dfb9d8,thresh
754f30dff331413e,thresh
7557807868c770d4,thresh
755a992bd797f2d5,thresh
755d1b80ffcc65fe,thresh
75619006e6683ea7,thresh
756a5488a1b8f4b5,thresh
7582dde559c93099,thresh
758e9cca9ffa2cd6,thresh
75a8085b37ea3256,thresh
75b56f5945914c8d,thresh
75c99dc561e3a74b,thresh
75ca0bc5b4f4fa70,thresh
75d39c3a1d0c4cf2,thresh
75d6eeec56cb23a1,thresh
75d92f7069f151ca,thresh
75f8082e8a8bff27,thresh
760ee436aa311766,thresh
760f1e6b908c94b2,thresh
76129510258d1a3c,thresh
761eaeeb163068dc,thresh
7620a71c4fa6fe26,thresh
762d53a04fd6ec21,thresh
762ed6fb8bc455a4,thresh
763d3be4c4f2ef3f,thresh
764e9602c10bef4a,thresh
766cd136a1d69fa2,thresh
767fd3a21727b014,thresh
768af4da75611ff2,thresh
76932f0348d82af8,thresh
7699b00833e23c8b,thresh
76ac908f8d15380d,thresh
76b87dc3e2f9d762,thresh
76b9b8b6d63e196d,thresh
76bb462e19d56e82,thresh
76cedf9d718745ca,thresh
76d603ae07b2fa25,thresh
76ec3370a0750c1e,thresh
76ff73c9c9d8dc45,thresh
770b80f17c5b2d49,thresh
77256f2d8a15cdb1,thresh
772f679ce8605e1c,thresh
7730bf90b9074c0c,thresh
7730df48792f0564,thresh
7737f016e8476168,thresh
7748bca0834ce35b,thresh
77785c7888a00f3d,thresh
777872cb6d9490bc,thresh
7778f2d59d999a42,thresh
778020d548f18168,thresh
77b07b74cc9c2a2e,thresh
77e78865a05764f7,thresh
77ef2c3424eddb01,thresh
7836fce742c1dd2b,thresh
7849e511d1d1ddfb,thresh
784f844bb2ffc7e3,thresh
786d172713f902f0,thresh
78737d644a5176d2,thresh
7877fc0d3990f9a2,thresh
788caa1908cb7083,thresh
78938a43f08643b8,thresh
78a1f6c87677fea7,thresh
78ae2ad46e88aa8f,thresh
78aed0efdc28330b,thresh
78b115c560b79c9a,thresh
78be77437b1974d4,thresh
78ceb3518b7f2aa4,thresh
78fff19eeea34b8c,thresh
79073dbfacf348e7,thresh
7908bec5c6456ce8,thresh
791943886936eafc,thresh
79276151814e3f94,thresh
7930d7ad6ad97040,thresh
793e0b7118afdaa4,thresh
795117ccdbf020d5,thresh
795f5a7bdf558b0e,thresh
7969822e3df6f7d3,thresh
796b5ed31af0b0fb,thresh
79788dd91d090d77,thresh
797f457118e461eb,thresh
798a18616dfc915b,thresh
79b4e98c8a5feaf4,thresh
79b73d504d513d6c,thresh
79c7c5e6b54bb777,thresh
79e491380c895e72,thresh
7a08aafbe26c011b,thresh
7a26861734e4d972,thresh
7a307ac1050d092f,thresh
7a3a0e9f69537200,thresh
7a3dabc53de21971,thresh
7a40d012ed591375,thresh
7a42307c68a0dcc6,thresh
7a4b61c640c06a11,thresh
7a4f2e92b21b158b,thresh
7a5c7051e35e1228,thresh
7a624a47c3985311,thresh
7a69f5468699b54a,thresh
7a72bc356a5e4353,thresh
7a76532cacd1bec6,thresh
7a76b9a0a245a01f,thresh
7a8804c71667866a,thresh
7a930132ea45c1bd,thresh
7a97f2cacf0e3692,thresh
7aa7b6049e4bc3ab,thresh
7aa92445d4c65fa9,thresh
7ac737b38283ce7c,thresh
7ad298eeacc79c0d,thresh
7af8ee1bcb7fafa8,thresh
7b283f6c64d76aa0,thresh
7b28539f1e2f9440,thresh
7b481c9b22343f23,thresh
7b4a5263d62ed212,thresh
7b64f5027b7b09b9,thresh
7b812339a589c421,thresh
7ba4618ea5bea45b,thresh
7ba8496541181ea6,thresh
7ba8519026fd6ca0,thresh
7bbba17af9c27323,thresh
7bd3d0592f8f0bed,thresh
7bec4b86a8cf5f9f,thresh
7c06183d3f97a1fa,thresh
7c1ea9d849e39dc5,thresh
7c23158a8e1ae8cd,thresh
7c56cd2ee34ddf33,thresh
7c5b8e23018920a1,thresh
7c62007e9bebc0e8,thresh
7c62f5c15fc31f4f,thresh
7c66f44d1ae93fc5,thresh
7c711eb4cb7e5325,thresh
7c7e8fcd3acd638f,thresh
7c838b8e8379f9fa,thresh
7ca84c49a75f7595,thresh
7caa61029ee20aae,thresh
7cb026eb5d3a0397,thresh
7cd9a032f8ac077e,thresh
7cdfb392d47f1966,thresh
7d0520c019af20ac,thresh
7d2f27f161b577f1,thresh
7d3de49ff0769d6b,thresh
7d4c349317de01cf,thresh
7d5664b372dbf219,thresh
7d59d07ef9c5afea,thresh
7d7036465a0d6118,thresh
7da060601e66b08c,thresh
7dbb030a7bc76839,thresh
7dc5a57f6acaeb1b,thresh
7dca59e1ebdd47e8,thresh
7dcc4f466a307970,thresh
7dcc89029c0bfe89,thresh
7dcf136cd48e6ecc,thresh
7dda47bfb080b3ae,thresh
7ddf7f3e8352d559,thresh
7df43f2b2698e67e,thresh
7e067c1fcdef7aa7,thresh
7e182a808160a5b1,thresh
7e189877cf1c890f,thresh
7e2da18a07dd6c58,thresh
7e325279ad13f524,thresh
7e43983179b5a723,thresh
7e4d65fe92f1afdc,thresh
7e4e443c3844b856,thresh
7e5006b745b463ff,thresh
7eab34884cf36841,thresh
7eb1c28d46409fd8,thresh
7ec8f63041d3595c,thresh
7ed1fcef1bbe8dbe,thresh
7edadcabbabe8165,thresh
7ee2c44024cebab3,thresh
7ee73aeaf3c9b048,thresh
7ef5a5d6139a8be3,thresh
7f0f6ac4caeeb904,thresh
7f24f8db85055f07,thresh
7f5018d1e7e8e6d2,thresh
7f51d5760adb012e,thresh
7f5c4a1e4f422481,thresh
7f5fd6b9b622cd5f,thresh
7f65be5c213322cc,thresh
7f7fb5228f72f426,thresh
7f868951269369ec,thresh
7f87e19fa3d8a9eb,thresh
7f8c837160825c0b,thresh
7f94f14b3bef1384,thresh
7f964e4d43c8175b,thresh
7f9b58a63d64e140,thresh
7fa7f9cbd715024c,thresh
7fad54e46fd7abb3,thresh
7fb90e266fa575a3,thresh
7fc0e2ff437634f9,thresh
7fddd7bd1bc762e4,thresh
7fe0f5d5255a4f8d,thresh
7fefa874d89eefe7,thresh
7ff93ec2c7cb7ea7,thresh
8005de43577ef9c8,thresh
800bf3bfcd2b094b,thresh
8010415844de3825,thresh
80129fc3dbca114e,thresh
8014007fa651567b,thresh
801b1f818025cfec,thresh
801ee434b9963c87,thresh
801fe0a22df90f92,thresh
803367bfbfde7c7f,thresh
803c727980e53c92,thresh
803d9e552e62ec26,thresh
803eb8709bff8431,thresh
80418876213697de,thresh
8043548c8bbc5051,thresh
8051b970c0243581,thresh
80574b53a029c372,thresh
8078efd441a74fb5,thresh
808ed8dc09801e64,thresh
809ac5db2863b5cc,thresh
80b069b2c1e9e769,thresh
80b74e3d24b99bee,thresh
80cbdbc113ab65c6,thresh
80cec319dedbc6ba,thresh
80d052fd7307a440,thresh
80e17eb3160d8fc5,thresh
80e6a2cae196d85d,thresh
80efdc5d50170330,thresh
80fbf79cb89e5eb0,thresh
80fd01dbbcf1ca01,thresh
81091d6431e4c99d,thresh
812914a94476524e,thresh
81421e0d9e34114b,thresh
8157a0db7a44a9e5,thresh
819f212541c071e6,thresh
81b08dbee7bffc36,thresh
81b6673f6220afdf,thresh
81bfa6e43270a398,thresh
81c78050826b02eb,thresh
81d5c4e38d5d140e,thresh
81e26ccaec7e7820,thresh
81e27393c25c8333,thresh
81f813cf7e72c208,thresh
81f9722a1d583872,thresh
8206f8ed88ba7e24,thresh
8207f36b115bf8e8,thresh
8208200d40994bb0,thresh
823003cebe8a3f05,thresh
823db39c2133949f,thresh
824a4a5f58c16f19,thresh
825d2b91cf0cec98,thresh
827d023bc5d123a4,thresh
8289b133c16ef422,thresh
828fed162ce53c22,thresh
82933a4aa1cd8197,thresh
829f0cce8fdf258b,thresh
82b8ff8acb1c47f7,thresh
82b9080c8d83846b,thresh
82be3b6af74a8d19,thresh
82d6de9cab371931,thresh
82dfafa001545acd,thresh
82e5e996b6decabc,thresh
830cab1c5b9b937f,thresh
8312ec2ee6ed5801,thresh
831a490c9ab47734,thresh
8327b2d0069003ec,thresh
833048a269bf25c9,thresh
833c3e9b37a0d08f,thresh
83496948b2987fb6,thresh
83590be633b49ea1,thresh
8362cffdfb12df42,thresh
837b08342593617a,thresh
838985a3ea72be8b,thresh
839a0dec89d920ef,thresh
839fb31c21df356c,thresh
83a1c877e15fae82,thresh
83a1edc7488329f6,thresh
83bd7ae085713ed6,thresh
83c10b7950a36ffa,thresh
83c635767f4baa63,thresh
83ca80050a230c15,thresh
83d2655acfd09443,thresh
83ede7458734739b,thresh
83f5face02092530,thresh
83f8e0e7e8b75eed,thresh
8400f7e77c7a39e4,thresh
840e3c77a32bcfa5,thresh
8421561fb0319a6a,thresh
84356678792c4c00,thresh
844a78c7ad25a444,thresh
846d2b2c7ce41d5d,thresh
847b005c029b4c14,thresh
847b0fc7fa4356b5,thresh
848ba64211b22a82,thresh
8494f69776bbba51,thresh
8497c13de3bd8d55,thresh
849f0a74e42f2ba9,thresh
84b2ad146ff6e627,thresh
84cee1a5d538361f,thresh
84d998df467270f6,thresh
84ee5646920773c5,thresh
84f1542212c4285f,thresh
84f2dcee87585fbf,thresh
8511c8006c06c951,thresh
8526ea6958be285e,thresh
85335949a83ad6f1,thresh
85357c674ed4fe85,thresh
85425c143e603b11,thresh
8552abe56f4fe858,thresh
85659ed1479abda6,thresh
8567bdab0783baad,thresh
857098118be8e088,thresh
858b047aecfa5808,thresh
858bc38eb98f2e06,thresh
859bdba458673109,thresh
859be6836ae664a2,thresh
85a6bf76cbd03f75,thresh
85b1ae0f7eb8fa8d,thresh
85ca710592629d08,thresh
85cd22c8ff6c61ac,thresh
85ec882efad505af,thresh
85f404bfa6b98ea9,thresh
860f799176679258,thresh
861361ae4b1e6369,thresh
8623d38171dc845b,thresh
8634347b285c1570,thresh
8638439a7a59fe26,thresh
863ef39f8c5ee603,thresh
8670fe01eec582e4,thresh
8676b490e72a60f5,thresh
8685e98b780e4874,thresh
86870af87c0586f4,thresh
868d1f9999e8f2c3,thresh
869317c5cdf5347f,thresh
86935787a5085abb,thresh
86961ed7b5ed1375,thresh
869b9f6fa1cd4ace,thresh
869c70448ab4db07,thresh
86a3e57e1848cb22,thresh
86a7a3eb4e682d16,thresh
86c62416ca453d21,thresh
86d1c2bcf769765d,thresh
86e3f6e3136d68a7,thresh
86ea135ca6d41e6c,thresh
86f212790af4e8ed,thresh
8722e28c59d59969,thresh
87233f91500ac215,thresh
877903889856c51d,thresh
879513e17adb7341,thresh
879dace5db2fc970,thresh
87b165fc3dd93667,thresh
87bddf6a26aa30a3,thresh
87fd4ecb486e6d1b,thresh
8845c2b225acf6fa,thresh
884d0d22f1f965a4,thresh
884f0ecc5005a428,thresh
885dc076000568f3,thresh
885dd93aeaf5d148,thresh
8861a23ef0355cfb,thresh
8867ee6de98787d6,thresh
8879223ba4387f23,thresh
887e435158a2d468,thresh
88f58a8b3be34d04,thresh
88fb0ecc68df94bd,thresh
88fdb5c877a0f245,thresh
891113e03c34e1ff,thresh
8916f18ff05251a8,thresh
8920bcd44369663d,thresh
89294e7ba5a9b382,thresh
89484ce199f773c6,thresh
895614004671cdc0,thresh
8958f586f0efdda3,thresh
895984f59ab016fc,thresh
895a98cd6298039f,thresh
8976356d2888b47e,thresh
898f89b35c2d0351,thresh
89a6d696b82fe871,thresh
89b1ab6eacd127a2,thresh
89ba3a96262c775b,thresh
89c346f7738eecc2,thresh
89dd96ab4e82bbc0,thresh
89de29d44a96caf3,thresh
89f6afc497e9c379,thresh
8a084cf86f1256f0,thresh
8a0b5e9653602f57,thresh
8a2503d1d577e7bc,thresh
8a33c83a147e6f4e,thresh
8a433e8c20f66c83,thresh
8a49e7ce2db82287,thresh
8a4b2e76577eb0fb,thresh
8a5ef66599b03412,thresh
8a6a4b22593a8f8e,thresh
8a6bf5df8dd43534,thresh
8a77b2ea4468bc3e,thresh
8a825037b67d7a18,thresh
8a9f3fcb3db15918,thresh
8abc764215eb699c,thresh
8ac0cec5186cd095,thresh
8ad9c077e707ae8d,thresh
8ae5fc0511f44e84,thresh
8af7dabea8094fd1,thresh
8b057c174a58c2b8,thresh
8b1cc45a44aef948,thresh
8b3ba07e05ff223e,thresh
8b3bb44ac89d1a8e,thresh
8b4155cb4e53def2,thresh
8b4fa1fd7c29bacc,thresh
8b8569cda5d2a267,thresh
8b8b36ab9fcd83ad,thresh
8ba96bf307538c42,thresh
8bad0e64b64cb565,thresh
8bb65254aa9dec73,thresh
8c04de632130f89c,thresh
8c0a5ae8013a3702,thresh
8c0b0d8aac1e4a5e,thresh
8c190b688aee2e75,thresh
8c1f8e3cccfe1e31,thresh
8c361793b28cf96c,thresh
8c3cbf13cd8edfff,thresh
8c3e7699fb891faa,thresh
8c52f18d7e55595e,thresh
8c5f7911d56a9a58,thresh
8c8680597e9213d9,thresh
8c9c1a531ad7f105,thresh
8c9ff800b0d06eaa,thresh
8ca0048880a74e6c,thresh
8ca9b65c078bb634,thresh
8cab65a0eab6d945,thresh
8cb06eda56eca54b,thresh
8cb35bcab1ff2f4f,thresh
8ccab0d06c91fdb8,thresh
8ce265d58ecae917,thresh
8ce403cbc85ca466,thresh
8cf565d2dd1e5c05,thresh
8d02055af203e0a4,thresh
8d0d6900075e47c2,thresh
8d15dee3f382db18,thresh
8d1a10f501365a21,thresh
8d318527c77865b1,thresh
8d380cc07694370f,thresh
8d3a968cfba795b0,thresh
8d4654d0f2a0b936,thresh
8d57e8cc4b02ac44,thresh
8d59ebe83b530dba,thresh
8d7c854971f53651,thresh
8d80eb568e239f5e,thresh
8d93ca7ebd8fb45c,thresh
8dab841d9fb2e61a,thresh
8db9ee45f12a29c9,thresh
8dbe97bd8cdded9b,thresh
8dc17b847e874ea0,thresh
8dd124b6d8643c3c,thresh
8dd27994dabc61bb,thresh
8dd612ca35166895,thresh
8defb80d13dab5dc,thresh
8df21d26a0658c81,thresh
8dfe193b59b5d8a4,thresh
8e002542d63fc93c,thresh
8e088465dc4f3c99,thresh
8e1a4bcc2b79818e,thresh
8e30b2de937e8de9,thresh
8e3ae8340996bddd,thresh
8e45967e4a4ddcc6,thresh
8e47a94b41c6aa1e,thresh
8e599ce0ff16e7a8,thresh
8e61a26330bd6156,thresh
8e82ac1d01b02edd,thresh
8e83daaff67cff39,thresh
8e88d1e454e1ce3a,thresh
8e950798134ca77f,thresh
8ed46fed2190b696,thresh
8ef807d2c54d63e3,thresh
8efb7be6057ba9a9,thresh
8f079550cbe1980e,thresh
8f283cd9e3ee735c,thresh
8f290a730b6c4a40,thresh
8f2d856adb12f506,thresh
8f30c43b252e6803,thresh
8f4a2d3e9d2c30a7,thresh
8f4e0434a49b505d,thresh
8f5123f29835b5ba,thresh
8f51ffa6c89efbff,thresh
8f543ca768e7bcd9,thresh
8f5804bcc8e4a0b6,thresh
8f66ae312147a2cc,thresh
8f77445d5ef2d705,thresh
8f7aff864d0cafd9,thresh
8f7da5cb9cde5f97,thresh
8f85a6fbe8c38ad8,thresh
8f87ed85ca97cda4,thresh
8f8cb05d8dd2e38d,thresh
8fa88ee5290a967b,thresh
8faf348924d20efd,thresh
8fbf48764189d92c,thresh
8fc992c7f7bd2e02,thresh
8fd888e6633f05c5,thresh
8fdde0d44524801a,thresh
8fe0e79f6292fe2f,thresh
8fe2d1cb86471dd3,thresh
900b84b8c9c9f88d,thresh
90207546452dfdc5,thresh
90394397ee20b440,thresh
9039d5ce587cc9fc,thresh
9041f87949270580,thresh
904a0ede3379c326,thresh
90508c34e255465e,thresh
90550da1e69b9f59,thresh
906585c110118e6f,thresh
9075bf08c639cb7f,thresh
907a5b145452aa7c,thresh
90a14184a1967769,thresh
90aa8c537cf6388d,thresh
90de5a6f9d877815,thresh
90e7aebc5bba949f,thresh
910056fe9bfc6470,thresh
9137fd86c4e23801,thresh
914bcfe4d8c8573e,thresh
915225eb1ca907f1,thresh
9160bda3e6019048,thresh
9169b4df01e2ef10,thresh
9183ade0b837a167,thresh
9197b85d0d2223fe,thresh
919e69f65e6eab61,thresh
919fbb7c6daa23a0,thresh
91a66a47a68cb746,thresh
91abd394830590c7,thresh
91bd3380dcad439b,thresh
91bd628a03b6fc76,thresh
91c6c8e10e37c5f4,thresh
91d0af48d3681e4e,thresh
91d76b9ffbf99ee9,thresh
91e28d5eecf59e77,thresh
91f0c5a94c429d9a,thresh
91fb5ea53e4093d8,thresh
9227ef47087cf8fb,thresh
9263144f5f997101,thresh
92732abc0d2f8084,thresh
9275c2727610b31c,thresh
9285d6e638892bba,thresh
92d3f994682a6afe,thresh
92d690228459cf92,thresh
92d6d742ac3ed12d,thresh
92e99dddd8cdcaa6,thresh
92f3b67603a98a2d,thresh
931416c236d5e32b,thresh
9323d8afd9f5bb35,thresh
932e69679356a660,thresh
932fbed32ccf80ff,thresh
9331e592142c2ecc,thresh
9332c75905827101,thresh
9343b91b52a86fd4,thresh
934a5002c00b984d,thresh
935de526dd22c61e,thresh
936690bcd682ed50,thresh
936c4e3cf676b3a8,thresh
93753a5e99f102ea,thresh
93898a03a1577f69,thresh
939f067bacdc1deb,thresh
939f912d2e66ba41,thresh
93b019f320c8006c,thresh
93b8033ff3652df2,thresh
93b9afd7c67dd781,thresh
93c904598ef0b309,thresh
93d1460e374f8b3c,thresh
93d842de938a3929,thresh
93e9b6f6adbf9c64,thresh
940c6c8a168a3757,thresh
9419016c51a3811f,thresh
9437092585278640,thresh
943b985b13e5168b,thresh
944074308ad21b66,thresh
9448c22c2a67c760,thresh
94565e5d414ba99b,thresh
945a3d3321b6680e,thresh
9460bdded5545fcc,thresh
946119b49e15e5a7,thresh
946450a28caf4d8b,thresh
946754f03a39ef83,thresh
9471f64a859f3c81,thresh
94770bcb3630ace7,thresh
947945228c6bdf8b,thresh
94b1e9c86ed98a93,thresh
94c1df686b76222a,thresh
94e10a1428a14963,thresh
94e3fc5616488709,thresh
952f5ebb7e5d9fe4,thresh
9572826ab3aaa873,thresh
95852733b764a9f5,thresh
958a74e892b6a386,thresh
95924396106c40dd,thresh
95a54aedc3135c76,thresh
95cfdb39b8dcd71f,thresh
95d97bfea790af7a,thresh
9603ba297f81fc48,thresh
96182ab317bb6578,thresh
9630712b9162d0cc,thresh
96357b95eda13af0,thresh
9639d8ae5c3beecc,thresh
963ccc0933106e25,thresh
963d6bf3473e249a,thresh
965114059edd8346,thresh
9657eff52c0d6e0a,thresh
9659e31190383d8b,thresh
965b8c045f36bc56,thresh
96667225c5f06727,thresh
967a50ad6ec2b46c,thresh
967bb1469ac3920d,thresh
969f90237a1ae4dd,thresh
96a04e7c1507e49e,thresh
96ad2b77b73fc63d,thresh
96bc6c9ac50bac80,thresh
96beed6d3f77ae76,thresh
96bf6cd03873f2a9,thresh
96e3ae90d44aed72,thresh
96e51f790ef6facd,thresh
96fdee34ea52ddc3,thresh
96fe483b259dc207,thresh
970f33adac439254,thresh
97415d91d6bba7c2,thresh
9750d66506ff53ed,thresh
975cb6974bd7070e,thresh
9767393bc07ebabf,thresh
977154835454131e,thresh
9774df330881d7e2,thresh
9776e65b04de5d41,thresh
97786366e5659777,thresh
978e04ffa6193f29,thresh
97a2cb0634ac2045,thresh
97a6323cd25c134b,thresh
97b6d599d13973ee,thresh
97c2d5d6de970885,thresh
980d26a6c72cc4c8,thresh
980f008db9189da4,thresh
9810450f46f9ec45,thresh
9813d4c69ab5b0a4,thresh
981e276fcff46f7b,thresh
98214fd1bbb57620,thresh
9842400bdde8dc44,thresh
98445b37cd9518d5,thresh
98679ec937d169b0,thresh
986e29abff87d219,thresh
988470081569ec61,thresh
988a5b11183d2cf3,thresh
98af958a6150c87c,thresh
98b7abb99ec9bfc9,thresh
98c1a1d1d53e332a,thresh
98cd5479d832c7fe,thresh
98e9079a08691f36,thresh
98fa937f5f8acde2,thresh
98fb72eee9cb2f0e,thresh
98fd067f36c8d9ec,thresh
99031e14c83420da,thresh
990e94c6af923ed8,thresh
99292a6e0683e2aa,thresh
992a16a50b0cd722,thresh
99325fc1f1d21bb3,thresh
9942ca580993bba2,thresh
995f08fddde923f4,thresh
996090430072a8f2,thresh
9972e394548ae4d7,thresh
997618e018aaa1b4,thresh
998808d287b84c19,thresh
9995b86fcd1d1f96,thresh
99970c1c82016d0c,thresh
99a0d2bc9e120d10,thresh
99ac2f44d2e10d87,thresh
99b93c8a6ffdbcf6,thresh
99dc7a964fd2a38c,thresh
99dd1d92120170ba,thresh
99de4bf5e715e5f5,thresh
99e784b784b25d4c,thresh
99e7fbef712fd454,thresh
99ea79c92e3e69f0,thresh
9a018b1d833a3b2b,thresh
9a238cee24489544,thresh
9a2fb4bec4ce1acd,thresh
9a384f8369499a64,thresh
9a64cf6ddf198c8f,thresh
9a6542b355f4e69a,thresh
9a7ec25a0f769b6e,thresh
9a8765b682cf4881,thresh
9a8db1ff31014d24,thresh
9a90ed436f2cd5a7,thresh
9aa6196a4e6dc846,thresh
9aaebce8bbeaadbd,thresh
9abc0757db44a051,thresh
9accbca1dc2c35bd,thresh
9ace530c4c711d19,thresh
9ad63919937851a8,thresh
9ae12cbba82fa578,thresh
9ae4ea5c4bed2247,thresh
9af0099bf33447ed,thresh
9af826211f5f26fa,thresh
9b0cc68c63726ce2,thresh
9b1995b6503f3e4e,thresh
9b28133b20ce3b50,thresh
9b2bf087ebd57256,thresh
9b2eb87fc647ff1e,thresh
9b2fb48a084e67f3,thresh
9b302771a018f704,thresh
9b36b52403cc8f2e,thresh
9b4591847b836e46,thresh
9b4d3bb037725218,thresh
9b563ca51667c2be,thresh
9b5f1433ede2ff3c,thresh
9b76d236a303b113,thresh
9b773c928e10bc27,thresh
9b7bd6d7e988817f,thresh
9ba746d243a6612a,thresh
9baaf2489200e688,thresh
9bab376c4c0a124d,thresh
9bad4958620f02ce,thresh
9bae06eeaeb3771b,thresh
9bb2f91e78ea7103,thresh
9bc409c65a4f699a,thresh
9bcd25515f05b981,thresh
9bdef100e17f312b,thresh
9be37a581685ce44,thresh
9bed57249c6701e8,thresh
9bf3e8216ca64898,thresh
9bf6d208ed0893c1,thresh
9bfc305e8ac27666,thresh
9c0a30d5bb40fc63,thresh
9c0cd06ae6ca8746,thresh
9c12235851ef1a52,thresh
9c144078d1455498,thresh
9c215d9caa5eb927,thresh
9c21bb637ba5c9d5,thresh
9c243e1d8ca9d1e6,thresh
9c3467593b1a0620,thresh
9c49eedbd73825a7,thresh
9c63c84cd856cca4,thresh
9c73816aa81459a8,thresh
9c7cf3214c42bc83,thresh
9c892dd6073748b1,thresh
9c97b89e0a0eac4f,thresh
9c9aaeb0a341ffe9,thresh
9cd272ce3f737176,thresh
9ce589880134cc1e,thresh
9cf5c060e347e47b,thresh
9d0021f40ae03d69,thresh
9d020a0d6301457f,thresh
9d042c445d5bef57,thresh
9d1cde482ddfa2b2,thresh
9d2287cb21ebf53d,thresh
9d24a5ac60c88a3f,thresh
9d287bca4cff89ae,thresh
9d2d7c360e2826dc,thresh
9d3f7b7f9bb334eb,thresh
9d46a68671669fd4,thresh
9d5826db3a96402e,thresh
9d748a9cdfbea875,thresh
9dad2db9d645396a,thresh
9dbb83e14c224c86,thresh
9dc4293c5c18687a,thresh
9dd2b8da69fb360b,thresh
9de272116347f8ff,thresh
9def7b273b95a830,thresh
9e00cdfc9c526614,thresh
9e1eb7a9f9f729d7,thresh
9e240d7e0f7d267a,thresh
9e327c92bf0383ca,thresh
9e3e0bb868cd9119,thresh
9e4606a62a147bec,thresh
9e5c017ccc55b97c,thresh
9e9683e821acd7f7,thresh
9ea0ac92c84d6f23,thresh
9ea1120bb3b8b0c2,thresh
9eb9d44c2a56c9ff,thresh
9ec79148268688e0,thresh
9ec8fe0e44f41cb2,thresh
9ecef4a2f7b6c7d0,thresh
9ed5e53b7c4ad1f8,thresh
9ee891bca949ee88,thresh
9eee42931fe5b69d,thresh
9efb129164394c52,thresh
9f06c616ce4a564f,thresh
9f1937cf6a27ba0b,thresh
9f300f66eb3a71b1,thresh
9f367a28c3f1742e,thresh
9f382e71d030768d,thresh
9f3863e10ef5d1b1,thresh
9f41c0dbb51aa6a1,thresh
9f5f606b1ae17b52,thresh
9f60176c387e05a1,thresh
9f667a9e1774c1bc,thresh
9f7678c1c4c57190,thresh
9f7b3bd80c22b903,thresh
9f9c8301b8557210,thresh
9f9e12055c534d22,thresh
9fa04abcda427549,thresh
9fa1ab075b5e1184,thresh
9fa29ef90b2e5243,thresh
9fa91d8774cd0c3a,thresh
9fc513de08677b33,thresh
9fd16fb654fa1341,thresh
9fe9c57a3572b962,thresh
9ffd8ad7dfe7a825,thresh
a015294a3163eeee,thresh
a01d2b8fe7d98365,thresh
a02238b336bd1251,thresh
a03a0adaee4eb89e,thresh
a044fe055d529585,thresh
a0564148025b3d21,thresh
a05b7783f5cba736,thresh
a05e2ab818feb44b,thresh
a05f82c4143cc1d7,thresh
a0880e69f764e360,thresh
a08b794ca071772f,thresh
a08e4e3b103872e5,thresh
a0a4c9469728b3b4,thresh
a0a93bd0b4c343e2,thresh
a0aec8ac842b86d8,thresh
a0b1b220c0993221,thresh
a0c153c8f86ca2ef,thresh
a0cf4c26cd6f01de,thresh
a0d23cb7e695db30,thresh
a0f5f8926dfbf0c4,thresh
a101fcd5725259e5,thresh
a10ed6d282264323,thresh
a121bbe7b28848fa,thresh
a1274b45abe6529c,thresh
a13db07c926e3bcc,thresh
a1479aec239be164,thresh
a14f6d8c359f2333,thresh
a14f8cc9f48babe9,thresh
a15743cd5ca687df,thresh
a162334dde65e589,thresh
a16e8abb8c1f221a,thresh
a173202a7f9111e8,thresh
a191e55dd5dc0e90,thresh
a197a6fe296176d7,thresh
a1ab6e25b25229d7,thresh
a1bf70cd479a1d37,thresh
a1d0f88660bc7294,thresh
a1dbeb057a8874ec,thresh
a1dd887dda6c61c2,thresh
a1e13fc789597488,thresh
a1f3f449fc232225,thresh
a2007dca337e2581,thresh
a204966ac10dbae7,thresh
a21f4d1600b1e6a5,thresh
a2359f82a33a131a,thresh
a24d7a65a7d23076,thresh
a25fca186307a5c9,thresh
a2697a8d3afff08e,thresh
a2811dd452db2060,thresh
a28850ab045b5931,thresh
a28e950d254b0afe,thresh
a293d8360ace39cb,thresh
a2975737a8441dc2,thresh
a2a6b07b90fec551,thresh
a2ac13f7f4593645,thresh
a2b708496acb3971,thresh
a2c0f7a15c2c6375,thresh
a2c10f24baf6625f,thresh
a300184034c76456,thresh
a30095c8ea7992dd,thresh
a308f5a08d16df0f,thresh
a31023cf00fc2721,thresh
a31fdaaf87458a76,thresh
a32988e68760475e,thresh
a338d74f36abc8ea,thresh
a33a65562e0cdf21,thresh
a357d1c7af44e1ea,thresh
a36f8bf665fce4b1,thresh
a38a746ad5780b6f,thresh
a38e01fe6e506cc6,thresh
a39e33fea8b3f7cb,thresh
a3b46efabf835040,thresh
a3c8689c4915bebd,thresh
a3e399e243b9ef1f,thresh
a3efcd300bb0cf7c,thresh
a3f7626eeb2268ab,thresh
a400bcad2d980180,thresh
a4018c4388c8c2b7,thresh
a402a2f4d501dacb,thresh
a4082ae873300bdb,thresh
a40aad79a0130f1d,thresh
a415050b6316f8aa,thresh
a417fc74717452aa,thresh
a41b6e811a07a763,thresh
a440250763b250f0,thresh
a44c4663be244e11,thresh
a44d0b87bceaa9fc,thresh
a46d665436051d0a,thresh
a4854b4bbb6a176b,thresh
a485f3e3eb580c47,thresh
a490115d76961f51,thresh
a492250e832872a7,thresh
a49aebbd87c813d5,thresh
a4b63d7f90bcdabc,thresh
a4cad084d103e1ed,thresh
a4d2de5cb5d559c4,thresh
a4e0696eca9150e5,thresh
a4ee0a519486874c,thresh
a51b949294dd6799,thresh
a51c36da48665cb1,thresh
a526e7d6a31d4125,thresh
a52f479b882671a0,thresh
a5313d853aba944c,thresh
a53a7c973292f875,thresh
a540eb26ceda4951,thresh
a54cfaa16039e8b9,thresh
a54dd626dd5423fc,thresh
a54e05c8e72ef8db,thresh
a558aea0350dc031,thresh
a57cc45bfd7904b7,thresh
a58d0d9f2f67fdad,thresh
a58dc089c243c472,thresh
a5a7263afe4b0a40,thresh
a5b0d01a0e57976b,thresh
a5ba0ddcf7e729a9,thresh
a5e1df230df92e85,thresh
a5e8811002c2e965,thresh
a5e9999ce4cf8225,thresh
a5ed337b206bef10,thresh
a5f2b80450df9852,thresh
a5f353b0e52598cf,thresh
a61c6aa00bcc9013,thresh
a65581e11bc50075,thresh
a68272d00a4e768c,thresh
a68b1f16e97f4ebe,thresh
a690fe78ab412281,thresh
a6917c5f0dd29717,thresh
a6a784c893390b37,thresh
a6d90d8e90e2bfca,thresh
a6e21a98c74a8698,thresh
a6f42558c6d50724,thresh
a70bb7a8bebd2a0f,thresh
a70c9f31b686eecf,thresh
a71044e3e10b5504,thresh
a7218917ad2b677c,thresh
a72b6b506cbe2b9d,thresh
a72c56756d4ce22d,thresh
a7352641b29481d0,thresh
a736069ae7c21ba2,thresh
a74d22d737a863b0,thresh
a750c630a27734a9,thresh
a750c69bd3ce54e5,thresh
a753ffac40b5ef48,thresh
a76f56e2692208df,thresh
a796b6f9c9425fe2,thresh
a7cad8c8911ceeb8,thresh
a7e718688f610f43,thresh
a7f4ccb40bd74588,thresh
a802822ae489a888,thresh
a81ec16908aab3b1,thresh
a8235567be6d6fed,thresh
a8305f146c9eb0bc,thresh
a8449c5bb9efac8f,thresh
a84c873e1df022b6,thresh
a85a1147bdbc416a,thresh
a880635fdf777ef2,thresh
a89cb5af024b6adf,thresh
a89f4dacbfc3cc4d,thresh
a8ae0131fd2b0b34,thresh
a8aec14733ad6fcd,thresh
a8bda2573d4ec3d8,thresh
a8d5874beb903759,thresh
a8d749cb79607b47,thresh
a8eefe54954d8e48,thresh
a8f52ddd8b5287b0,thresh
a8fe420fd4cb7363,thresh
a929addce57d5bda,thresh
a941fdb9948d8440,thresh
a9436a042c6eae48,thresh
a96e22a16eea1af3,thresh
a996c1f8d61bf478,thresh
a999a77e321d9f80,thresh
a99aff4a8428dfb2,thresh
a9a9ec5c98ad155f,thresh
a9e96f218b1a42eb,thresh
a9e98d8eeefd0179,thresh
a9eb829a8f61398e,thresh
a9f55c3358a8c244,thresh
aa06e3de7a0d5547,thresh
aa0fbc0207dfa3d6,thresh
aa18c90ccc980793,thresh
aa21897c108349a5,thresh
aa2793541de0de14,thresh
aa279bd45e14b17e,thresh
aa2c0bada1d85590,thresh
aa329b88655c58cb,thresh
aa667ae9fca0552f,thresh
aa66be5ffdbf9d0b,thresh
aa7a0f24de769892,thresh
aa7b0c6e09e5b694,thresh
aa7d8d473599d751,thresh
aa8b468df69ea633,thresh
aa92223f9a1ec0be,thresh
aa9f8b8e3940ee11,thresh
aaa12a722bf25268,thresh
aaab6673fe398a3e,thresh
aaac9ffc6d386655,thresh
aaad14651b6447bb,thresh
aac2cf0b07d8c33b,thresh
aac6d9495ddac58f,thresh
aac6ed91f7eb703a,thresh
aac7b494d845e711,thresh
aad7b3d084519929,thresh
aae9be48f1c84f01,thresh
aaf0bcbb27348635,thresh
ab0617c30435e0a4,thresh
ab0b616061472b65,thresh
ab1eb73fa8303889,thresh
ab275db9ee74f772,thresh
ab2f105672353774,thresh
ab2f2715ec719d91,thresh
ab3d458d5eb12933,thresh
ab4361d6df353b9e,thresh
ab5767998d059d4a,thresh
ab57d9ff27d6f097,thresh
ab6179a279bf71c1,thresh
ab66b5516d0b2fe2,thresh
ab80f147278d417a,thresh
ab96e1d3bfe9865e,thresh
ab974bb694ca8f02,thresh
aba5d09fbcb43e5b,thresh
abb8a51b5fd460ad,thresh
abcc81f2c8d97610,thresh
abcfffaaae0fba87,thresh
abdc84227a3a3855,thresh
abdfcd30dc03f784,thresh
abf42cd13757a0bf,thresh
abf89f411b612c5f,thresh
abfc405706e77f5a,thresh
ac06b93eb5bfe4e2,thresh
ac2302859bd0d03b,thresh
ac269cbff3cfe2fc,thresh
ac2b93ac1d7df30d,thresh
ac2c8dcd960a4c3a,thresh
ac3468a36ee9a337,thresh
ac3c74439dfb527b,thresh
ac446e3d8a21c01c,thresh
ac47d424a3305ae1,thresh
ac6494f1dd9fbd04,thresh
ac7dc4b11be97b03,thresh
aca191b71d557fcb,thresh
aca67e629db0434e,thresh
acac17be6f3afb4e,thresh
acaec5024e572317,thresh
acb74ea1396303b9,thresh
acbda6396b9e7e9c,thresh
acc0bc12dfb70307,thresh
acce5e1b6160f305,thresh
acdf5047d791c367,thresh
ace5188e8b1e74e9,thresh
acf20567242d1f3e,thresh
acfe92218e207806,thresh
ad0b143b7dc20a9e,thresh
ad1413bd7fe0a313,thresh
ad1db8199834547a,thresh
ad21eddbc8ff7df7,thresh
ad26e8b59ae8452a,thresh
ad279d5572572cbf,thresh
ad2e69158d2230f1,thresh
ad38b0d78d86e0ef,thresh
ad5b0821e1156205,thresh
ad5cfcd66f87fb72,thresh
ad6ba4e3d1e57d69,thresh
ad9033973daff3a2,thresh
ad9e42c3f9e9f1b8,thresh
adac7518742a67c6,thresh
adb370b996a67ba1,thresh
adb40f3e505334aa,thresh
adb9a0c71f085810,thresh
ade3e6fedeb40469,thresh
ade6c1ffaddea393,thresh
ae002f2a7f340b71,thresh
ae0921f780824d7a,thresh
ae11b9833ad91c7b,thresh
ae26837f8f17bdb0,thresh
ae2efd256c6ea00f,thresh
ae37dff7644cf3e9,thresh
ae3937fc1ee3eac5,thresh
ae5809ace612595a,thresh
ae75775f8a4acc16,thresh
ae7a53526025c0e2,thresh
ae92f32e5b8a3f6c,thresh
af1267bfd8b334fd,thresh
af3442ec4ea5b362,thresh
af35b12a5097c4a6,thresh
af35ec78072ddd66,thresh
af3fcee232eb275e,thresh
af602c4c5f1b09bc,thresh
af65843c2fb138d0,thresh
af7a26ba0fe8361e,thresh
af7fb5bb699657df,thresh
af8f1801ea6c67f6,thresh
af94581377b5b93c,thresh
af94af619fd5db30,thresh
af9583d42ee8156a,thresh
afbe15399c2edf6a,thresh
afbec12bbe7d9fda,thresh
afd0f45eeb96d440,thresh
b001282b504658fa,thresh
b002901c340e62bf,thresh
b00ac4311ce1b491,thresh
b024ae5d053b6f1d,thresh
b026bafa9afeb45b,thresh
b02ae3e8d568a30e,thresh
b02b3584b19f737a,thresh
b02eab84d108e73e,thresh
b04abf71e1184a96,thresh
b04c6e5d22992c5f,thresh
b04d8f615082d1d5,thresh
b06e1a220f41fff6,thresh
b0723c366a48185b,thresh
b0735fb4ddc26b04,thresh
b08d4ba43b10141c,thresh
b08d4d62ff9d5797,thresh
b08df9818923cdca,thresh
b0adae0e6714c324,thresh
b0b8eb0ec6039b2c,thresh
b0ce23cb64ae3ab5,thresh
b0cea6148e1184bb,thresh
b114d001d155310d,thresh
b11c076bb3352f14,thresh
b1239a99d611e741,thresh
b150ad5b658e32d2,thresh
b160b237979c9ad2,thresh
b16cb3e811f7560b,thresh
b19e572681d17dd1,thresh
b1a9d17b5f79a5ad,thresh
b1f16ffc0b240208,thresh
b1fd965ca8e5ae90,thresh
b212604859d45169,thresh
b216b1a47799bfa4,thresh
b23bc7b738119a88,thresh
b240087fc4a80bc8,thresh
b244b7eca1c4b928,thresh
b255f7e3d0744c56,thresh
b2731366d1f5a348,thresh
b276f30d15eda2f2,thresh
b27a5d0df9f46b6a,thresh
b287c7d870ceaa23,thresh
b28ba1089ce399c2,thresh
b29158ad3980745d,thresh
b295fcc27fa9d5bc,thresh
b2a21866b803051f,thresh
b2ccbe3fb4bd564f,thresh
b2d5dd62f1ec066e,thresh
b2d6eaf36c53f9c0,thresh
b2ec2e401d51cbf3,thresh
b304486abe601583,thresh
b3090cedc39ceff1,thresh
b30e4fcbfd06bad0,thresh
b30e7ee334c436d6,thresh
b318c3bcd3da1a5c,thresh
b31bad003faa3f6b,thresh
b332222b2324f2f2,thresh
b3341e710dfbf85c,thresh
b33edd382979266a,thresh
b34294b33a8734f4,thresh
b3546f5df6dc379a,thresh
b36cf7d705d4f7e7,thresh
b37a9a9edb78c8df,thresh
b3811eb176cb7ba0,thresh
b383f26767321138,thresh
b3859ebf00f82cb9,thresh
b392211cee066e28,thresh
b39a61ea2ebef4ad,thresh
b39ff467559971db,thresh
b3a76288c24378cd,thresh
b3b425e38904a27c,thresh
b3ccd36c1182ed44,thresh
b3de22f73009a353,thresh
b3e7b8a6ea14ddc5,thresh
b3e7ed42a55e14ee,thresh
b3f1d9cbf86bbd79,thresh
b41f5f00b298d734,thresh
b4256ecc5ccfa88e,thresh
b42d0fcf0339fc84,thresh
b42f9c1689827dfa,thresh
b4406be9eeee9966,thresh
b44afa9ca31e670d,thresh
b44cb7469207938a,thresh
b44febad8b709854,thresh
b457b488c87c3318,thresh
b45b4a022ddc3fa8,thresh
b45e26d8b9e16d9a,thresh
b46ad209905f43ae,thresh
b47b38a319c34679,thresh
b47fdaff94d7c983,thresh
b49ba52d41e83806,thresh
b4a33933c7c60cec,thresh
b4b6a982c1611151,thresh
b4befbd3588e33c0,thresh
b4c9100ffc7d2965,thresh
b4e0a8f107266c22,thresh
b4e2bd6a5480c1ac,thresh
b4fc6f166e586ee6,thresh
b5077b6706abd659,thresh
b514481f358dbd40,thresh
b518d08f210480fb,thresh
b521090c55a3cefd,thresh
b52520402bba0779,thresh
b53d01af0691cd1f,thresh
b5460df33e81795d,thresh
b563a945dfcd3f8c,thresh
b567a123a389add9,thresh
b567a17b79f8752b,thresh
b567a2568c3879e1,thresh
b574da36a7fcd0ae,thresh
b579be7b49c9c73c,thresh
b58151edc3982a48,thresh
b5869148407487e9,thresh
b588828ee6c43d5b,thresh
b5a5ae474cd7d1b3,thresh
b5b0f055a281d09e,thresh
b5d165d5da0ec127,thresh
b6086ab867b14458,thresh
b609f0f8e0d564dc,thresh
b61c193a051bf32b,thresh
b620ecca0a0d1489,thresh
b62e5c8b3492c571,thresh
b62fee4238bdee8e,thresh
b668fd434c8a2d30,thresh
b69549c21e1abf93,thresh
b69acf80a43c30ff,thresh
b69e0afecb4297ab,thresh
b6a7084b9139b02e,thresh
b6a7f3a94296710b,thresh
b6b9f944ca7373bf,thresh
b6c685938f088c71,thresh
b6c9419ed7b3b7e9,thresh
b6cb20fa982559fd,thresh
b6cf05d648630e9b,thresh
b6d224a543c9bc02,thresh
b6e664d49e0bfdd8,thresh
b6e7488aca35dd56,thresh
b6f58c20c6a5db1c,thresh
b6f74a888ff7b862,thresh
b6f88d953df3eb78,thresh
b6f8c476aa530ac7,thresh
b6fde7558bf873b2,thresh
b71771cba5118d19,thresh
b71e42a37be2f8bf,thresh
b7459c7f3a2b28e2,thresh
b751fe77f18cdb67,thresh
b756ab19fe94434b,thresh
b7ad11befc4a82f6,thresh
b7bf20c1fff8e732,thresh
b7c1c1b326ac759b,thresh
b7cf19be2dd7feed,thresh
b7d33c76bcbcb3a6,thresh
b7f9b98bbd053873,thresh
b7ffb9aed4f3e37c,thresh
b81f55bfd487141a,thresh
b8253e73bdf029c1,thresh
b82684f95caf0b07,thresh
b831915a7b947cdc,thresh
b8367138839d8c02,thresh
b837cce84d98edbf,thresh
b8417cc1d56d27eb,thresh
b849337cf9ccb4f6,thresh
b868798d455d4a36,thresh
b86aef664c7ee4f3,thresh
b87663799becf003,thresh
b881ec78dd31b100,thresh
b8b36bf05725a4d9,thresh
b8b40ce1f33c5423,thresh
b8bf4a279b99e8a4,thresh
b8c0c28bd8c0ec27,thresh
b8c6947dd8f40c21,thresh
b8cfc04e3aea3f19,thresh
b8d15f01bb36541b,thresh
b8e884ea366ade3d,thresh
b91c2f4d36931105,thresh
b91ecb2dd2f59d47,thresh
b92530cb92a9fde8,thresh
b9437b44de9e9100,thresh
b94548c7d01244ae,thresh
b9481f099859e964,thresh
b94a7bc65f76fe89,thresh
b95552a6726b1598,thresh
b957bf27225c89d1,thresh
b961de892c51dc4d,thresh
b96fca529eb2f970,thresh
b98159678ab4e8ce,thresh
b99839ab05b45b7e,thresh
b99d76a041ea794b,thresh
b99f8ee8cfdfed24,thresh
b9aafa069e777a16,thresh
b9b086fec43c1509,thresh
b9bc9bdebcc5d4dc,thresh
b9c6c38d6b2e836f,thresh
b9dc7db83672a4ca,thresh
b9f14c386319e7cc,thresh
b9f5a25bc03204da,thresh
b9f5da3c603a74e5,thresh
b9f6ef334adb0c45,thresh
ba06bbf6fbcd3050,thresh
ba06f9cecb2d3bfd,thresh
ba30310280afb474,thresh
ba371b68e90db74c,thresh
ba51cca2cbc3d9c2,thresh
ba610cf2b7066a1c,thresh
ba6759e26e0814f8,thresh
ba75f77f5006b9f4,thresh
ba815d196e3cc70c,thresh
ba86de0b6fb52f48,thresh
bab6ed2b36378cc5,thresh
bac4a34fa752042e,thresh
bac99c47b9cab625,thresh
baca105b7f67d9e3,thresh
bad29e24ec560246,thresh
bae731e3dd109dce,thresh
baeebb97fa44286d,thresh
baf9145ecb532299,thresh
baffe9bc870512b6,thresh
bb06435a5f03aa19,thresh
bb1a5be6747476ef,thresh
bb30a49c30388e7f,thresh
bb4f607488fe21c3,thresh
bb670c9280eb4dac,thresh
bb6ab5d9d274edfd,thresh
bb8543f1bcc72904,thresh
bb9fc7e55e51f62f,thresh
bba5eaeee8956118,thresh
bbb347c67943c90b,thresh
bbb9e204eb534ba3,thresh
bbc780390895fe8e,thresh
bbcce5613dc80e72,thresh
bbd4088c4d82cc2a,thresh
bbd4d568b198eb38,thresh
bbdeddd0873ac402,thresh
bbf60f666bd2654f,thresh
bc1eef29e9c6c4a2,thresh
bc59345461208c67,thresh
bc5ee5e24e75b170,thresh
bc61838c94d0d10f,thresh
bc6b413075767525,thresh
bc73965c3d792073,thresh
bc75f21dc018b33e,thresh
bc8091bc26136974,thresh
bc9bdd56979c4333,thresh
bcc94f82fa7359e9,thresh
bcccfe373f81b42f,thresh
bcd87a956c76e80a,thresh
bcfcf48f77a6670e,thresh
bd179c885083324e,thresh
bd19533e91b1c94b,thresh
bd477677ae042341,thresh
bd4c19698bb37838,thresh
bd4d75a3b4f73456,thresh
bd5546645a3e3bb2,thresh
bd7ed3f7566ed542,thresh
bd88f91c8cbea2b9,thresh
bd8bf529569c9c34,thresh
bdab3974fda4d7b4,thresh
bdabac2a2f6f4c95,thresh
bdb591666cb257e2,thresh
bdb7b7e96bb1b0d4,thresh
bdbd64683cc4cb8f,thresh
bdcce2087cf03789,thresh
bdcd1242f6b7226f,thresh
bde6415a2c510849,thresh
bdeeff57353eeae2,thresh
bdefe80139a7aaa1,thresh
be049214956bc746,thresh
be0e29dc0da73435,thresh
be31eb4442431320,thresh
be35aa86f11c9122,thresh
be63a4da963bc656,thresh
be796fb3916674de,thresh
be89ced1971e0c5e,thresh
be9f05e302c84547,thresh
bea7afd005265623,thresh
beb5796cb9db0a85,thresh
bebc5f23b61c7aee,thresh
bec05839d976756c,thresh
bec08daaa42d8c15,thresh
bec25baa4044976a,thresh
bed4dfc2b03fd411,thresh
bed529ce6cb780a8,thresh
bee5485639d44c7a,thresh
bf0a18a5edeba4e9,thresh
bf1fddf1fbb0509a,thresh
bf22b1bdeed96bd9,thresh
bf25d8a42ac110bf,thresh
bf27a92b2c08e81f,thresh
bf3b3488a1bdcb8e,thresh
bf3c05daf5a51271,thresh
bf3fb4ddb0259450,thresh
bf4c664beeee8914,thresh
bf4dc77b3d71751c,thresh
bf680207b44500fe,thresh
bf73be421bdcbc49,thresh
bf97639b7c571452,thresh
bfae81e2fd886a86,thresh
bfe141259c48deb5,thresh
bff79f27ef08e138,thresh
c01dfeca68d38c90,thresh
c0338195b1a7c25e,thresh
c03b15963eca8631,thresh
c0402965ec2c6b5f,thresh
c0435b9853d87999,thresh
c06cfec57fc4c089,thresh
c06d21f6738be10b,thresh
c07466798d763315,thresh
c076150d1c4fcde5,thresh
c0873126120b6c76,thresh
c09f850a360c5a47,thresh
c0a059b9b614862e,thresh
c0a180b4ac10a0fb,thresh
c0b4d0ba6d1b72ff,thresh
c0b516a19398e45b,thresh
c0b5797384f18698,thresh
c0c6aa8e57d81fd7,thresh
c0c7298eab3d44ea,thresh
c0d93d31b5e298df,thresh
c0db2729bb3afa00,thresh
c10dc9ca5213bb33,thresh
c12906646346edfe,thresh
c12cfc0f54f4d9f2,thresh
c146c9af90e91b53,thresh
c14bf778ff70d1bd,thresh
c159b788425ee61c,thresh
c16898e07df01307,thresh
c16d871cffc91c13,thresh
c17c89c1f1003bad,thresh
c18b1473c3b558f6,thresh
c18f4b020bb45f1a,thresh
c199444793b1f774,thresh
c19cc6cf3d6015b1,thresh
c1af112616f5d7cb,thresh
c1b1626a0f9396c6,thresh
c1b95c86e55bfa16,thresh
c1d25753c77d5f0a,thresh
c1dd355fa744d9c6,thresh
c1ee865ec9fb3bde,thresh
c1ffd7a410f9b264,thresh
c208a22bb97f8886,thresh
c20d5833e028a2a0,thresh
c222814faeed6b2b,thresh
c227b9a1e8c2efa4,thresh
c22b09c2a864ee11,thresh
c230b6e331caeb5d,thresh
c276e68a4b8babb1,thresh
c27b11ee01f9769d,thresh
c2ae4564d4dfe39c,thresh
c2b1a4a6d6abe15a,thresh
c2b70f9e1be48342,thresh
c2cb45d2915f1ac6,thresh
c2cd0ea185ecce85,thresh
c2d70199e4ebf198,thresh
c2fd6aee07c4d618,thresh
c316413aadc8ae35,thresh
c31a91542ade22a3,thresh
c32f1fa787ed3390,thresh
c350a9c03294d371,thresh
c365e5f58fdb9fe4,thresh
c36b752dfcf69420,thresh
c39281ebfcf8f838,thresh
c3ab669fbba2e8ee,thresh
c3c7f4b076bdb261,thresh
c3d8fff7fff92bd3,thresh
c3e08bb4f6b79d2d,thresh
c3eada45bec0da89,thresh
c3ecb07f9fbee69c,thresh
c3fbe5539c311fa8,thresh
c3ffa98e48a03cca,thresh
c40bb96daf115782,thresh
c4218f9d6b3d4c47,thresh
c422b81af812a120,thresh
c42798fd58358a2d,thresh
c430777c2b8b210f,thresh
c437acd54dbe3640,thresh
c43a85d49697a3ac,thresh
c44f127bb2f1ba84,thresh
c45a3b8dbb319015,thresh
c47bd9e06a139dba,thresh
c47f81b8af944371,thresh
c48c1d0273a1a012,thresh
c4af9f3e4daa7875,thresh
c4afa2eddc91384c,thresh
c4b05a60e3dd45eb,thresh
c4daaa18cb06edb2,thresh
c4dda82daaadc6ff,thresh
c4e2a7d74f57c917,thresh
c4eb8a57ecdfacf4,thresh
c4f6296c7ac5e59a,thresh
c53b381dd1bc1a16,thresh
c5512c57973c3435,thresh
c557948d1c70b645,thresh
c55a8732a5ac861a,thresh
c55dc26cdef78353,thresh
c5668580f0648a82,thresh
c56b6b7894d853a7,thresh
c56fea259f4dc1ad,thresh
c5700ef624283560,thresh
c5784238f6078e89,thresh
c58463fb26c22142,thresh
c593b5064c0b7af8,thresh
c599c4bc9991a480,thresh
c5a1d1d3c3974150,thresh
c5aaaa84d105d071,thresh
c5b13e302b439998,thresh
c5b1f0e081520fe1,thresh
c5b654b4e36c7ca3,thresh
c5c137c9c6de62ec,thresh
c5d84907d8a716c4,thresh
c5eee64177f78f8f,thresh
c60646bcbbf1f3a5,thresh
c60b75d773934ee4,thresh
c60d103821f359c9,thresh
c60f7b5520f77340,thresh
c61a437b6e982f7b,thresh
c6211fda9ffff2a9,thresh
c637505d198b9c18,thresh
c63a8b61f3165b28,thresh
c64df9136b7d9187,thresh
c6682a7786017abd,thresh
c68413fe0c3773f9,thresh
c68b497d717685e0,thresh
c694c2e8a11184f2,thresh
c6a5fdd3bcb78c86,thresh
c6c1b61d0cbdbecf,thresh
c6d6699f37ec349c,thresh
c6dbb778e12c31c5,thresh
c6e41794d8d63c1b,thresh
c72497fcab4310a2,thresh
c735b976ec97e52e,thresh
c740702d98a226fa,thresh
c744f26e9c949cfa,thresh
c76b950dc55f58b7,thresh
c78e78af171716bd,thresh
c7aee120a20a96b6,thresh
c7baedf40a7e21b4,thresh
c7c5589e965619c5,thresh
c7d7073ed3f146b0,thresh
c7e5d5fa4d98f20a,thresh
c7ef31d4e54e4960,thresh
c7fbcdcd277d6d81,thresh
c8036fbdc8517a51,thresh
c807be2d214ffe0e,thresh
c813f521a83be876,thresh
c81ac902c41e7463,thresh
c825e58faca59edc,thresh
c86df7b254a9e08f,thresh
c88cc0150762d745,thresh
c89e13a509a8b31c,thresh
c8fda01f3c80be89,thresh
c9142933dd9d07ea,thresh
c92a6758efd79c95,thresh
c94c283455f55b49,thresh
c94e1ff172b0ddf4,thresh
c959600fa1249583,thresh
c95e99656d75b455,thresh
c9752a42262d53aa,thresh
c97926b58f0da392,thresh
c979680e11f3abdc,thresh
c9a9651a4e279d08,thresh
c9af46f386f29b78,thresh
c9b7c3648898dba7,thresh
c9bdf83cd10e5cb1,thresh
c9c6e0e7ee5baf73,thresh
c9d6159a7e7214e6,thresh
c9e28d9f100304e1,thresh
c9e9c9316bc6da32,thresh
c9f207cba766ed1a,thresh
c9f2299544b897dc,thresh
ca1b6d42e607124e,thresh
ca2950a913f1d5cb,thresh
ca4c7ca118813002,thresh
ca609562ee4c6d87,thresh
ca9fc8dba4381c6e,thresh
caa2f33fbd1b6bd4,thresh
caa86ed487c187f7,thresh
caac0f33cb44ad7a,thresh
cac91bf9a0b58c94,thresh
cad5b9720fa25be6,thresh
cae681398fb18901,thresh
cae8d602f0031bf3,thresh
cafdfbf6df532b2c,thresh
cb0490d7eb4a5f07,thresh
cb0a403ff88dc66d,thresh
cb189259eac376fe,thresh
cb1f9a5b772426cc,thresh
cb3aac893edbcdbe,thresh
cb4dc5b591332fc6,thresh
cb6567f583cd71fa,thresh
cb818d0453a51f5e,thresh
cb8d139f0b7e5642,thresh
cb90c4c32a8e9a25,thresh
cbc6e198e587dbea,thresh
cbf2b2ecf14dec3d,thresh
cc1fdc1dba0022d7,thresh
cc312061a5529e86,thresh
cc510287a999ef9e,thresh
cc651cd35fa25b5f,thresh
cc8650f5cac45a7e,thresh
cc8a5fb05dae04e9,thresh
cc97cfb81746e78c,thresh
cca8e0e77471a5d3,thresh
ccaa43c55a4995b2,thresh
ccc16b51753b141c,thresh
ccc177f630337e62,thresh
ccdf52c35d122442,thresh
ccec7aa1fc6a6224,thresh
ccf2f24ebb27a41e,thresh
ccf8d1753d272942,thresh
cd09c983401a8ae2,thresh
cd0e5acaf3b1a08a,thresh
cd2a8a41b66c444c,thresh
cd3895c64d13e674,thresh
cd4a1029e24becaf,thresh
cd4c0e1bcc03d6bc,thresh
cd4d51f5c9154349,thresh
cd677b7e094cc03d,thresh
cd755418a12d1962,thresh
cd8e216237dc43c6,thresh
cdab2e42c752a99b,thresh
cdaf139424f46e97,thresh
cdb81b2b8ad75e49,thresh
cdc2acfe8999de95,thresh
cdcb8bf3e19e07f0,thresh
cdf31bf417cd28ad,thresh
ce0181b16e2a9770,thresh
ce065c65f867d4f4,thresh
ce0af0c197f9cfdc,thresh
ce10ef0b4d78d38a,thresh
ce1a2d14a80b0539,thresh
ce1ca511d72b9846,thresh
ce4c13c3f19e0cf1,thresh
ce523a88593f3b3e,thresh
ce68d5f36d0bfcdb,thresh
ce7a5ce77188a1db,thresh
ce7b665ee1fa0c53,thresh
ce7fed687a59203a,thresh
ce8c49c554837098,thresh
ce8f0a5360d75899,thresh
ce9204582479520c,thresh
ceb9f56ef446c26d,thresh
cec1f5f29ed39b9c,thresh
ced6e460f2c53084,thresh
cee8b0fae78bc107,thresh
cf07138bd1fb8423,thresh
cf07b4b2c65f397f,thresh
cf10b3e0ff977e43,thresh
cf1808698d023720,thresh
cf3c76673d42fb08,thresh
cf52f12a6dd88b20,thresh
cf5329e6e3bda524,thresh
cf5d504672348aae,thresh
cf64acc99db41827,thresh
cf727292e0325cb3,thresh
cf746df546a4bf23,thresh
cf75d2f46afe7585,thresh
cf7ccccc565cdcf4,thresh
cf7d37d3977841df,thresh
cf87cedb28931295,thresh
cfaefed31ca94bd8,thresh
cfb1475f95054ef6,thresh
cfbbdbcc7b588559,thresh
cfc4a4f91c072429,thresh
cfc74662a0ddaf2d,thresh
cfdb0c5f0276934b,thresh
cfe2a7918b2352a7,thresh
cff13e5fe264079b,thresh
cff36d2bfbc980ac,thresh
cff4634c5e0326c9,thresh
d00a90f6558582ce,thresh
d00b1cd624b748c0,thresh
d021b1feb5484f76,thresh
d0272ad6ed643027,thresh
d028cb1d9c80a4d7,thresh
d02a5e536a45ce8b,thresh
d02bb1dc07a2699c,thresh
d02d990b5918c452,thresh
d03733e6bea726b9,thresh
d03934f5580cefc9,thresh
d03a88bb0fe5f78c,thresh
d058484eaf082557,thresh
d05ed3ee7857c5da,thresh
d05fa93fdf05eb86,thresh
d0629401db16d4e4,thresh
d06340044ceb4918,thresh
d0639bdf5f575aa7,thresh
d0858025f017afb6,thresh
d088faab86f50b0a,thresh
d08bc2a3842af242,thresh
d09000ae87123240,thresh
d09d7812f7f60ba1,thresh
d0a04baa9b49c989,thresh
d0b852fde52514dc,thresh
d0bd33239ae46852,thresh
d0ccb7a033a62201,thresh
d0d75f0ee3a7e68d,thresh
d0db71052778fc8c,thresh
d0ed9588f2a94ea7,thresh
d0f1ac0a1ea81546,thresh
d0fd02cd2b72f435,thresh
d10b330cf88dcd71,thresh
d13a057214ceea1b,thresh
d1464d6cc7655d13,thresh
d1471cdd2ae26ab8,thresh
d1502b14889b8405,thresh
d154d817fe221545,thresh
d15a090c65534df4,thresh
d15a0c71d6708bae,thresh
d15d7c1cb076965f,thresh
d15de7e3c95c09ef,thresh
d15eb678d1a2a686,thresh
d1632a03c930d05c,thresh
d1666c509d743656,thresh
d178f5bc7a669554,thresh
d1811296e0520286,thresh
d187154a3ae1ce71,thresh
d18e8747e39250bc,thresh
d1aeb5ec2a39f895,thresh
d1cb43b9f6f06806,thresh
d1d281e3af62eb05,thresh
d1d38437704f647e,thresh
d1d926852dc1e6f2,thresh
d1e6fd9d0b48a935,thresh
d1f70533d017c9b7,thresh
d2052995fe9274a1,thresh
d21d7d16fe2edd18,thresh
d221b975679f1c30,thresh
d228a7c9265a69a5,thresh
d23d6ae7de22ad4c,thresh
d23f1fbaa796a1b0,thresh
d2487cd491625bf2,thresh
d25bb4d442250761,thresh
d264b84fa1ecc882,thresh
d27c1225eab02c7e,thresh
d282cd8f50f39a6d,thresh
d28b69f124e66e09,thresh
d29389527fe65f65,thresh
d29436ff5319353b,thresh
d2954b663f8e45af,thresh
d29fc8dc59590d78,thresh
d2bcb56f9730503a,thresh
d2c2d4f608d03931,thresh
d2cd1f6daf9d797f,thresh
d2dab75885d092d0,thresh
d2e775fe9e1002e8,thresh
d2f2c00fcd5f128b,thresh
d3082879d0bac5a7,thresh
d32d752e12e74207,thresh
d32d8df7537f350a,thresh
d33e24fcfaabb4ef,thresh
d33ec591d80b0762,thresh
d349e4c62f33b7d9,thresh
d35045bc6f4b4f2f,thresh
d381d62a014ec5fb,thresh
d389125ebcae79e8,thresh
d38ce9117da127db,thresh
d3beaed32faa8cdd,thresh
d3c8c0a70f0d7fc3,thresh
d3e1ad6f4990b5e5,thresh
d4102c72d48d0fa0,thresh
d4105d7165a41000,thresh
d427d1785deb8b63,thresh
d42b4095aed465c4,thresh
d42deedaaa0ed2fe,thresh
d42edd211cc22a8d,thresh
d436964c64e1aeef,thresh
d44541d2fe93b186,thresh
d4456fb5a7bdab2e,thresh
d4703fdfc8174c25,thresh
d47d1d40f67435c0,thresh
d495fdc68f0b187e,thresh
d4a67432a3497fa9,thresh
d4d568c4cf8557ad,thresh
d4dc2d1509a07830,thresh
d4e30952eb947850,thresh
d4e53ba84ccf6124,thresh
d4e963db9ce0d2b8,thresh
d4ec7f8f6424c6f5,thresh
d4f28f7bb052f1cf,thresh
d4fcee16ee299c4e,thresh
d50275866d81eb85,thresh
d515a494646a9985,thresh
d51c4512be448b65,thresh
d51d14c78b2ab858,thresh
d524c052e43a439d,thresh
d52af5b62b79094d,thresh
d53d21eaae65b280,thresh
d540ed03656570e2,thresh
d54b782984a2bb25,thresh
d57a351088d658c2,thresh
d57fc0c9f7abdbd7,thresh
d5adff745c7ab55a,thresh
d5bcf0a81ec071bf,thresh
d60a11dc5c602d83,thresh
d60c9580cfdb493a,thresh
d610848c2d5e3c38,thresh
d612c65de883d4f5,thresh
d61469eeaa46af66,thresh
d619172c00863f3e,thresh
d63dbcca24eab6e1,thresh
d6479081e1fc7a5f,thresh
d65f3e209e35b44c,thresh
d68330b538a1e5b2,thresh
d684d8abb9045ab5,thresh
d6884359d6b1d640,thresh
d6a45aad632ba596,thresh
d6b4516f188e90ab,thresh
d6cb6b6a8a280d12,thresh
d6cfbce6959d2ef6,thresh
d6e56480dcd003a3,thresh
d6fd1db0fb753bae,thresh
d70049a1637de419,thresh
d71491632b101d8f,thresh
d71f18091f9f05f1,thresh
d7405a980b0b44be,thresh
d74ffbb9340c7d89,thresh
d75de330dc06ea83,thresh
d76154d5b007188a,thresh
d773502c11396102,thresh
d78f6e8ec44afa1d,thresh
d796faa37360717f,thresh
d79782d776c8cbff,thresh
d7a599f5099d36c6,thresh
d7ac720b712671f6,thresh
d7b3f7c0045c566a,thresh
d7bda83f39ef24f1,thresh
d7d07b5d5bab96ba,thresh
d7d5ce7d2dec0e17,thresh
d7e344c24b6e8cd3,thresh
d7e3b7d341d4c058,thresh
d80a766d06fdeece,thresh
d80fd9d21d656953,thresh
d81182b5b1d46ca5,thresh
d818eb183a230929,thresh
d81e89e50f37d549,thresh
d8247554d0c3f827,thresh
d8298534003c000c,thresh
d836291ce1756cce,thresh
d8371eaf630abd57,thresh
d83e43a81a12e74b,thresh
d842b70a743c5400,thresh
d843fcc8e95233f8,thresh
d85140e755e94f48,thresh
d851d7014731ac49,thresh
d855486f4793f634,thresh
d86ed71d194a40e6,thresh
d889a0cfea1a07bf,thresh
d88ce9790b6c40ce,thresh
d898445d95ee6062,thresh
d89ff4155d0012c0,thresh
d8ab7a98b1909b3c,thresh
d8c070a9eff809c8,thresh
d8cd1e53715edd11,thresh
d8e0f32f64f6ae49,thresh
d8e9a5ef3f8f8290,thresh
d8ebf8388e96971e,thresh
d8f03863f73664b5,thresh
d8fa9c9d1d912cb7,thresh
d9619c8d029c2f9e,thresh
d96ccff70ce87207,thresh
d96fadcf033a9779,thresh
d97c8389e44b97b7,thresh
d9ade79c49077ff7,thresh
d9b99a106054eb1c,thresh
d9e38cb772317be0,thresh
da1297683ca6af6f,thresh
da17ac453227f361,thresh
da1a2f49d2afc1b5,thresh
da4a0309ba33e165,thresh
da5369dd9b0e9ab3,thresh
da5b5670abcec226,thresh
da8f4bde5e536c08,thresh
da908a721f6ed9e4,thresh
da91c7b6ae409860,thresh
dab8302604bd7b72,thresh
dabb0acda2ce38bc,thresh
dacf61002fff079f,thresh
dacf846dbe8db82e,thresh
dad8d42cdaaaba35,thresh
dae0d9375e7e7661,thresh
daf5d467e03c9fbc,thresh
db061c1278fbf0eb,thresh
db092cbc5ae9233b,thresh
db1471f3306d7e5b,thresh
db232b91dce201e9,thresh
db2ee2f09a672f33,thresh
db5b4e7e873a2e5a,thresh
db5ca6ed9a80a072,thresh
db6869a8cfabec98,thresh
db714127dd79d036,thresh
db87f3231e47a438,thresh
db9b1c5f172eac1e,thresh
db9cdec10a5bda67,thresh
dbb22d9b7cd893e6,thresh
dbb4a93fe510112c,thresh
dbbdb825f04516a3,thresh
dbc65274e131ad22,thresh
dbcc6ffdfc568d79,thresh
dbce34fa765b33fc,thresh
dbd64fb1b2ded1dc,thresh
dbde91c36527935d,thresh
dbe21e468e694181,thresh
dbe39eacfc9e634e,thresh
dc220ffa389fc283,thresh
dc28d696a7e3ad71,thresh
dc36d5f573680e2a,thresh
dc38103a4f1beb08,thresh
dc487be5dddd2def,thresh
dc5948a90625f1da,thresh
dc5abb3f95605cd5,thresh
dc617402caf19175,thresh
dc798306cc17217e,thresh
dc86ef6e866ad886,thresh
dc87be23e56eadc2,thresh
dc8d99cad6160cb7,thresh
dc8e74f922b75e67,thresh
dcbe779f98f148c3,thresh
dcc4e8b50f624cb0,thresh
dccae4ae27a45293,thresh
dccd652f50c6829a,thresh
dccd6bcc3da38be2,thresh
dcd15a927756591c,thresh
dcd5a79aee80cc44,thresh
dcef131e70951592,thresh
dd003e37694f3225,thresh
dd0ed64026b048fe,thresh
dd0ee01a4488d212,thresh
dd0f70106d2ab733,thresh
dd14f3e274d412d5,thresh
dd239e3ad1491fb9,thresh
dd2537bafc845a77,thresh
dd6874b48a4616ba,thresh
dd78debf37d646f5,thresh
dd853b8ec88ffbcd,thresh
dd8b996daf5a1809,thresh
dd8e1086954e3e7c,thresh
dda2fc4a1475fae1,thresh
dda36ce6890c5edc,thresh
dda40b228f92af07,thresh
ddaec1dfa3c47389,thresh
ddb5960618b9a4bd,thresh
ddd4c5314816188b,thresh
dde1c91400c148dc,thresh
ddeb4a3e2293e2f0,thresh
ddecd8a417f8da3a,thresh
de0bd45e849b928b,thresh
de0f87ad04b33824,thresh
de11947684c1195f,thresh
de2011d40a3d9afe,thresh
de24ca5d452d8771,thresh
de26b65fe9364b35,thresh
de3581f1565f4ebb,thresh
de3c68c8f27afb0c,thresh
de4c8ee00b128af8,thresh
de65a13bece38921,thresh
de7278df44bfd260,thresh
de773ea1f3d17bfc,thresh
de781123f4d271ad,thresh
de7f13652bdb6e7d,thresh
de8eae0533567e86,thresh
de96f3587a4e0ad0,thresh
de99a924d1a9b047,thresh
dea1da2d945af31b,thresh
dec3ef05cd2dcf6a,thresh
dee1eb6c88a46658,thresh
deeb663a14e1a804,thresh
df2442a6e6ff89ad,thresh
df3561f9379ac99b,thresh
df40abe49a122437,thresh
df5584f09fb29ad9,thresh
df64e244b5420868,thresh
df7e3b9f1a9f1952,thresh
df9e1dbba6389ccb,thresh
dfa35246981a7689,thresh
dfbed726a2f9cbe5,thresh
dfc3b9c60c8cbea4,thresh
dfc81e7bbc8ac044,thresh
dfde21f1cb1ef0c8,thresh
dfdee1179da431f9,thresh
dfdfeb066df0f218,thresh
dfea6335c5318f50,thresh
dff08517e3f0389a,thresh
dffab71564d92128,thresh
e003b5038e647321,thresh
e01ee2dc29543a55,thresh
e03c5a8a28230f4e,thresh
e04d81e45402d5fa,thresh
e056aafffbc74188,thresh
e060865c4393a502,thresh
e0633dd151ad7715,thresh
e075d02c3ecabda7,thresh
e076e21fbdaf35c9,thresh
e0995c5b31f9333f,thresh
e0a937ae485d2557,thresh
e0c04fc658989a42,thresh
e0d348cee55ea2c5,thresh
e0df43d9dfd96f21,thresh
e0dfe4c14661d9d2,thresh
e0e4bb5daab8e574,thresh
e0e9e89c1e0d0db9,thresh
e0fed0ec2df3ed57,thresh
e1113b0ff34d52b8,thresh
e11646e6e3a57276,thresh
e126baf24b734c2b,thresh
e132e408e3cf1d9a,thresh
e1437634bbaad598,thresh
e146b17c720ef2c3,thresh
e14b2bb820376716,thresh
e16e9d9f702ee791,thresh
e171a6d64dd0b401,thresh
e1856abd63034228,thresh
e18ef3f6fbdac4b5,thresh
e194ad875922b3ae,thresh
e194da5b624240a8,thresh
e19e0de6b349c09e,thresh
e19e5ad1db9bd6dd,thresh
e1ac48ad8e823379,thresh
e1b6f61f701d43e4,thresh
e1dc099f02e0f659,thresh
e1fec8f9132382f3,thresh
e23382fbfc4d1981,thresh
e2594991dae64a15,thresh
e26e605f7c17d6fb,thresh
e27c839fee32a06d,thresh
e29e575a70bddebb,thresh
e2b443c50e719434,thresh
e2d18462a9a497d6,thresh
e2d794a0ff129052,thresh
e2e15e38a61d46d0,thresh
e2e5b026e0b87d5a,thresh
e2ea725a2d691e6e,thresh
e2ed5313347bfefb,thresh
e2f27735a428846c,thresh
e2feb0c7044b902c,thresh
e310dfc90e15d2d8,thresh
e315fe64a66a19e7,thresh
e349d5f36ccaa758,thresh
e36d034c3385671f,thresh
e386cf77e3850275,thresh
e3930e11bca2d38d,thresh
e394092f8d865276,thresh
e3952ec5abb0b07d,thresh
e3aebede6944add4,thresh
e3bb25b33f4c436a,thresh
e3c89f6708647917,thresh
e3d4af073f717c0a,thresh
e3dc834f2914d3c7,thresh
e3e401b205eef00d,thresh
e3f1325c41d7a736,thresh
e3facee57ac0a713,thresh
e413998e760d444b,thresh
e4146c74e46bb2b0,thresh
e41e3fb899b618e2,thresh
e43d7259a5c01106,thresh
e45ba431e537b85a,thresh
e45e62351841d315,thresh
e46130681f77eb65,thresh
e46ae7169da09b1c,thresh
e46f0adab0119298,thresh
e49aa4bacbf4883f,thresh
e49dd2870b5eadfa,thresh
e49ea3fac3ed6a1c,thresh
e4a403232eb25de1,thresh
e4ac980b68ca72f0,thresh
e4b3db8d4ed91e33,thresh
e4b3e39b533164e5,thresh
e4b88df11e9013e4,thresh
e4cb959c03902d2d,thresh
e4cf13b87f719597,thresh
e4d1bd6e6fef5a75,thresh
e4d6c0c041fc82de,thresh
e4d8ed34e1b2971d,thresh
e4dd6ebda542db4b,thresh
e4e23ba4d8180528,thresh
e4ee2000ce597109,thresh
e4f1e3d219f6d0c1,thresh
e5049bcd87d46503,thresh
e513ab8d2cbc28d1,thresh
e5186ffc53c4b40c,thresh
e52408e607f01b80,thresh
e5316ba212c2e48b,thresh
e53491fbfef08481,thresh
e534ddcd7aa8ed15,thresh
e53a61ae17d46fac,thresh
e5576a4ae6284c66,thresh
e55aec64319d439e,thresh
e57bdd27f84e0288,thresh
e59d2bf7c9c13dff,thresh
e5abd696e6f41217,thresh
e5adcc44ccdb2fce,thresh
e5b0430a121ff143,thresh
e5b515a1a4108a31,thresh
e5c304fa592ca4f5,thresh
e5c32f7580f4d4fd,thresh
e5c7518fad813933,thresh
e5e3ae1c6eeddb32,thresh
e5e61e405ea83f99,thresh
e5ec000432c49ce4,thresh
e60e9faeb4231e8d,thresh
e62bfe23c5aed57e,thresh
e63df38548c970f7,thresh
e64c65b428bac38d,thresh
e64dcecfbcccc6ca,thresh
e663204186b089a4,thresh
e6664fa6d1832b16,thresh
e6699f56bcd20c14,thresh
e66c5e9106c5dfdf,thresh
e6763dac9d770096,thresh
e6776a392db7176f,thresh
e67b5c5909777465,thresh
e6849d1e408c8a60,thresh
e688591c0382cf5e,thresh
e6a10af6e4b37f03,thresh
e6abb7915c7fd1f1,thresh
e6c019f70f7e7f0c,thresh
e6e19de2a0df1d32,thresh
e6e54dcb2b4d8e9c,thresh
e6ec37b5ca175d98,thresh
e6f7f5ff8ddc6e5c,thresh
e70b91607b35da25,thresh
e712f26dac3db740,thresh
e716bc25ee2f29a4,thresh
e741f27c8b7dd226,thresh
e75ab0778368e417,thresh
e7647a68aa709a12,thresh
e77009c1c1b8b93a,thresh
e77118621b13b43f,thresh
e78fa85a48b09632,thresh
e7909c16ef5d2b10,thresh
e7a8ac78dbba880c,thresh
e7beea0050fb7d67,thresh
e7ca8de32b4a0119,thresh
e7e36a5fcba990af,thresh
e7eb92b6a6bab23c,thresh
e7f24ed374b5d5ea,thresh
e7fff9c187ed2233,thresh
e80ea61dab1e184c,thresh
e80f8494e2d27774,thresh
e8258a914cdf7a65,thresh
e8288dd6ecb48ef9,thresh
e82f0fd09cd0e5cb,thresh
e834cc03fd07e21b,thresh
e8420d64fcbea600,thresh
e84da31727aff2ed,thresh
e854a8fcfd21b2f6,thresh
e855b0e20642d001,thresh
e85c7972f38d9fcd,thresh
e85ef7ecba6220de,thresh
e85f1022afc17c9b,thresh
e865eceaaed61b43,thresh
e8660b9ecfdf2015,thresh
e87a3f65b00b858d,thresh
e8b48716df2a09e7,thresh
e8bd10bcb11c31a6,thresh
e8c3f759a24c7ad2,thresh
e8cf07e18da152aa,thresh
e8ea9b2be3b06ae2,thresh
e8f2454f1877de70,thresh
e8f7fd262f0be217,thresh
e904db7bae18cb4d,thresh
e90e66fd37ccdd28,thresh
e9287414dba1599d,thresh
e946aa3ee2e971b9,thresh
e9495fcae448c20f,thresh
e95cf850aed4651d,thresh
e95d9af43e9f8a99,thresh
e965b1f7f2fd2e88,thresh
e98a50867916d0f3,thresh
e98f662ffd540a1b,thresh
e9a225226287d642,thresh
e9ac33011686aa08,thresh
e9b17869cbed6b0f,thresh
e9b9b35cc4bc2a7b,thresh
e9d11fc60859a6ce,thresh
ea07d0edf80df3af,thresh
ea1804e3edff7f92,thresh
ea2539d75e7a24bc,thresh
ea2fde2aaa5e5e5f,thresh
ea3671617f0a3566,thresh
ea6ee462fae8a9b1,thresh
ea7379338ec70933,thresh
ea7bff8df8dc1d77,thresh
ea96557430e7d544,thresh
eaafa91107b79b6a,thresh
eaafcdaf736220b0,thresh
eabc90e9e4f2465d,thresh
eac0220c772e76ff,thresh
eade1fb219bd64cb,thresh
eae6d9364151218b,thresh
eaec07e98eeade0d,thresh
eaf755be7cff5891,thresh
eaf76f8edf622764,thresh
eb06391c6526e557,thresh
eb07e2bded5e7cba,thresh
eb115f7696cb6a7f,thresh
eb17167e625008a5,thresh
eb1732addd732f9b,thresh
eb25d58d7392a754,thresh
eb317498ff6d5d42,thresh
eb370431a110ba64,thresh
eb5445b86643ad4b,thresh
eb56b01e6620f241,thresh
eb6485eeb52e1235,thresh
eb7da7e096f2a517,thresh
eb8f03b98d7fafaf,thresh
eba57ef84baa5821,thresh
eba9bc2922bf0ea9,thresh
ebb0fab2d4548bde,thresh
ebbd1247906fa533,thresh
ebc35bd6742394b9,thresh
ebee6c2528982559,thresh
ebff16399ad66fde,thresh
ec0b0189c793fdc9,thresh
ec2bf051819fe9f8,thresh
ec4cfc0b7a7118c7,thresh
ec54988e4b8e977c,thresh
ec5a671f6acddebf,thresh
ec5b87cff2730f8f,thresh
ec5c06ce2cc4756c,thresh
ec6b807a57840062,thresh
ec8524a966109c03,thresh
ec8b3a43326c237c,thresh
ec8e01665dc4c648,thresh
ec9bf1a60716272c,thresh
eca58ac5877db332,thresh
ecbade8c1adbadbc,thresh
ecc222b778a480c9,thresh
eccd7620bad74366,thresh
ecdeb6a53332821f,thresh
ecf4ff321351e7bb,thresh
ed07203f003a4a96,thresh
ed0a057a637df15a,thresh
ed0ac16f87ab1e48,thresh
ed23cf01b0442b7d,thresh
ed248d3039221f18,thresh
ed32bf46615b8c9e,thresh
ed35be8a477c9055,thresh
ed3634d0e2529c27,thresh
ed3934b00b4b2412,thresh
ed5b9fd3cc926272,thresh
ed66a4bd5d8aa62c,thresh
ed706b9213ff8269,thresh
ed76bcdf6a323512,thresh
ed9fce2caa0c0e28,thresh
edb5b6b0e5417948,thresh
edc5b3c833bc6f77,thresh
edc8efbf7b40d45e,thresh
edf6528cc97a28bf,thresh
ee06f12441cec27e,thresh
ee130b542b646a0c,thresh
ee2234e4ecac705b,thresh
ee25c0a73c4b0b05,thresh
ee2984fbf8f3d63d,thresh
ee2a18746da7eebc,thresh
ee2bf6ef269dcc72,thresh
ee3830a3769ba714,thresh
ee4b933d2f7e47b3,thresh
ee58d828ec84d9bd,thresh
ee5af1553c52a310,thresh
ee628ad370d53237,thresh
ee6c89e011f9c2e4,thresh
ee8166437f5a8942,thresh
ee83bdd475ef7a6b,thresh
ee94e5457ddb4560,thresh
ee9fc990881dfd95,thresh
eeab7657fa361801,thresh
eeb6e7273ff2d958,thresh
eec7626e1eebc162,thresh
eeeb90ee1d71eaf6,thresh
eeedff1afd19f82f,thresh
eeeea90445bc8f20,thresh
eef73543bcdcbe81,thresh
eef763ae36562ca6,thresh
ef077186647b2ff7,thresh
ef0780622e19a614,thresh
ef0df73ca8011380,thresh
ef178ee50c4d5899,thresh
ef2a99bce2825818,thresh
ef2fbe151dfc599d,thresh
ef3be00953b2a4a2,thresh
ef3f535ba537dc23,thresh
ef40ebca58dfcc05,thresh
ef46cfde67d23f0f,thresh
ef483ebbcf5f8fe1,thresh
ef494c23e145cc09,thresh
ef49c0124c5d8e2a,thresh
ef4ddf7032dda6f2,thresh
ef540a150bd6f358,thresh
ef597acd0b24fd57,thresh
ef5cdd14ed43d7b5,thresh
ef5d85f83ff83c09,thresh
ef6534e5d316cfc2,thresh
ef6cf6ade470ce49,thresh
ef7752a5ef3f3ede,thresh
ef7b5d472ad0579a,thresh
ef80a1970ff918c9,thresh
ef81dc854bbe7980,thresh
ef85ad179fe5e270,thresh
ef8b36b3c24e64d1,thresh
ef95358cdf8dcbb5,thresh
ef9680a3e66c39ca,thresh
efa8982e3b71a7a5,thresh
efaa32c911e4b4a5,thresh
efb192139b9bc1a2,thresh
efb27c4d40d063fe,thresh
efb710043c16c070,thresh
efca902022c98357,thresh
efe2d358281bb8ce,thresh
effb3ea0634e2a0d,thresh
effbc4d446223498,thresh
f00e7b6ba73dccf7,thresh
f0180e879166a990,thresh
f036e51a96d37fcf,thresh
f03c98ccdfb156c0,thresh
f04be50bfcc65317,thresh
f0664fa58ab42adb,thresh
f06c2ffa6dfaec35,thresh
f06f10de450489bd,thresh
f0731b5592114f6a,thresh
f07a7fb2c1ae42e0,thresh
f07fb4d35c0097d6,thresh
f0920dbe57d12886,thresh
f0adbec9537d53a8,thresh
f0c639a4527505af,thresh
f0cb4e68bdd4ef8d,thresh
f0d2c7f7405eb528,thresh
f0d36a9c7e7303a9,thresh
f0dc7998c593b01f,thresh
f0e11973b7df2d49,thresh
f0e7b3652f18c602,thresh
f0f5b19594b99d71,thresh
f0f98e095da024ac,thresh
f11d54ed5bea5a16,thresh
f124d64bca8f52ba,thresh
f128568c21f9d1d5,thresh
f12cc2cefd421224,thresh
f12ddad3efc50f25,thresh
f1330b9a16b9a5bb,thresh
f13c5dbff5d62ece,thresh
f154c2317cf876ff,thresh
f15fe88888e57091,thresh
f1782333e8a4afd1,thresh
f180e43306af15b5,thresh
f181175f160a2b64,thresh
f1a56a186af904d6,thresh
f1a90e366a5a5555,thresh
f1c33b3b37aa3aa9,thresh
f1dd24c5bb28ec1c,thresh
f1e954b3ec5d3fde,thresh
f1eef6a71fd2e7db,thresh
f20541d25440dfce,thresh
f21b4a6e7f36ebfb,thresh
f21c46967f792469,thresh
f221c87652538457,thresh
f223c98d4bee72a6,thresh
f229fbeda5a82196,thresh
f22f474b2f5abc76,thresh
f23ac078a59605a5,thresh
f23ac4548383aba1,thresh
f2534b3f13930fe1,thresh
f2547d0b6dc06c12,thresh
f267629761aae05a,thresh
f288af96c08b50ac,thresh
f2bd37a94ed8b44a,thresh
f2cc5abc377d0838,thresh
f2ccffdc4f27f1b4,thresh
f2d6367d798492d9,thresh
f2d8078f567c097a,thresh
f2df6306f6e49803,thresh
f2e4859927ffdf83,thresh
f2f498c6f8412331,thresh
f313bfea6036e09d,thresh
f31643f082f9c0d2,thresh
f338fce3a69f5f9b,thresh
f34ca1043d4e64e8,thresh
f3620e910c33684b,thresh
f363ede4ef77f2cb,thresh
f384aa11be97a4e9,thresh
f3862913b5488099,thresh
f3883d6cc41dac75,thresh
f38c347c33499e6b,thresh
f390ec9c7a0a7a57,thresh
f39d026b7c28c47a,thresh
f3a1bf1e83bec972,thresh
f3a545ba47e6d54c,thresh
f3b6d380bdac5263,thresh
f3dc77d075578bd3,thresh
f3dd7585742847f0,thresh
f3e40b8ffe6e51a7,thresh
f3e9e045c0cc64b2,thresh
f3f9610b8bffd531,thresh
f3f98e5b7338dcd6,thresh
f3fcd446a7a085b2,thresh
f4040782917f9f10,thresh
f41d5c304ecd0c60,thresh
f4228ae37134a384,thresh
f441bd672313286f,thresh
f44d7d8ee69af055,thresh
f462acef848bc43c,thresh
f46451762613c864,thresh
f4647304914632f0,thresh
f46638d1eb823047,thresh
f475d204360ba282,thresh
f47c892798cddd7b,thresh
f48d7d0b7841ea6a,thresh
f4a2c292bc1c481d,thresh
f4cb7f66c4a6270e,thresh
f4cbcdaa9ed97be4,thresh
f4d984fa5c538d14,thresh
f4e15ee2c0c28eee,thresh
f4f46923d25eb168,thresh
f5048014354e2fb5,thresh
f507e3982620797a,thresh
f50c4eb2e15bfc84,thresh
f5111cb9016f03ce,thresh
f515dbef97d13e2a,thresh
f546043dcb8a2bb0,thresh
f56273b90ca93be8,thresh
f57579259cc1dc88,thresh
f57fc070be3ece76,thresh
f58616d071c5c3e0,thresh
f58cbc7d19b4e917,thresh
f5e0441f85f98564,thresh
f5e1426d090ec05d,thresh
f5ff4c59224cb199,thresh
f5fffe914d31b5a7,thresh
f60665abbdcd5574,thresh
f62d5728842103d5,thresh
f635e0f4b1fbd680,thresh
f67f4004f44c9f1c,thresh
f685fe25b7d8829a,thresh
f68a2e1138202cc9,thresh
f695f072eb0c21c9,thresh
f69c9b94f5eb2bd3,thresh
f69f0de322654037,thresh
f6a0b90101d6afa2,thresh
f6a21cd087de4b6f,thresh
f6a650a8379688ea,thresh
f6a7c1f411a0499f,thresh
f6aff0b3986c6845,thresh
f6b2963e5f1f9854,thresh
f6c7bb2f06746d1a,thresh
f6c811b83bd176db,thresh
f6eaeb2811c215ec,thresh
f6edef25cbf73450,thresh
f6f009c979a16a03,thresh
f6f11a20a7679b7b,thresh
f6f6122a4745db57,thresh
f6fa585e997aca61,thresh
f6fa777768e8b805,thresh
f6fd7c3e874a8e1f,thresh
f70374417fc6d599,thresh
f70715f686b2f8c2,thresh
f720ce65018c93b6,thresh
f721a0ceb1921a4f,thresh
f722f4e6ffb570be,thresh
f72fdc023f9943f9,thresh
f75a4b03f6f43f45,thresh
f75ddcee6930d2e8,thresh
f772f5661bb280d7,thresh
f778ecf13d6e80c5,thresh
f78566d27285ffce,thresh
f785df900777c5f7,thresh
f78855004dbb21e3,thresh
f7b4ed19dd74cbde,thresh
f7b59224226532b0,thresh
f7b6f4110780f78e,thresh
f7c6a352c19a7b3a,thresh
f7cdbda96660db1e,thresh
f7ced2a494a0bb84,thresh
f7e29393b7db718a,thresh
f7e6e635b89a219d,thresh
f7ea9aa7466f74b6,thresh
f7ece6730505395c,thresh
f802f5adb013836e,thresh
f80baae8d34a93e0,thresh
f814a7c239504968,thresh
f81b541111edf9e4,thresh
f8253747287dd963,thresh
f82aacfd4e355f1c,thresh
f82ae87ce2709cbf,thresh
f838b42001c80c7d,thresh
f841c2b5e1afad28,thresh
f8476ecf4fd4d9b9,thresh
f85d0c66b2551bc5,thresh
f886aa900fdf13a2,thresh
f886afe974bea988,thresh
f89ee679525d2fbd,thresh
f8ed73a50d997c97,thresh
f8f4da76649d66fc,thresh
f8fae7efd3b18937,thresh
f8fc331a6c4422c4,thresh
f913195687283bae,thresh
f92d5ffdec0a8346,thresh
f93f1bcffbb31930,thresh
f9426f6f5202cc8b,thresh
f95313ad135e116e,thresh
f95773bf4a4f79af,thresh
f95d93a0190b7f9c,thresh
f969c3a1efe3c2ee,thresh
f97556b3e739ad46,thresh
f9759ea81c5208aa,thresh
f9777ca54ec10d19,thresh
f988b24bbe623fa6,thresh
f9919a97302053d2,thresh
f99569f3e68895a1,thresh
f99f60879f4f2295,thresh
f9bc4ad9859fd58f,thresh
f9d5dafd4f5dbd1e,thresh
f9e048a8d9057427,thresh
f9ed3d1c6772216c,thresh
f9f5f5f71cdcaaa3,thresh
fa0c59151ffeac09,thresh
fa15db3655e880c2,thresh
fa2a2fd93a812617,thresh
fa565d35cb8a0a67,thresh
fa5b3a8a70fccb02,thresh
fa7563560f6dfdf7,thresh
fa8474ed7763dfaf,thresh
fa870d4b821db412,thresh
fa8fb8e6d260dcf2,thresh
fabb854b83de96d7,thresh
fac663856fd7760b,thresh
fafa1c55e4933dac,thresh
fb01c7b526b096d4,thresh
fb12a7bb4ae09f61,thresh
fb14aa63a3deaa90,thresh
fb468a0c7cf70ecd,thresh
fb4fabc0410bb652,thresh
fb518fd0ce0ba113,thresh
fb524f4e0eb95a50,thresh
fb5a46d8bc898cb2,thresh
fb5aaaaa676ddc5a,thresh
fbb0aa2f9d521100,thresh
fbbc5ef3297a2c41,thresh
fbe83cfb5968699d,thresh
fbea1e1b3ff80359,thresh
fbffe73b1e38ee8a,thresh
fc1428ecb3b6a337,thresh
fc1a40a4efab4915,thresh
fc1fb5d80448447d,thresh
fc398a7714705ad7,thresh
fc4c20bb2f0327a3,thresh
fc888c3126ba5031,thresh
fc919fb61b1fb70b,thresh
fc949b12807c5ec9,thresh
fcb2d4297d7d54ed,thresh
fcc2d59b7e46aa0e,thresh
fcc583161058b594,thresh
fccbb4a6f470075e,thresh
fce1412ca06c50fc,thresh
fcee9e047b953605,thresh
fd1ac5670fea64db,thresh
fd1f38c2df368716,thresh
fd3fe7d84b53c4b0,thresh
fd415efadbc3855e,thresh
fd43254d70607552,thresh
fd69878b39eb1995,thresh
fd729e24e520efa5,thresh
fda6e63135438e72,thresh
fdacde63d8095fd0,thresh
fdae175c8c00bb9c,thresh
fdc366afab54b462,thresh
fe07405c41e95167,thresh
fe182187c2cb4e53,thresh
fe1ed250f0252c93,thresh
fe3d07e098ba2035,thresh
fe3ea06fa2e52b6b,thresh
fe434b12cb119e35,thresh
fe45199199b7f392,thresh
fe46a605802e1a63,thresh
fe48dd7bcc9241e7,thresh
fe66498c4449ca96,thresh
fe675db8881684d0,thresh
fea3bc0012076687,thresh
fea552ba19ff0d97,thresh
feaa644a56f71bf0,thresh
feb1756dbd2131f0,thresh
feb57b31feb88eb3,thresh
febb1a3c539dfbca,thresh
fec1336eb9900df4,thresh
fed1d1d8066f9917,thresh
fed67a36f3d823e1,thresh
fedca0f0ff27c22b,thresh
feed85e955c72d73,thresh
ff0e9402c936015b,thresh
ff167878ecd01b06,thresh
ff1ee041a593eb7b,thresh
ff2163bb8cef34b2,thresh
ff2ca5dc1825c03a,thresh
ff3d674982bc7a14,thresh
ff3dc6e6ab2c662c,thresh
ff438ceb1b4fa4cd,thresh
ff45db1c01618cf6,thresh
ff47a0d57cb12ef3,thresh
ff485c05838b96a0,thresh
ff863257ec06828f,thresh
ff8dcf390579f0dd,thresh
ff988eddd65e9234,thresh
ffa95118373964f5,thresh
ffb45a001ce64d94,thresh
ffce9be34f694399,thresh
ffd0fcf25070ec11,thresh
ffda18b8fa2274f2,thresh
ffde5b109fa7a06a,thresh
ffe9f7ebeeefef0c,thresh
ffeae2e7eb49e81e,thresh
fff10d8ece378eb9,thresh
fff995c2175530d1,thresh
fffd0ce82f58251e,thresh
002f84c16ce1f9b0,thresh
005b2b641f235de4,thresh
007a36dd5a8f50ac,thresh
00a4cda7b40d97ba,thresh
00bf02aeecd89970,thresh
00c6c2f0bd9eff62,thresh
00d3146434628f0b,thresh
00e2b7cb2f289294,thresh
00eb65f9a1d4e71f,thresh
00eb7586f79712ab,thresh
0106a04cc6b6cc8a,thresh
011b5264a3dd3f47,thresh
01297e945c0ed44b,thresh
016ddec800f68f52,thresh
0176c5c8f1b95637,thresh
0187d4b155ff5877,thresh
01942be64014da76,thresh
019f67c0b9284021,thresh
01b38689a1bf7041,thresh
023886f2fd7c4c4d,thresh
023a34561f3b926a,thresh
0246ec773b78950f,thresh
0283744a1e8e6f8d,thresh
02a0cedc4b62e63d,thresh
02ad1fb91f588f98,thresh
02b6bc3c16c16281,thresh
0313829b1b8e2a37,thresh
0339a36345551a0b,thresh
038bf191b2808405,thresh
038db7fc5d2a9e64,thresh
03a39d2dfe116248,thresh
03c235b55b7164a6,thresh
03cd70a43603c589,thresh
03d4ffa77aea59fb,thresh
03edbc4e0268ebd7,thresh
040fd74ecfd6e02b,thresh
046cd0e021a02f71,thresh
047b8b5b948d27b4,thresh
048fecb3151a1eb3,thresh
04be53731563cef9,thresh
04c3c88b210cb6c0,thresh
04e89423fce999c3,thresh
04ffd177dd207700,thresh
0526f70bc7d55dde,thresh
05534bb7d9b82029,thresh
05919ae3e0570c00,thresh
05a757d3c26a91d0,thresh
05b7e2598337d605,thresh
05ba9ab5a7530cc9,thresh
05c52a1dab960f3b,thresh
05ccc9d461509486,thresh
05e0b6d979bc46ae,thresh
05e8528900593bba,thresh
05f57aaba7b6004c,thresh
062212044aeaee5c,thresh
062ca59135fc314f,thresh
0663dc226915a8d5,thresh
06a1d23ad49730e7,thresh
06aa9b7bb2e019b5,thresh
06c52911a3e789f9,thresh
06db6cb9c98a2360,thresh
06ed5a7dca838d30,thresh
0701ff623e0fdc01,thresh
0772d02b3dacffd4,thresh
077a405d69f7d00b,thresh
07af82ecb59fc3df,thresh
07b1f031452dc51f,thresh
07bd03bc37a35a2d,thresh
07bf72e9d3571379,thresh
07c50b7350e39921,thresh
07d78731689fe42a,thresh
07e5a75feaeb360e,thresh
081817ed5dfc4435,thresh
0824e17c6aaafce6,thresh
08309e8b1456d43c,thresh
0837b1fe8a248392,thresh
084fe72a5afe7a59,thresh
087f6667c99393ce,thresh
0898e89ddd71b4bf,thresh
08a8e5812756b2e8,thresh
08b3611a6ee1aba6,thresh
092bc7f5124e3db7,thresh
0962caefa6b76b40,thresh
096d05f89230a579,thresh
0985d52a263c95a1,thresh
098a0e684a62ea74,thresh
09a6287e33a87c31,thresh
09b3f1190f233541,thresh
09cd3fd4efdfc688,thresh
09d2862d84b935ac,thresh
09dd30ae0e53b1f9,thresh
09f8816cb5931f65,thresh
09facb7094a8c06b,thresh
0a00be3bc07532e2,thresh
0a247b250e25d09e,thresh
0a39804f48fa0d64,thresh
0a47ab67fea0bc81,thresh
0a5545b9f4b7cba3,thresh
0a8ad3e3e7908b44,thresh
0a94d874fbaef6ec,thresh
0ac4517e630d3035,thresh
0ad82ebf22fd8895,thresh
0ae1364254b05e60,thresh
0b2e8f74f51f317d,thresh
0b4106291da6c7cf,thresh
0b5399def2978041,thresh
0b5d8b54044ef7f0,thresh
0b71465515add3d8,thresh
0bae6fd0682e6b89,thresh
0bd63a95b46f6eb3,thresh
0bdbeb7f8c3dabfe,thresh
0bdde759d6e3b9e4,thresh
0c0771be3c070940,thresh
0c46d4d1e96e9b28,thresh
0c5454bb5dffc16c,thresh
0c8be4da268c6f1c,thresh
0c8de4f7514a3f9c,thresh
0ca0549ea3c141a3,thresh
0ca3c97a05b09d3f,thresh
0ca592b0a2e15e7b,thresh
0cc3de6121566bc4,thresh
0cc5f8880c48eb91,thresh
0ccaf9208d697e38,thresh
0cd617cd06f72e6b,thresh
0d5b469ba9814d15,thresh
0d62a924f22f05e1,thresh
0d929a09d696f858,thresh
0dcd0080469f90a1,thresh
0debe099314e971d,thresh
0dede34de0e298d2,thresh
0e04be0fcc0b400f,thresh
0e1de47ed6cf439d,thresh
0e48916cfe548f0f,thresh
0e69067e982760ce,thresh
0e6f299725d76f29,thresh
0eb76286c81a9531,thresh
0edd689cc8e47438,thresh
0ee649b6bf71dc76,thresh
0ef5551530ddf81e,thresh
0effc38876d562a7,thresh
0f3ac1513255bd0e,thresh
0f83d9c77e442bf3,thresh
0f90532ce90056e8,thresh
0fae23e65d8f45dc,thresh
0fc44cca5750043a,thresh
0fd2c662a08d346b,thresh
1035b30380575bec,thresh
10442728a8cccd58,thresh
104a9d9d948bdcf5,thresh
1069b77400ce4592,thresh
108f6a09eb6cf72f,thresh
10a8fa3e6b710eda,thresh
110508cc66aae15d,thresh
110b6e660feee674,thresh
111ce18adbb6c4c1,thresh
112ba410936f18d9,thresh
118b869f772c1aef,thresh
11c138e8500945ac,thresh
11e7ad597f430d96,thresh
122b669682bf1b32,thresh
125869e04cfe6faa,thresh
13076ba5287622b6,thresh
13283bebfefa9809,thresh
132ac1aa53305a7a,thresh
1332eeccb6b189ae,thresh
137e166b60614fd0,thresh
13a3a87351cff1c9,thresh
13a5a5f8c9401647,thresh
13bc9b01c63eef21,thresh
13c4f5f09c1ad3ef,thresh
13d3df47263042b5,thresh
140829a448d3dc52,thresh
1429039221def120,thresh
1477f130c90f6eec,thresh
149cbdbfab478c76,thresh
149f7ce3c0191dae,thresh
14a2cf47b045da81,thresh
14ad073547922db5,thresh
14b9ec0c3b9afd3b,thresh
14bcbe8f4a17df5c,thresh
14da5e2ddac1c783,thresh
150a82397159cf42,thresh
15174867b3252aa2,thresh
1519845b63f2a9b5,thresh
151e4484e8f80c2e,thresh
152762781e10da69,thresh
1530b91e8edb6c0e,thresh
155d7a900ff582df,thresh
1572d3ee1fe5f82f,thresh
1578f618f2480c37,thresh
1589d1e54ab5c1c7,thresh
1599482b8dc382b5,thresh
159b010f9a1ad87c,thresh
15c6602beda8baa0,thresh
15d7d491b37534ec,thresh
15d902be49fc2f7c,thresh
15da26e992b67627,thresh
15dea22721d6490d,thresh
15ff9873d8b0d061,thresh
16a64645d096e774,thresh
16b467872a0f67c0,thresh
16c2452c07a93063,thresh
16c7e3fa019924b0,thresh
16e9743fce91e2dd,thresh
1701fbc1f8635c60,thresh
171b0aa4af478af4,thresh
173d054183927329,thresh
177d853c8d293035,thresh
178f608f1ecf51a2,thresh
17922768fba8547b,thresh
17925baace545568,thresh
17a3b7a959a2263f,thresh
17c50c3b39438b50,thresh
17ddbd6b245cdc3b,thresh
17e976820f7498c8,thresh
180fb00981ebd2b1,thresh
1830ce8aa52300f0,thresh
184b4b56684bc635,thresh
189f286b7d8b6e2c,thresh
18b09f1bcca983e4,thresh
18dbc12711ba2571,thresh
19b4cbca8ba8af6a,thresh
19b7bfd2773443a8,thresh
19b8bcfa559448c2,thresh
19da10034453186d,thresh
19f526ec72991c16,thresh
1a15c61b1af419fe,thresh
1a203504147d51e2,thresh
1a42a4116eb84db5,thresh
1a4b68a862397dbd,thresh
1a8a5404c15ead04,thresh
1a8b0f571543b3b9,thresh
1a8cb789b776ce05,thresh
1ad039ae9218ee47,thresh
1ae2c040b3f72c7c,thresh
1b2bc9069d8f93d1,thresh
1b47fcb010379b9a,thresh
1b83eb38af861035,thresh
1b85dc2c7ea06184,thresh
1ba4d2f16c2dfed4,thresh
1bf09a8b34ce79f3,thresh
1c3710d20340a24e,thresh
1c45fd7dbb58b03f,thresh
1c6f2aa8e8d95ec4,thresh
1c974db7fc92cfd1,thresh
1c98be923763faca,thresh
1cac1f971dea3534,thresh
1cbe0fc63189c2e4,thresh
1cd7afb95053b8e5,thresh
1d29f14dffbae40e,thresh
1d304dc2ad7bd6a6,thresh
1d372b61a4d4182a,thresh
1d557ed3732ae915,thresh
1d5767741719f643,thresh
1d5c0a54c0ae0ce8,thresh
1d60e4fa62e8a526,thresh
1d7bc87783aab84e,thresh
1d9fee6381ee6772,thresh
1dbec5b16ecd2e69,thresh
1dd68a98d6b0f057,thresh
1e0543a394c63b4a,thresh
1e07ff84d9543d47,thresh
1e15ffbe80799cc7,thresh
1e239596274af8cf,thresh
1e38c620dad06d7a,thresh
1e422f1e015c558e,thresh
1e45824bca4dc21e,thresh
1e48915c92735d52,thresh
1e805d4e1304aad4,thresh
1e98950fec575745,thresh
1ec85ed500ef65cf,thresh
1f08bee044222ae1,thresh
1f16f5c30f81d9e3,thresh
1f3a9471c69f265e,thresh
1f5f2ef01d1a206b,thresh
1f633b956f17a82a,thresh
1f7ee8d8b0f5df9f,thresh
1f878ce4810ee51c,thresh
1f8ded3cfa0070ef,thresh
1f93245c6a105a58,thresh
1fdf1a4411d8cdf2,thresh
1fe3174ea410f9f8,thresh
1fe715c802489204,thresh
200139ff62044f63,thresh
2008e35b988e4df4,thresh
2009a0cf8959389c,thresh
203f433f7ff9ace6,thresh
20849a222f34d35e,thresh
20988f1e3b340848,thresh
20ddda979d29582f,thresh
2117f3f9730c97ec,thresh
21483f14748a4a7d,thresh
21515a415f7e236f,thresh
21741db77cf75329,thresh
219a94d9195f9526,thresh
21c2731ac9429c8f,thresh
21d0e1c5fb84c9fc,thresh
21e243284a454407,thresh
21e85e7d9747b35f,thresh
2201a47423d6989c,thresh
224232231ae84239,thresh
227dd0e2fb27679f,thresh
229622c5aff00efe,thresh
22c8962c0ee352cf,thresh
22c96c48dc2b6af5,thresh
230da7176ee00c41,thresh
230f2c727fa2b68f,thresh
233e94078b7d53d6,thresh
2342c35b2aecff30,thresh
235e4e710e5dab32,thresh
237bf054316186f9,thresh
23838bba32cd0945,thresh
23839652d0641aa0,thresh
238e6b34694835fa,thresh
23b18af151d5bf45,thresh
23d5545a4d0d28bb,thresh
242509f2a40b0539,thresh
242a8e569a4a65e8,thresh
242f8c4f928de8cd,thresh
246c6732129fd754,thresh
2483ddfbce03ec75,thresh
24bec28174d325ad,thresh
2506421732f18164,thresh
2506d42e20b19bfe,thresh
250940008f6c5a9a,thresh
2516f381dd2acb4d,thresh
253404e7718897d0,thresh
2547a754a3157bee,thresh
255c68ed67de96be,thresh
256270d0b32e2b1c,thresh
256c87bb6e70db4e,thresh
25ac86678f3e6c1a,thresh
25d2b97d20807902,thresh
25f0a1d6775da20d,thresh
264ecfd1c5cce18c,thresh
265f980d761121ca,thresh
268c644fce5cdd1a,thresh
26e9b317b7145acd,thresh
2723316389efbaa8,thresh
272e9575d985c32c,thresh
2745b8a21fc08337,thresh
2778f1adaf25a348,thresh
278ec28530557d1a,thresh
2799fac8e7d77201,thresh
27a3a2bcf961c691,thresh
27f1457069b67246,thresh
28030dc69c4b09f3,thresh
283be25eb57bf9b2,thresh
28731c45bd548bae,thresh
2888b8febc03f5f3,thresh
2890ddfa064d8532,thresh
289fd98a873cba6a,thresh
28b1a69679bea62a,thresh
28c5f796525e613a,thresh
28d69cb29c9e657e,thresh
291123629ea3bb7d,thresh
2926798f3b04a555,thresh
292b7d48c12121d9,thresh
29313228d4354705,thresh
29481cf4f1c49bcf,thresh
2950f3cb7a0cd5a0,thresh
296c28171b885a28,thresh
2989a68c080b574f,thresh
298e062e73459138,thresh
299e82d2d9222d62,thresh
29b001bb49d277b4,thresh
29dfd042d37611bb,thresh
29e5ab78bcdd8b29,thresh
29f862a0451b4ef8,thresh
2a0b7546d2db1d4f,thresh
2a29c8e18d8a1d22,thresh
2a3c7e30c5cd1e0b,thresh
2a54088c2f419d13,thresh
2a5df7f173667aff,thresh
2a6a1b59261b3281,thresh
2a75564fa71b5675,thresh
2a7aaee6df2722df,thresh
2ac86307354d6d7b,thresh
2acd9fe9d5c94347,thresh
2ae6c7686b31547c,thresh
2b08ddb97fa5f556,thresh
2b443dbbb884ba17,thresh
2b58ed32afc0ee72,thresh
2b8338f6892ff297,thresh
2b86e778873fc954,thresh
2ba5b8c1d02c7258,thresh
2bd2d6bc6dbed56a,thresh
2c0c128af94f6b9d,thresh
2c24cd05f9dadbf4,thresh
2c2e689902056a51,thresh
2c5383ec3d0ae812,thresh
2c6f147a0f99f285,thresh
2c97692a8501a053,thresh
2cf2b19e3c45848a,thresh
2d161f064a12ec82,thresh
2d29e2854e638741,thresh
2d2e35880939d987,thresh
2d3a89a5a6eed11f,thresh
2d41c3023a62e487,thresh
2d69dc94e87bdd82,thresh
2d7ac39e8feab48f,thresh
2ddda32a83eeefba,thresh
2df087d432b9be1b,thresh
2df335a39606c649,thresh
2e1c3bc5f2675a58,thresh
2e2b9abfd04a91f2,thresh
2e3ace372d41d56c,thresh
2e42c4a2fd907337,thresh
2e4ac702243e5725,thresh
2e5651acc6f9436f,thresh
2e5811a21087bce4,thresh
2e6ff6edb304818c,thresh
2e79894d8aa76ce8,thresh
2e7cdee49fc7151c,thresh
2e8065c2aa531f4f,thresh
2e9e6cf6af345d16,thresh
2ec5c819179963da,thresh
2ec6dba00fdb1c16,thresh
2ee0c844ec9ddb8f,thresh
2efa74632a45f5fc,thresh
2f01298e4a48a60c,thresh
2f0b8de399efdf37,thresh
2f33b1020d0dd2c8,thresh
2f3dec6cf2420396,thresh
2f52d9ffca669e01,thresh
2f730758aad097e4,thresh
2f8a8ff2dbbb5185,thresh
2fa8ddc5c1718ea6,thresh
2faab5346e36a3c3,thresh
2fad1a5b4e1a5e7f,thresh
2fb52bde1467cf4f,thresh
2fb74384e6a5a487,thresh
2fd1ff95a4d73910,thresh
2fdcc01523c08201,thresh
2ff6bc74d26b4cb4,thresh
300489df6664b458,thresh
304045a27935e8fa,thresh
3043c08ddb1130ed,thresh
304e235e6b490d28,thresh
308d51fe918d6a2b,thresh
309371d8011dca77,thresh
30a7667269af7293,thresh
30abda61f5c58ecc,thresh
30f0e6ab1087a9cd,thresh
3102a9f549cdc877,thresh
310c5d45276606d9,thresh
311b411e3fe3066f,thresh
312d2b8dc5ad24d3,thresh
315c245262e7be85,thresh
31731062881c0d85,thresh
317814e94e00039e,thresh
3199f024d7925ec6,thresh
319b402d6b5231a8,thresh
319ed926ebbe53e3,thresh
31ddcf8368cd3638,thresh
31defac40f12ccdb,thresh
3219cfe98d4db13a,thresh
32362dd623da3e1e,thresh
326d33a4665cda6b,thresh
32a425770098e0bc,thresh
32c96a1de2fe4447,thresh
32d53aaf92d9fab9,thresh
331b2e88e116e7aa,thresh
331f5a6f7098562b,thresh
3343b268710fa3cd,thresh
3344a2f9f98e7d56,thresh
3369a086247dd622,thresh
336b01866bb2b063,thresh
338b80c25cdf7ec5,thresh
33a5fa8f333e572f,thresh
33b0f9414c25ab0d,thresh
33b4f21f55100749,thresh
341abdbef89abd69,thresh
341caa11311ee88d,thresh
34390632b50fe1c3,thresh
3449bc72543030f7,thresh
34806a279d2a9edd,thresh
3480f414ebe26769,thresh
34a380f858d1cc03,thresh
34bf3073226791e2,thresh
34c47369d805a1bb,thresh
34eb1c3c28a0382a,thresh
34fbdd823df253fd,thresh
3500dcff605a872d,thresh
3533f1793bec18a1,thresh
356392c9219d11f4,thresh
357fa8db1a63e4a0,thresh
35dd4e9e9c43182c,thresh
35e5d8d2f38bdfb1,thresh
35e6d49443eea61c,thresh
364b680f970ca112,thresh
364f4e564129aad1,thresh
36521c14e680fae9,thresh
3664858a37a8bf42,thresh
36e1095ec059ddfa,thresh
375864f0e21ea4d4,thresh
3758a3d07f1dbb57,thresh
3764ded331172a10,thresh
378c9c5aca8f52b0,thresh
379d34b323695c7c,thresh
37b563fc203593a2,thresh
37c9755a0cb2baf8,thresh
380642978d4ffe1a,thresh
38880fae6df48adb,thresh
38b67c052b06219b,thresh
38ddef3d1cf86ea6,thresh
390861cc8aa889af,thresh
391483e18026d31a,thresh
3917ae948eac768c,thresh
391f38e45ac1856c,thresh
3922ee21b6257b97,thresh
3927dd49d646f41f,thresh
397f8394784d77a9,thresh
398b329865522841,thresh
39920a3f3fc1fcf5,thresh
39936426b145ab5f,thresh
39a18b98f53cd280,thresh
39a2d06866156ea4,thresh
39a4bec219fda1c1,thresh
39a74b926ca6450d,thresh
39d334309dcec024,thresh
39d827f4c036c1b5,thresh
39df3527d956a400,thresh
3a25267d5b46c491,thresh
3a56c12fd1933d23,thresh
3a701db1286dd52e,thresh
3a74531ac033398f,thresh
3a9e459f5f5cccfc,thresh
3ab7766f3bab005c,thresh
3acd4c8ac77719c4,thresh
3ad4810f4e32fd5d,thresh
3af5aadf1362574b,thresh
3b05fd6efb93bf0e,thresh
3b465473e1ed8971,thresh
3b46cb9ab2ccff51,thresh
3b85c8391f8eb48d,thresh
3bbf84a28def2b14,thresh
3bcc39350b3ef746,thresh
3bd066edc572ba24,thresh
3c0843b731b00fe8,thresh
3c18fea33df72742,thresh
3c1f2477865a0754,thresh
3c23fd11d919bfc9,thresh
3c35eec018aba5cf,thresh
3c55f2771e05961b,thresh
3c63ec9e21fffa46,thresh
3c871d512db3db29,thresh
3c9adddf2d64b7c8,thresh
3c9b3c43b38de6c3,thresh
3c9eaa0b04357d00,thresh
3ca816d2da91fd15,thresh
3cbdce3a3e57613b,thresh
3d1352005618d1d3,thresh
3d21f5a3a7a8fd96,thresh
3d232f67538c374c,thresh
3d3c6b17e467b27b,thresh
3d4762451d09fa07,thresh
3d7bb4845c42deec,thresh
3d8f87b149944b85,thresh
3da9180782c0f946,thresh
3ddd9c91c2d6c7d1,thresh
3e08cf1d77765f35,thresh
3e1e652535893932,thresh
3e5b10ef2a855b09,thresh
3e5de00af4aca194,thresh
3e691139fcd7386d,thresh
3eca516b229a809d,thresh
3edcbb358da459d8,thresh
3f0dc5b55a816af8,thresh
3f17650c5e878f38,thresh
3f3e33fd78ed7974,thresh
3f467c48e1d7f5b3,thresh
3f7f698a1018c868,thresh
3fb7a3a5ce59e210,thresh
3fba957877f6e90c,thresh
3fdb12d3126693f8,thresh
3fed3bc4ed0e6309,thresh
402e8582983417ba,thresh
403341cfd285c8e2,thresh
403a4bef72673e47,thresh
403b8d45b0e42aa3,thresh
403c5fdd03e5cd40,thresh
404f493d2909679c,thresh
406f19b7b60f25c1,thresh
40bbfb774cd9c744,thresh
40be380ad388f918,thresh
40e155f96cb14210,thresh
4104e23503b932a7,thresh
4124b0c9c8b5b063,thresh
415a7bea6132ef19,thresh
415b6ac334881aea,thresh
4167e1f49edf4b4b,thresh
416cde8b8f70720b,thresh
41fc97dd1f693c3f,thresh
42226241d9d3eb6f,thresh
4226dbee4efe264c,thresh
423974d17c5d42e1,thresh
4254caaacefe29e4,thresh
427b624c024b4705,thresh
428a77bc62de585f,thresh
429e3c4bc724f177,thresh
42ab925ecf05ccc1,thresh
42b3995b661a0c64,thresh
42e13922c6a9823a,thresh
42f12cfbdfd4758e,thresh
4314899b00472e79,thresh
434542c3a92d98a2,thresh
4345f2853c01a9b3,thresh
4349adf65f4e1a6e,thresh
435d82bbc242b3fc,thresh
436559a040571e1e,thresh
43768bd5cbec3d66,thresh
4379c53dc5adb752,thresh
437facb6812c2dc6,thresh
439c6b9a0d06238f,thresh
43aca1c77f7dbc52,thresh
43b984d8278425ed,thresh
43bdec470d62327e,thresh
43d9dc20cb2535e4,thresh
43dab8402f3ad65e,thresh
43e94a5b8648e3ce,thresh
4415474d24321ebd,thresh
442169bba8a36912,thresh
444e20da5a63ceb2,thresh
44998b61a31bda92,thresh
44aa11286ef7c6e1,thresh
44b04e1870901391,thresh
44dde209f85fd48a,thresh
44f65c51e11786f9,thresh
44fde4ac2477bab9,thresh
45308438eaab8a4f,thresh
45464ad9bb08366a,thresh
454cac2ec9c771b2,thresh
454f152fe940143f,thresh
456742b2f96c52ef,thresh
45742129db760432,thresh
45b8a577bf44f0d0,thresh
45d15fdadac24c15,thresh
45eca20c0b0948d5,thresh
4628e4f961324c95,thresh
467819c822308389,thresh
46933db2d63a8c07,thresh
46abed1dee42746e,thresh
472befc292e34b98,thresh
474a7f3b289637af,thresh
4763400acd92010b,thresh
478f0b82b1a1b83f,thresh
479d70f5cdf6c3c3,thresh
47be667c2fa9de97,thresh
48191776b41aa7a3,thresh
48320a741bf7b1b3,thresh
48642ba4cc134105,thresh
4866f1eb8ec702f0,thresh
48a44ae95c0d0d1a,thresh
48a991bc72cb17f0,thresh
48c35327f4828462,thresh
48c4115af04afe06,thresh
48c4f98c84f88765,thresh
48e712f72786fc17,thresh
48eb0160e3f3909e,thresh
4915db4d42a41ec3,thresh
49261682ac5f6c49,thresh
4933093b824b70bc,thresh
497a80009b4f04c1,thresh
497c6f9584ca4fd6,thresh
498075e2bfaedcc6,thresh
4983ff7007d4bd0a,thresh
49d78b1a037f8564,thresh
49ee4d287ee59150,thresh
4a455e8f87b07da5,thresh
4a4a2eca86ced96f,thresh
4a4ba34fe204aab4,thresh
4a56d9be20ddddfe,thresh
4a735abdfc4268b0,thresh
4ab73e036d50511a,thresh
4acdb34f4cc666ec,thresh
4ada5bb18ea7d640,thresh
4ae62a3b845bcde1,thresh
4b3b45d9b423a0e3,thresh
4b54fd29b00b9a1d,thresh
4b84a32a8077afe9,thresh
4ba68ee649fa7712,thresh
4ba8a59ce91a7479,thresh
4bb0fd7d2cf9cc30,thresh
4bc0e3b3e96ab954,thresh
4bc4419299c6f35f,thresh
4bca29a0b74dd1c3,thresh
4bd24d80fdc19786,thresh
4be799e660671333,thresh
4bf39b16924a0d6e,thresh
4c1ec49c264c9ac0,thresh
4c1f3c3bf174a423,thresh
4c28ec0f9770ec48,thresh
4c70b6b0f7f23b8b,thresh
4ccdb08ee0c0e0a6,thresh
4d03b9b1102fe437,thresh
4d0e1c4fdee2d297,thresh
4d20dba45ffec9b4,thresh
4d32c2c6b4368cf7,thresh
4d33a1b49848a364,thresh
4d4c145630606ba9,thresh
4d5cc9298e789465,thresh
4d79ae8c2a246564,thresh
4d7eb1ef63234966,thresh
4d85afcfc1fab6b1,thresh
4d975fd4b4224ea3,thresh
4dc0944751540f7b,thresh
4df30639acb250b3,thresh
4dfc4609ea711f59,thresh
4e3c47c8d28c0e71,thresh
4e7ab7fed2fe1838,thresh
4ec9df76490e4c52,thresh
4edafd2ba1185272,thresh
4ee0f6048aa4f5a6,thresh
4f20d08d4be00f32,thresh
4f4bbf5c21186a12,thresh
4f52a25956f3deab,thresh
4f590d3741803799,thresh
4f5ba556a43e5e45,thresh
4f60c4545829dc2e,thresh
4f9bef53a3a83ba1,thresh
4fa3f785ca42c638,thresh
4fb29cd3aa3a183c,thresh
4fb2a4b1aefc0ce3,thresh
4ff6a6bb0b5be59a,thresh
4ff75abc0e8a68fd,thresh
50476e5cd1a623f0,thresh
505ae8a75e2cca9f,thresh
50a6e07bc0741904,thresh
50d21509077cf5a3,thresh
50de5ff86c90f92e,thresh
50e9ab0e27f8a1ac,thresh
51019b9fc12987ba,thresh
510bcef8a7bc2902,thresh
515cd23dffdd39bd,thresh
515f2de85cea1f00,thresh
51666de155b020be,thresh
51d18a297d39ab66,thresh
521976feea11ac47,thresh
522752ff5e04b5f6,thresh
523f2add7091d605,thresh
524a2f6c1a783551,thresh
526389976f8e1c14,thresh
5265d33ec6068f29,thresh
52ab530c62578f6d,thresh
52cd3634968614f6,thresh
52e45f815f02a0af,thresh
5397e570bb8e35ca,thresh
53caf49bbf9e3f04,thresh
53d139b971794676,thresh
53ecffae08d12698,thresh
53ee30a2c8f293a2,thresh
53ee722dbf1cf2ea,thresh
53f7a18c07788d0b,thresh
5405be752bab0f1e,thresh
54105d5fba740de9,thresh
541507e5be3b554b,thresh
542eedca06a41ff8,thresh
543523be2c13d2d3,thresh
5479062a0abe121b,thresh
549289650af03a14,thresh
54974a0db035d209,thresh
54a53588100a79f3,thresh
550c3baba4fc51a7,thresh
551d15b6ce69c2cc,thresh
551d9d4457fc043d,thresh
55428117af53bed9,thresh
5549b82663c10992,thresh
558277cb5b6e4d11,thresh
55858b89f99e9bda,thresh
559974ee2d432d06,thresh
55ab7c40ccddb6cd,thresh
55b4e83cab237ad3,thresh
55e70972aae51bc1,thresh
55ef403d269e5fad,thresh
561758c787408257,thresh
562dcd1dad795138,thresh
563b9b4520ede477,thresh
563bce9adcf21706,thresh
564a647a1506de01,thresh
56a4d7606e5aea28,thresh
56b157923ce8ea50,thresh
56c129a1aeaa715d,thresh
56cdcbdaaa5e26b6,thresh
56d1499b5c1f57b6,thresh
5704e7ac75b007da,thresh
57346d4488aeba3b,thresh
5769ec037a00a2eb,thresh
57706c573a78228f,thresh
57880f81159434dd,thresh
578a6b3c7d7da9d3,thresh
57d0ab6cbeeeddac,thresh
57f9518317eff2fe,thresh
58077d81cab06a39,thresh
5814c74c8e4ff36a,thresh
5832c530e9da6f35,thresh
5841b837ca10fb6c,thresh
588720d3efbfdf5c,thresh
588e99ee0a07e722,thresh
589b9ee37b58592d,thresh
58a7701128e55aa9,thresh
58afacc4714e4bd8,thresh
58b3765416249199,thresh
58e223f5d5d08641,thresh
5907c4d8e07fd8d6,thresh
5943dee5f9023b87,thresh
594963772a3cb923,thresh
595287741643c845,thresh
59789fede899e8a6,thresh
598a7d7bb22fd085,thresh
59aacc220056e0b2,thresh
59bdfcfec49d583c,thresh
59da3081e5496021,thresh
5a09399a07fd94e2,thresh
5a09fa981559755d,thresh
5a2ce093b943945f,thresh
5a86e66019269376,thresh
5a9889cc07fa508f,thresh
5aaaee4275b913ca,thresh
5ac523962fabab86,thresh
5ad2619875ddbb3c,thresh
5ad6d95a0f34f16f,thresh
5b3ff6551d5122e6,thresh
5b4bf5d3ef6c0336,thresh
5b649fde1dc0d6e1,thresh
5b8908dd4c79c431,thresh
5b9caea28ddf78ef,thresh
5bc00747c7d1bc3c,thresh
5bd56738cf197643,thresh
5bf936a7039d4191,thresh
5c024bfc6930cb78,thresh
5c26b3b183456e5b,thresh
5c2b46b73c5ba238,thresh
5c369334fd93e43d,thresh
5c3a59b46904c88d,thresh
5c5480f2c06e1356,thresh
5c891534a6a201e0,thresh
5ca1ca9fbd695788,thresh
5cb90153acf3abca,thresh
5ccf7b7f339ef351,thresh
5cd2f0a104a8109e,thresh
5cd9a7c8941ece2d,thresh
5cf7ae4f7ca0e68d,thresh
5cfee2fca1c2018c,thresh
5d137464de443d23,thresh
5d53caa975f27b16,thresh
5d5979bea729548e,thresh
5d7ebf9ed6fb267d,thresh
5da0f008fe4e0f73,thresh
5db16fafdeaafa9f,thresh
5de6be8b951cbe5c,thresh
5e0237118ef02dd7,thresh
5e03db3532ab4499,thresh
5e1f9e6a88959d50,thresh
5e35487a2992ae72,thresh
5e47bf8da3acb5f8,thresh
5e6acbd961008b0b,thresh
5e78ab1c38221b3b,thresh
5e7b71c5a1d26799,thresh
5e819254aec533c5,thresh
5ea79d843ca98607,thresh
5ead3c7faa975d1d,thresh
5eb5e6f29a4b7f52,thresh
5ec3b46e76673963,thresh
5f0855501d700ec4,thresh
5f38031eb97e7a27,thresh
5f5741e23b8c468d,thresh
5f66f0ca70639bdb,thresh
5f710549fa46b5c1,thresh
5f83c34d2f80d15d,thresh
5fa1ddce153c113b,thresh
5fced0b025d34bdf,thresh
602bad97729a29f6,thresh
603a9510c7a7180a,thresh
60655db913481063,thresh
60659af934767dab,thresh
60dfe2effdeea2ee,thresh
60f27f57f4e3def3,thresh
612c2e21044baa1d,thresh
612f65a427cdf2bf,thresh
6139c41399b5512c,thresh
6142887fe5d1bf7c,thresh
618f4a935de47438,thresh
61d632db597ce290,thresh
622c5b0af5485676,thresh
626d6e895934a391,thresh
6295996ae0735e77,thresh
62a62ec021624819,thresh
62a8d161dbe3bce6,thresh
62d7b8551b1a5ed0,thresh
6314e7e8c2a119b0,thresh
631fcad7ad345a3e,thresh
6328744bd46fe48c,thresh
632d7070f49b02db,thresh
6341677727415e2d,thresh
6350a29ca0b93246,thresh
6369535d7783da89,thresh
63942d562221da7f,thresh
639f4fff6bdf823a,thresh
63b829cbb121e80c,thresh
63c20a257cb2f325,thresh
63c4b00ec2e5b343,thresh
63d49f7a1ffb31e8,thresh
6424822202d087ce,thresh
6442c70a203b08a7,thresh
6456eaaecfc6621b,thresh
648da374cefe2dbb,thresh
64990c7807774838,thresh
64a52e4afcb75ff8,thresh
64add49c0a7ffaf4,thresh
64baca5498bbc990,thresh
6539054c46c7ad58,thresh
657ffda139118be4,thresh
65a50186d236a525,thresh
65b315457e466346,thresh
65b550819694b3ce,thresh
65b923dde0099286,thresh
65c9cab5b2d508bf,thresh
65d77ca8fa3000ad,thresh
65e56135de51950d,thresh
661b2fee06611b2d,thresh
662ba3192087b655,thresh
663cba34b601664b,thresh
66495efb53ee4445,thresh
66b46519054882ef,thresh
66ba2f8c09009edb,thresh
66c6e88bb223766c,thresh
66e0c8d98b3f1b77,thresh
67038943776a794e,thresh
6704d3a8dcfe9389,thresh
67144af73fba2243,thresh
671acc4198c28f29,thresh
6723ddcfdb17a3a5,thresh
67270fec3f3f1873,thresh
6740a26a6958dcad,thresh
676bfab6a7250179,thresh
67b9843212e12caa,thresh
67f5c24e5cc86108,thresh
68137497cb1f71a9,thresh
6817e7d24d107bc8,thresh
684a05f2949970cf,thresh
6850c0db302991ee,thresh
687045b79774da44,thresh
687ee4a8be65df03,thresh
68807d356125b881,thresh
68857f7a0bf56828,thresh
68a55ac85dc96243,thresh
68bbfa6e3b7dffdb,thresh
68c8068e2eaa32c9,thresh
69074ebd27468eff,thresh
6907ecfc2591ff1c,thresh
69834a8dfb0ffda3,thresh
69c0f5d88a3b989a,thresh
69db8037f5040256,thresh
69f488e98bfe6207,thresh
6a16db9df5c7a539,thresh
6a20495e42fe220e,thresh
6a33de173fe9a39f,thresh
6a598d5b8f170894,thresh
6a6e8d9e691d8b65,thresh
6a7769f7874817f4,thresh
6a95b7e8ee1c9eee,thresh
6aac19b11124be29,thresh
6abddb3e62cbf52f,thresh
6ac7a9845f513133,thresh
6ae37bd16aeed2a1,thresh
6afe84f0d453e338,thresh
6b07732224e185f1,thresh
6b1525518ee739f8,thresh
6b37b285f02f4b18,thresh
6b4336c89ee1fb01,thresh
6b51286d544a4ec7,thresh
6b5e69e835b2358e,thresh
6b5fa66a8450d954,thresh
6b6f8431c1d5c311,thresh
6b8ca73b79b4b43b,thresh
6bde83adc231d75a,thresh
6be403ba9d35394b,thresh
6c1894a4260a104b,thresh
6c1b441b99aa540a,thresh
6c4af4f755a9483b,thresh
6c76209bec2d2a61,thresh
6caf5b196f52e251,thresh
6ccb7121ed3f8c22,thresh
6cd8f78ede92163a,thresh
6d1c8c58cee87e11,thresh
6d25382952e03d26,thresh
6d41c890d76354ca,thresh
6d5a599eefd2129f,thresh
6d5c6b723fa666c3,thresh
6d669f0bf82aaca8,thresh
6d898b1f059171d2,thresh
6d898edd8af43687,thresh
6d9720737c72563c,thresh
6de09c72882d174b,thresh
6de0d7ef5b1c773e,thresh
6df08f785a72cfad,thresh
6e34e4ff185f28dd,thresh
6e821029bcbceadf,thresh
6ea52baf99e97f8a,thresh
6ee2dd6262b7964c,thresh
6eebafde16f29ce9,thresh
6eeef3046fe1c976,thresh
6f0b77432a12e8a4,thresh
6f0c4b9a1b4b6eae,thresh
6f3ab0446381a94f,thresh
6f5c80b91325e828,thresh
6f6bf3ae08a73504,thresh
6f9ae0118e4ea734,thresh
6fe3b745f1872a2d,thresh
700f1d19c436d1d3,thresh
7015ceb74724f377,thresh
70276a56ffdce967,thresh
70460b95cac4fd07,thresh
704f4bec291cd4b2,thresh
705e157e4b7112be,thresh
709164ce0e8858bf,thresh
70bb38237f0ba5b9,thresh
70d79561c2a9c685,thresh
70f683eacb4643d4,thresh
710153ef50eeb29e,thresh
7104fe4b3816a242,thresh
710cd8bd5210b14b,thresh
71201d6ddbde0b18,thresh
71231d24cd28a682,thresh
712d5ce98e3d0d78,thresh
713cdfcc886f4947,thresh
7146910517b7e192,thresh
714dee8f45d99ebf,thresh
714ed659cdbb2d01,thresh
7178fecd51eaf20c,thresh
7183063b68d89377,thresh
718a4c01075b9b60,thresh
718f0c3818386d93,thresh
71e21ab59776e80b,thresh
71f9b92d64ad5eaf,thresh
721d1ac4a6f0029c,thresh
7223bb483301dd83,thresh
7224d597d9ddbdf5,thresh
727a6400f3709232,thresh
72a50eb979624640,thresh
72b256b3101c0686,thresh
73121e0b9ee0a47d,thresh
7364d229cd32151e,thresh
73bcf48f69a545b4,thresh
73c3b96bf9138e92,thresh
73ea1d36c1c4a9d3,thresh
73fd3cd755745fd4,thresh
742ef6fa009f74d7,thresh
7448c6bcc338db6f,thresh
7453906bfa0f9a61,thresh
74691861bc561d24,thresh
746c5e2d9dccf43e,thresh
7477e6bb3b9f5f94,thresh
749792fb180567b3,thresh
74a5294e7f4857b1,thresh
74a8eab0e9ebb83a,thresh
74e605b5b0ef076d,thresh
75046caa6ed55c20,thresh
75185c96319479dd,thresh
75241b1823ccacc4,thresh
753a4b62241d8108,thresh
754228b65f85d45f,thresh
754941626ddf6ba5,thresh
7565ed33b9cffd78,thresh
759485f8ffbee6b5,thresh
75b5770ebc895264,thresh
75c5f5e8df374f98,thresh
75d4e4b18a9ab491,thresh
75f69e0cf57e4de5,thresh
760d0c14da959fe2,thresh
764611efb378abc0,thresh
76639de63e5320ca,thresh
7681c01761182022,thresh
76952d036894ba60,thresh
769924053f5461c0,thresh
76c5ed5efe8fab20,thresh
76d11f4fd35f7e1d,thresh
77482394aaf0eb0b,thresh
7748cbc822c9298e,thresh
77bb906d6e8a1289,thresh
781c18287168cfa3,thresh
7864dc780d4bdeaf,thresh
7869fe73b003bc87,thresh
786e5c866db0f927,thresh
787798bade22811f,thresh
789409e304281bcd,thresh
7899a5ee6221c575,thresh
78c5baba6e524d38,thresh
78c5ff41bdab614e,thresh
78cb056680818097,thresh
78d13040db99e0e9,thresh
792cedb299f5f0c4,thresh
7983faeb2f637e60,thresh
7992681c411eb3ce,thresh
79a0cb7e31d0eb3c,thresh
79b15cf8bb546b07,thresh
79ec2f5dca95e008,thresh
7a08a982dc55fc6f,thresh
7a1987f56055a7ed,thresh
7a46506af6565845,thresh
7a4910930cb61564,thresh
7a494356bf22b967,thresh
7a4e5f73b93685ec,thresh
7a5e001530575ad9,thresh
7a76b605e91d9fab,thresh
7a96eb779484f534,thresh
7a97552d52dce475,thresh
7ac57df7a907c951,thresh
7ae221263c47dc51,thresh
7b04a070d3c7f810,thresh
7b251dadd339a364,thresh
7b37e13f756c1117,thresh
7b397278f4eff2eb,thresh
7b560156c08441ff,thresh
7b5ff16958199126,thresh
7bd3cd2a196b0038,thresh
7bd47cbd5fcac917,thresh
7be91d6fdc6bfc17,thresh
7c0b7e608498e70a,thresh
7c2ddf2354ae9d26,thresh
7c2fdc7b863ce624,thresh
7c4375d65f78db6d,thresh
7c4b108b5c5e2d27,thresh
7c66d5c16ee1db29,thresh
7c6c3d980ebcf1aa,thresh
7c7e6033fa38b3db,thresh
7c96ddbef56fec6e,thresh
7cb225f41310a2c1,thresh
7cbcbc55697e7072,thresh
7cd03d2296132cb4,thresh
7cd0e95430b93279,thresh
7cec102d385c41fc,thresh
7d055044f655ebbc,thresh
7d0bd829785febc6,thresh
7d8c13a5bbfa2197,thresh
7d997debfe04668b,thresh
7da6172732497a9d,thresh
7dbb722425a9b168,thresh
7ddbe798375ab91b,thresh
7dea0bd1d860f88f,thresh
7df8284e34add49d,thresh
7dfb3a8d2db293d2,thresh
7e4eb5778e2681dd,thresh
7e61e2fbc95b223d,thresh
7e7411d1a0dfb39a,thresh
7ea2f712f37091bc,thresh
7ec8328486b42b65,thresh
7ee41f2ccd8d7f7d,thresh
7effa13a51f07a59,thresh
7f2a014f44fc295c,thresh
7f60233efbedee74,thresh
7fa7dae090040f17,thresh
7faee2a01ba78d3b,thresh
7fb49d28e4798708,thresh
7fbf6a937559318e,thresh
80270cd785b97278,thresh
80587fe441a9135c,thresh
8059d36c86b18c68,thresh
806089e9d3ce5b13,thresh
806485d4093e0566,thresh
8067fd2c881c9b46,thresh
809639a8e80d0b42,thresh
80accb846ff0f51b,thresh
80ae8181e51c8e3e,thresh
80d49e133a53342b,thresh
80dbee05a89faf3b,thresh
80f373617b4dd0bd,thresh
813d06610baf6534,thresh
8171faba1df99496,thresh
81f1f70e5a8fbf86,thresh
822138cafdc633d7,thresh
823f99451d261946,thresh
8242dc3b4aa9a4f1,thresh
825fead91a62a4ef,thresh
82bd7c9cb5983f53,thresh
82c44d58c8e38c52,thresh
830e655f9d36d7f0,thresh
8341e8de7d794ab3,thresh
835ca52f827f7983,thresh
83851e2db8440b09,thresh
83a9d440d7940e1c,thresh
83c0d2d35a0dc497,thresh
83dd13aaa07f1e5c,thresh
841da71419b5863a,thresh
842ada6ec46ccbf8,thresh
843fd6f430b8ccf9,thresh
845deab6c607e055,thresh
8498651d9a7f1e8b,thresh
84a3cb88ad313c37,thresh
84bb1f2778f90ce3,thresh
84bffcf4f0045ae4,thresh
84c536728d1790ec,thresh
84f719f7f27b32e8,thresh
850da88b482cd8ac,thresh
85191dbac8366c50,thresh
851acd735e719f69,thresh
85516b50cba25706,thresh
8552bbc1ef629133,thresh
8554563f642fdd58,thresh
85ef48669590b538,thresh
85f44751a87fe0d3,thresh
86128d760a6d3c5d,thresh
86305ddec0b326c6,thresh
86517ba970abdebf,thresh
86569b5179063b0f,thresh
865bd291b82c89b9,thresh
866ef90bf00fc37d,thresh
86a8fcdb10695f90,thresh
86cb554cd4db12a8,thresh
86cde5236dfcab24,thresh
87152128eba8abbb,thresh
872f0a4f39326654,thresh
8768cf44e88959e2,thresh
876d5c9f23fb2bf6,thresh
876e1a8deeb94a1f,thresh
87761756e55693fa,thresh
879b000d33e4af69,thresh
87dc978b9f403cc9,thresh
8801b3ef42b61810,thresh
881ed622de4e7b83,thresh
884fe198b698d14c,thresh
88968f1ce6c0dab5,thresh
88ac7238997d2d2d,thresh
88beef020b4dc5ae,thresh
88e4685535ded12c,thresh
8914c3e37bd3ad15,thresh
892aa061ec2f005c,thresh
89540654a32f3e5e,thresh
8990d00c47f90853,thresh
899d7ce6f0c742fe,thresh
89a2fc404a804f38,thresh
89a96d0edd614908,thresh
89a9c581bad21642,thresh
89af58a32265f646,thresh
89e546a8aa94e89d,thresh
8a12e4764cc03016,thresh
8a1f2888e929c829,thresh
8a22ed9748ff2b27,thresh
8a2486a4ed85c8b3,thresh
8a29e7fec930e1d8,thresh
8a54b379b63d7ac0,thresh
8a6778e0566a6f57,thresh
8a6fabcb4fa3d8e4,thresh
8a7548a8731386aa,thresh
8a8636f2936c9c40,thresh
8a974f8a3200c559,thresh
8a9907b15e7a9c38,thresh
8aa0ec327b3595f6,thresh
8ac84380ea66758d,thresh
8acdc04dbc311341,thresh
8b1483d3d8475403,thresh
8b24a4ecf113223e,thresh
8b27f6b3f0ff3e75,thresh
8b449ac8679d0446,thresh
8b52a9d361ce1fd0,thresh
8b5593b28babe670,thresh
8b8fe6a57197a244,thresh
8b952e6425407987,thresh
8b9ef798cca98d89,thresh
8bb72738d95d39c5,thresh
8bcafc8a51536393,thresh
8bcea93f34f3a27e,thresh
8bdd0dafc7426453,thresh
8be0ede9ed570045,thresh
8be17b615ee473dc,thresh
8c091f109d573a22,thresh
8c0a62c0563d1551,thresh
8c0ea6a7f5d90586,thresh
8c17babdaa3d0dff,thresh
8c1906e2637a869f,thresh
8c21cb811321d0c9,thresh
8c4f02b3539305d4,thresh
8c5813bb014471e6,thresh
8c5ac93eec31fcc9,thresh
8c6dbfcb8aeb4c56,thresh
8c766923516eb27f,thresh
8c8062fef17e85a6,thresh
8ca5a74d118288d0,thresh
8cdf5b3f48b203ee,thresh
8d02d5908c9c4819,thresh
8d0456581cf7de80,thresh
8d33c403003cf076,thresh
8d375dc0b595764d,thresh
8d439afae3dfca44,thresh
8d45099ee70bd8cf,thresh
8d703a95d1a6db14,thresh
8d79188d36fdc008,thresh
8da40f99ad1b3033,thresh
8e0da5b41fe13e9c,thresh
8e0f1dbf705c71ca,thresh
8e162cbf88bfc540,thresh
8e3c89bd059ff866,thresh
8e465b546242f61c,thresh
8e491cd37a582dd9,thresh
8e5080d9b9648270,thresh
8eabfe507c02c1ab,thresh
8ebf901266a1df91,thresh
8ed21feb38bc30af,thresh
8f0d4301bd3e0a95,thresh
8f26ac67c852de9e,thresh
8f2bc002c8e07080,thresh
8f3abd9c690ca9a4,thresh
8f63d27094ef12cf,thresh
8f81345de5e6d09c,thresh
8f86da62019666d1,thresh
8fca7fc76cba595a,thresh
900439c83add99eb,thresh
90218c80b58ab9aa,thresh
90257db64ad870d2,thresh
905a970582241295,thresh
9099e3407a364874,thresh
909b3bec738614f9,thresh
90b8c90bc834a1f1,thresh
90da0f9e50a4219c,thresh
90e3f8b18b6e3ef2,thresh
90fd880d6638baf6,thresh
91179c92148d90b5,thresh
912965effa197ccb,thresh
913fb2c1a14f5ee8,thresh
9153387dc4e36486,thresh
917ec6caa458ccd1,thresh
91816abbbf3ad084,thresh
918282c751c16e5b,thresh
918c60beb36bd74e,thresh
91bf77e111bda99a,thresh
921868da6712c7a8,thresh
921b5a240e1d9510,thresh
92335c3b63520b6b,thresh
9234dd5d49eb8faa,thresh
9240c1fb4e5caf01,thresh
92631870b4697767,thresh
926aea24db709670,thresh
928aa7038b9bdf92,thresh
92d75266526f4f12,thresh
92e0b812013048c7,thresh
92f9462f5b2216f2,thresh
92fca42be4e39a4e,thresh
931067614e24b24a,thresh
9312e875fb72a6ee,thresh
9353a7be3a28b7be,thresh
936f84eb6e7b176d,thresh
936fdc167ee9efde,thresh
9377722837d2d9c6,thresh
937de877da529d09,thresh
93c61805c4386e4d,thresh
93cc15a27bcb0c7a,thresh
93ced9cc4762caf1,thresh
940c2d51fd53183a,thresh
941ccc2a6d9e809f,thresh
94449e6092bcf528,thresh
946c9bc6443dcd9e,thresh
94957d30c0f816de,thresh
949bd394bfd68481,thresh
94ad55ddefdd8eec,thresh
94adfac577f8e191,thresh
94cf460543f0f61b,thresh
94e17478e08eb312,thresh
94e25ae4a1f86f78,thresh
951165c66f0352f0,thresh
9517488db65d7be1,thresh
952e08305e4c266c,thresh
95314c4de15944f0,thresh
9538210e2bf301ce,thresh
953e58e8c0011824,thresh
9542ed7eeadd8ad9,thresh
954e0398f00b4e9c,thresh
958a1b22427f5041,thresh
958d922b0f64be3b,thresh
95e0c3f8fafc85a9,thresh
96155f0c8840d6dd,thresh
961a88720fd07904,thresh
96761ff51a2dc6c5,thresh
96ae5b376d50b6e9,thresh
96b514a4783caa2f,thresh
96b9c8791166abf9,thresh
96bfef318045abbf,thresh
96f07a03d8a5e1c9,thresh
97592554b9cdcceb,thresh
97649ff2eefd2cc4,thresh
97a66840767c7491,thresh
97a7817d3f2b241a,thresh
97d1e8c3e154b4a6,thresh
980b2cc243082155,thresh
981cdabd06fb141c,thresh
98630e58cbe11b99,thresh
986f36294ef2e887,thresh
9873364c46578603,thresh
987455ccce06da8d,thresh
987bb4a4d9053bc8,thresh
987ff6676feafefd,thresh
9881a8bf0e6b81d2,thresh
98ad961c5305f859,thresh
98b5b7472c62775d,thresh
98c188a09185a9ea,thresh
98f40ad6ffbc663f,thresh
99013d49f9ba21a0,thresh
991636145f8dfea5,thresh
9936e94196a54d88,thresh
99404c957b71c2ec,thresh
9946393a64d111c2,thresh
995045e3be1865c8,thresh
9991c09fc53d78d9,thresh
999e67d288a93ea7,thresh
99b9abb5964447ea,thresh
99ba7b8c25c0743e,thresh
99c3579ecfbe498d,thresh
99db01b8857ab3a5,thresh
99dce231b5c00174,thresh
99e832391eb5793a,thresh
99f916512de9b38a,thresh
9a1c91489ea23cc0,thresh
9a1dbfba637264c3,thresh
9a1dd6ae4cb77343,thresh
9a295a0489d3d41a,thresh
9a2e2c8835c630ce,thresh
9a37d4fc2efddcb1,thresh
9a7c7158fc53d3b0,thresh
9ac8af88f3f6ea36,thresh
9ae3bcabfeb997e6,thresh
9af5adfa3c6239fb,thresh
9b0d8e1a66c0fb4a,thresh
9b240b29f4cf87f8,thresh
9b26b14eb6a3341d,thresh
9b2fd92ee05975d3,thresh
9b4c52d4f4d10476,thresh
9b5a143c243269f6,thresh
9b78d92f65ca5cba,thresh
9b822b7964c71a3d,thresh
9b8e8100ac3195e3,thresh
9b91fb7b3d9d8447,thresh
9b952deb414c31f4,thresh
9ba1b5588481f6e2,thresh
9bbd1620403975e4,thresh
9bec7453b98e5d14,thresh
9bf56251ea84e9da,thresh
9c0f99709b726947,thresh
9c39dfe66abc5740,thresh
9c3f43abf91c3dea,thresh
9c47ef4a70e58f07,thresh
9c5f19287fa31e34,thresh
9c8ac2353f39e87c,thresh
9c9ce91d57e5eac7,thresh
9cc17216c1ef14f7,thresh
9ccf499cf723104c,thresh
9d24ab613a52f991,thresh
9d2e116f7ae5eafc,thresh
9d5460b7bb4c0eb5,thresh
9d57e63be96d6abb,thresh
9d5a8addd5c4cce8,thresh
9d606201f3ac5bcf,thresh
9d66b531b552e60b,thresh
9d7748b15aa333dd,thresh
9d7fb214b6a39ee4,thresh
9d8d92aac1abc91b,thresh
9da6cba7aa980a09,thresh
9db1de85063931a4,thresh
9e05d231029377f7,thresh
9e3230909aa90480,thresh
9e3e831a63219910,thresh
9e6faa999c8f031d,thresh
9e8d071425dd93be,thresh
9eb0fd5c990d0d4a,thresh
9f1956011b8f3813,thresh
9f1e52e6247c4cd0,thresh
9f1f34d705607cdd,thresh
9f47cbc68073e0b2,thresh
9f641cfc31eadf69,thresh
9f831117e3822e35,thresh
9f9927ac532d5da5,thresh
9f9a3908ca5365a3,thresh
9ffb423fd34659d4,thresh
9ffe0d794406c32a,thresh
9fffb0a2f3cc8d1c,thresh
a001d1471d90bfc0,thresh
a012704f93d90103,thresh
a018d7db210528c9,thresh
a0502bfb90b3cae6,thresh
a0671e5f2243b8be,thresh
a08eac59ac85ffa6,thresh
a09f3652f6f6d955,thresh
a0bca6f8c9000d52,thresh
a0d7df703a61028c,thresh
a0e5cf45e5326976,thresh
a0ea5936107c9008,thresh
a11bb9a4a390e77d,thresh
a130482a9fa6013d,thresh
a140c11d5b358b42,thresh
a160494613d3c40a,thresh
a173380ed7b53d95,thresh
a18fc711665feb20,thresh
a191568100a10198,thresh
a1bc3bdc4c08ccf0,thresh
a1c0d7d728a1b74a,thresh
a1fe525faf8ed3db,thresh
a1fe5fb23532f41f,thresh
a205f1f08579ea45,thresh
a2268296c7be6a73,thresh
a2295892f6deb85a,thresh
a232eda3cc6ba4a7,thresh
a2358f18d77e5669,thresh
a2672a7f41a5fba1,thresh
a27d1aecab49ef05,thresh
a2e1e5b4317a0765,thresh
a307262b4dbd6ac2,thresh
a32c010da9876a1a,thresh
a33589f67ec1f97f,thresh
a33a5ead80d16a73,thresh
a346bfc0d2e779c2,thresh
a346f50772dd71dd,thresh
a35948cc845341f4,thresh
a3a55b0a5f1c9a2d,thresh
a3b81b654ac244c9,thresh
a3bad8ace8bcf897,thresh
a3cb43e96dcc2ff2,thresh
a3d98cdb97254fb0,thresh
a3fb533a2671daa1,thresh
a40445f4e79bed39,thresh
a41c9c5cd73b8d4d,thresh
a42fcf1a685c1020,thresh
a44e0b77a33f7886,thresh
a44edb225e9d182b,thresh
a46358d00712bbe5,thresh
a4703293061307c6,thresh
a480af099d007643,thresh
a489aeb745ed13bb,thresh
a496e8ede78a7f88,thresh
a4c745816ddd5244,thresh
a4c9fc41cbb558e0,thresh
a4e6a6e10d6479c5,thresh
a4fe47be28b9d80a,thresh
a517d757e7376b00,thresh
a54c540cca47e623,thresh
a556dd440aa1fa4f,thresh
a57c189e8fc6cbcb,thresh
a5920aab9c0ad229,thresh
a596444551abecbd,thresh
a5abb30c4726ad89,thresh
a5d9d2153c64521e,thresh
a5df03d5d4c52126,thresh
a5e87dd17ed9a3cb,thresh
a63702c0e256205b,thresh
a666dfea05083005,thresh
a66f8afa94de9fa6,thresh
a672f87828b7924c,thresh
a67e5121cfcd037b,thresh
a68bd47788b88dd1,thresh
a6e5f202d4028cf7,thresh
a6f314713e304aa2,thresh
a7177b144ba2859d,thresh
a732eaeee2d0b13b,thresh
a74908a8236000ce,thresh
a7508fce0338ac33,thresh
a77f9b6d4e3edc99,thresh
a7a51223318f5f04,thresh
a7aebaaeb3dfbef5,thresh
a7bbd83778fec47d,thresh
a7f59b0f0e017426,thresh
a7faf452b589de63,thresh
a82d9538bc66219b,thresh
a842ad983f5ec789,thresh
a846ea3736473953,thresh
a86eb18645eefc61,thresh
a8a672a0e29969c1,thresh
a8f443640920876a,thresh
a9145608709335b3,thresh
a923a8c1159f8db0,thresh
a92ee2f6e296dfe0,thresh
a92f1958fb25f6f7,thresh
a944167489a27b8f,thresh
a947bc45102977fb,thresh
a993470d452c7c22,thresh
a999978fbbffbb3e,thresh
a99e2660efc2a03c,thresh
a9aece0e993098ba,thresh
a9c35754c3d237bc,thresh
a9cb8402507dbc7c,thresh
a9cffacc2cf23053,thresh
a9e7bf5a903cb491,thresh
a9f07bff998ebbcd,thresh
aa12f468e1f839b4,thresh
aa215003e2e023b5,thresh
aa2b20ca783758af,thresh
aa3234ebbe2332d4,thresh
aa85d5c0ffd2807f,thresh
aacf5d2a90055dac,thresh
aaff73ecb41d9082,thresh
ab1e681cfb8ebf24,thresh
ab3dbb56f8ee9177,thresh
ab5465184d96ed8e,thresh
ab611d8f3e8cc5b0,thresh
ab6352bab4aa30ab,thresh
ab69b92f90d090fb,thresh
ab6d6cb95978b604,thresh
ab812fcd6a69f41d,thresh
ab878bae4aa4d934,thresh
ab9b1e3662178edc,thresh
aba6e49ed35cc4b0,thresh
aba85de9ba546930,thresh
abb8282edef1f88c,thresh
abd81bc5a25077e4,thresh
abf7a47a3652ab48,thresh
abfc41bd814f0498,thresh
ac13eca97b800447,thresh
ac17e08df4f1c137,thresh
ac375333e38ffdba,thresh
ac612fca3ca6aeaf,thresh
ac779345cc4d1f8c,thresh
ac9027ab2fd80601,thresh
ac9f523b28792ff4,thresh
aca8d396b4f13178,thresh
ace59a9079999d4b,thresh
ad1fc9cfe8088480,thresh
ad50dcb27376099f,thresh
ad68968c8112decd,thresh
ad7c54cd94d8e29f,thresh
ad9374b4f6a640c0,thresh
ada9fafcc96c3037,thresh
adac90ab5f11dfd9,thresh
adcbfd8a093c5a7d,thresh
adf65510e6560544,thresh
adfa9c606a741021,thresh
adfff3bbdf746668,thresh
ae268e37b83de8c1,thresh
ae5323a6fc186255,thresh
aea8eaff198d8771,thresh
aee546f117ef6a68,thresh
aeea9407918e68ce,thresh
af256c8248ec2d55,thresh
af295de056eb3f26,thresh
af6bf363f36c2ba7,thresh
af961d517d03f315,thresh
af9dd428271c10a0,thresh
afa3986b5a3c5661,thresh
afa81a96cb59fea1,thresh
afc80cd071e05338,thresh
afcc8eec31802156,thresh
b0053df7d2c5cc93,thresh
b02e4cfbcaea0726,thresh
b03b0d088cab93f7,thresh
b0410bd1241ae20d,thresh
b05474764367e403,thresh
b0624b38ef1458b3,thresh
b07e30549f5af01b,thresh
b09715cdd72419c5,thresh
b0ba26f60667c343,thresh
b0dc53e4c3a23ed0,thresh
b10406d6e998e31e,thresh
b12b7b31138f1dc5,thresh
b14dd61a88954b9f,thresh
b16f985127a8418a,thresh
b19186186b1fd130,thresh
b1b230072accacd0,thresh
b1b48a7fb8a472f8,thresh
b1e1db5498df8c4b,thresh
b1f0b403bf6fcd95,thresh
b2029618b013d252,thresh
b21792f156bd5f53,thresh
b21fb1395059ec53,thresh
b236551e6ed6c878,thresh
b239f25742e3d998,thresh
b25c87ee437e7e51,thresh
b2755e02bd9f4667,thresh
b284fd07f80e532f,thresh
b2893e288fae934d,thresh
b296f96674ec6fda,thresh
b2b25e90378bfb37,thresh
b2cc9c7b80c80284,thresh
b2e3668201bf2bf9,thresh
b313c009d1e46c56,thresh
b33d1cff09936b8c,thresh
b33d45d937144a07,thresh
b34e4ab035d2916e,thresh
b38b8db8f1daaae7,thresh
b3935f7aef4db680,thresh
b39e7f6b1a797f88,thresh
b3be7fbdbcc531c5,thresh
b3beade6b7b85701,thresh
b3e458f57077255b,thresh
b42c7f5b853ab798,thresh
b43bdcacbb59ab0a,thresh
b46625b2313723b5,thresh
b483cfcd426b3733,thresh
b48edfaee1751990,thresh
b4af42db65708c47,thresh
b5193d80809ba7b5,thresh
b522cf24e8ff00b8,thresh
b534533b528a2a41,thresh
b55ecd4fc117bd6b,thresh
b566bad79bcf0ac2,thresh
b57dde83e9ac0f39,thresh
b58a6e1152200699,thresh
b5a4bb1da10df6db,thresh
b5aa230b53e764c3,thresh
b5adca7d25e4e834,thresh
b5c661a95cea4b89,thresh
b5dd854b2530f62e,thresh
b62713cda3604f99,thresh
b6274af4213e7937,thresh
b63d4ac8c495fd41,thresh
b644cb6238df0375,thresh
b6575a964717d923,thresh
b6973596813a50b6,thresh
b700b18d1639c7a7,thresh
b727002175ac5810,thresh
b72a9482983c8464,thresh
b72d8202c8a278db,thresh
b7358a6194073254,thresh
b76c9d8f9dc1da83,thresh
b76d6ad4a3cb3edf,thresh
b77d92eb7c02ed8a,thresh
b7975b2b4cc0d2ea,thresh
b7bb41b416afd97d,thresh
b7d31a9486304680,thresh
b81d9602ce85c2af,thresh
b82e8027be63af8a,thresh
b83be7cb840c5415,thresh
b844d5077fe57c56,thresh
b8476697b8b1ba7f,thresh
b850daaa1a1c4a5d,thresh
b86c1f2aa6faf81a,thresh
b894f7fcf621b189,thresh
b89f6b863e77ca6f,thresh
b8ab3678e74f6b22,thresh
b8bf68b3623529a4,thresh
b8d134969d9be4e3,thresh
b8da0592905edd92,thresh
b8e173f62d638ee4,thresh
b8e8cabc1f2e90ce,thresh
b90f424b490c17e1,thresh
b91c4fdbb93dd344,thresh
b93d949987ab1a0f,thresh
b96e051fee1a430d,thresh
b97c63770386dd4e,thresh
b980e8e31eaf3761,thresh
b992c58b40619ab2,thresh
b9941fa94fbe3ef0,thresh
b99f560142c7256b,thresh
b9b043ca2a2445b5,thresh
ba1f7c973244fc3a,thresh
ba2c110760ec1200,thresh
ba30b5f162d95586,thresh
ba5af4acf18790cc,thresh
ba6506824087674e,thresh
ba75d236596954e4,thresh
ba9570096a911e5c,thresh
ba9e10d3133919bf,thresh
bad0e19f4600ec55,thresh
bad5663da839c2d1,thresh
bafa9355969de3d1,thresh
bb1ca510347706e1,thresh
bb3749b92f5d4046,thresh
bb42a0c09c8ba4d3,thresh
bb4a075ae44f4fa9,thresh
bb90ee89ac6e81cb,thresh
bbcc939880151175,thresh
bbf2ec35110f8453,thresh
bc11ff86145d3446,thresh
bc12c146f01fb218,thresh
bc61f175cafe7ba3,thresh
bc69003fd8a157b8,thresh
bc6eb60d7828bdaf,thresh
bc8744a05d30ac39,thresh
bcb7ca07f1163a28,thresh
bcd0b9114b5a5ceb,thresh
bcd4733a2e8c0d24,thresh
bcd4b82728cbbef7,thresh
bcd6116c18cde1b1,thresh
bcf8c90855b5a4da,thresh
bd22fdadf8c88847,thresh
bd343aa1f5775cf1,thresh
bd3c0344979b09f5,thresh
bd929d97ff8d34d8,thresh
bda44d19d8bc6f4e,thresh
bde12bf272afe2d2,thresh
be1b36d430f989cf,thresh
be39ff0688c9e632,thresh
be3f1f2a6221c81d,thresh
be40f628502fda09,thresh
be47288e0574232f,thresh
be52fdc107307f41,thresh
be6f3330ce46e639,thresh
be93c4611fc906f0,thresh
beacf98f7dad2fde,thresh
bebc656e1289bdad,thresh
bebf02350df80356,thresh
bec81f46e436a5c6,thresh
bec8246907649ea0,thresh
bee151201604b541,thresh
bee35bb724200a8d,thresh
bf0bc0614ce5278b,thresh
bf1d2594cfd46087,thresh
bf246a97eb6a5cb2,thresh
bf6859d10a4664ef,thresh
bf79b0e08f386bc1,thresh
bfac3ede0f8160ed,thresh
bfb21278e29be52f,thresh
bfb283537ddec6c9,thresh
bfba5e2ec1f6995e,thresh
bfd551088ec122a0,thresh
bff33cbe554ba95a,thresh
bff6526c7173ca01,thresh
bff792faea203dcb,thresh
c009fb6e1b0566fe,thresh
c07862b0882b317b,thresh
c08f5d09c01fd5a4,thresh
c0e8b4d0318db21c,thresh
c0f066fb1123fb68,thresh
c11852f1b0437bfa,thresh
c144defe41ac970d,thresh
c14cb091e3b4e462,thresh
c17446f9c6256f30,thresh
c18c064fe80056f1,thresh
c19930ea2abd399a,thresh
c1a85364c7114d1c,thresh
c1ae19912350182b,thresh
c1e6a1e6c167a76d,thresh
c1f4d7f0b2f0c28c,thresh
c22de216bb11d8e8,thresh
c22f951b9746f821,thresh
c2492de84d702b74,thresh
c2575288facefa17,thresh
c26656205c4f6af2,thresh
c26b3d271f65417a,thresh
c2f14b923a1dcb4f,thresh
c3031429dc29ac43,thresh
c33d55d14b8dce15,thresh
c34958d0d420127a,thresh
c369d02afcb674c3,thresh
c37e4f5b2972143c,thresh
c38707051b3f6d71,thresh
c3af929d039936d4,thresh
c3c4eb2303188356,thresh
c3d1886d821d9baf,thresh
c407c528eaac09d6,thresh
c444009c5169b4ae,thresh
c449a397c1ed24cb,thresh
c477b81dbbe825e8,thresh
c4854a9118dd84cd,thresh
c4a8d9cf0d46a63f,thresh
c4aa1caa2d19a1f0,thresh
c4d680719bc74fa7,thresh
c5160191abc81284,thresh
c526e43ff58117a1,thresh
c529d1439dd364fa,thresh
c55d0586810d4412,thresh
c55d13e2d5158617,thresh
c5638b103cd04f1f,thresh
c56ce68e28715c88,thresh
c56e6c16cc12d597,thresh
c57132f704b19816,thresh
c5830b88d60523c0,thresh
c5890a8c4fa798a8,thresh
c594cd6476f8ba78,thresh
c598e33a70c82b17,thresh
c5bb5abba7316ebd,thresh
c61995b4d06ad45e,thresh
c61b3fdf7a1c20f0,thresh
c61c5fae6d10834a,thresh
c6586699f722065c,thresh
c666965be73d2596,thresh
c6957c6ae9a94720,thresh
c6a66f4971d8c88f,thresh
c6a78ef9f3b3579d,thresh
c6f19d7d8274c950,thresh
c6ff4f8d2c411f25,thresh
c70043e8f5c9c048,thresh
c7013bd3a49b2ea9,thresh
c70e2e76881b10ba,thresh
c70efd55724be549,thresh
c713efeb6dd9d068,thresh
c73962b85de5a7e5,thresh
c742e0ae91093b69,thresh
c7438e15b45be313,thresh
c7823fe026badec2,thresh
c78da815090aa09b,thresh
c7907f52ba731fc7,thresh
c795093d044c3888,thresh
c7b3a150d0ae644c,thresh
c7c2fcbd2fa5dfa5,thresh
c7e04cbb8020e8ec,thresh
c7f471e715ea0cdf,thresh
c8468bb32679bd75,thresh
c858288f882fb136,thresh
c85f90a9bf644e4b,thresh
c8d7438565b11c24,thresh
c8dabb68c5a81eb4,thresh
c8ed574e97f0aafe,thresh
c8ed6908d2cc622c,thresh
c8f90000a19f8015,thresh
c9378dbd7dbd582d,thresh
c93d2de4f8a97355,thresh
c94a1c3820deea35,thresh
c984a51c52919c9b,thresh
c9868753f31056ee,thresh
c9e0ca5d5749297f,thresh
c9ed87de07fe14ae,thresh
c9ef5ddc57d0d8dc,thresh
ca2ca68e2d370a69,thresh
ca4acb8c79c65c7e,thresh
ca4ceb15cc19cebd,thresh
ca53c35cff79ef03,thresh
ca61316ced3ab441,thresh
ca6c4e6d74fdddcf,thresh
ca8341e86c569c6c,thresh
cab2802235c49ba5,thresh
cab2c93ad044b689,thresh
cb2340234cf8a4b0,thresh
cb3e2e9f83883821,thresh
cb779cbd3d9ac1e0,thresh
cb7cc3e7f20a183d,thresh
cb91c2ce6c9bb36e,thresh
cba1250a5398a920,thresh
cc28cbc08aa0bced,thresh
cc44c14a8426895e,thresh
cc6152b4af13e76c,thresh
cc697c521f4c3d66,thresh
cc6a8284d0abb2d1,thresh
cc6c4f999a255548,thresh
cc746f7722c9e851,thresh
cc78e9e74e0dc358,thresh
cc7b0ef555fc0a4b,thresh
cc7c417680c5f95b,thresh
cca0c1d1ee27c5c0,thresh
ccbb0d675cedddd5,thresh
ccbfa10635980090,thresh
ccc8e4547a446543,thresh
cccb97f5b9b35e11,thresh
cce71e3df5d20ffe,thresh
cce804d22359be61,thresh
cce9f146a63af973,thresh
ccfc93ba1edd391b,thresh
cd05ab6f3cfdf073,thresh
cd2329ebd680c10a,thresh
cd5d8d3049061adc,thresh
cd74299134d922bc,thresh
cd7fe51278f9324d,thresh
cd961486e419af21,thresh
cdaac4e44eef7061,thresh
cdb1cbbd5ac2b49c,thresh
cdd4fb7e2462c8a6,thresh
ce0337c6a0c1c9c5,thresh
ce4a925053bff099,thresh
ce5bcdbc0b7d9db7,thresh
ce8580ef18a169c8,thresh
ce99ecbf97d6ff0f,thresh
cea906ad3ce0ed36,thresh
ced44576eb1ee53e,thresh
cee39be659bf6de7,thresh
cf00a87457ea012b,thresh
cf66de99f010ad38,thresh
cf6bb012d4623790,thresh
cf724c239517ad51,thresh
cf73d047a8a85b24,thresh
cf8ddb2166192140,thresh
cf92e01c53cb9208,thresh
cfd0c7309554db38,thresh
cfd580281d70d6ee,thresh
cfe018fd8f1b365f,thresh
cff1b65583f513b3,thresh
d0139218279fc517,thresh
d01614fba2f0da08,thresh
d01dc277facfdc01,thresh
d0654ff527e8204f,thresh
d06b9e4deb00247f,thresh
d06f8dbd0edf152b,thresh
d0a8fdb00366e43d,thresh
d0f71131c6e25b2a,thresh
d10c5ed06eb06fe9,thresh
d1278baa8114e00a,thresh
d12dd7fd441a6389,thresh
d1359dc3c7bfc153,thresh
d16797214000e7f3,thresh
d169167df4c5e0a3,thresh
d17eb8e8330fbb50,thresh
d18c571a95c8e0c7,thresh
d18f7d61377a6109,thresh
d196458698b23cc9,thresh
d1bb1a69724d6310,thresh
d1bc98b0569353b8,thresh
d1bec1a1a8210b24,thresh
d1c8d5b954d7800a,thresh
d1fb61bf05fe3a3c,thresh
d21113ff6f447754,thresh
d247beeac9a40521,thresh
d2553938e665f065,thresh
d2619a7b151744a6,thresh
d2806b0b67a127b6,thresh
d2a54677ea62874d,thresh
d304bc1a70664215,thresh
d341e8bfcb3f8637,thresh
d3453d9fa3fe9aa7,thresh
d346db8ab2dcea45,thresh
d358af04595f6398,thresh
d36d8b51d289a974,thresh
d378ef1ba8e33846,thresh
d3ba186e94545bf3,thresh
d3bc72872d28c534,thresh
d3dbbbde64f50f54,thresh
d3f0155785e80901,thresh
d44319e55c113870,thresh
d485185cc358dc08,thresh
d497ba67738c8cc4,thresh
d49acf9f86915490,thresh
d4bb7fda297467ae,thresh
d4bc1db59bff6f6c,thresh
d5145474324d4dc5,thresh
d51b5f8bf9a7f43c,thresh
d52a83440fdc89a7,thresh
d5480e026eccfc95,thresh
d582b70e4b0b123b,thresh
d5997d642a9994e0,thresh
d5a4578b28ef0b0f,thresh
d5ad883815541608,thresh
d5d8c97310aebbdb,thresh
d606ccb8f9750f46,thresh
d60874691f112f7c,thresh
d60c6174eae1ab4a,thresh
d623990a2a879cd2,thresh
d644d82634e841f5,thresh
d67a9c3186758b27,thresh
d6b6b1277fc4b37b,thresh
d6be8567b18ffaf5,thresh
d709cb57508490c8,thresh
d734b6bd636561ed,thresh
d73b35b5b14c4437,thresh
d75dad31c00b94ed,thresh
d769b7673f8ded62,thresh
d76d5b277ac9dfdc,thresh
d782c8d27659cc65,thresh
d7b196963d16ea68,thresh
d7c18e3219e15840,thresh
d7c5dcf83a67ffb8,thresh
d815516f226b8f04,thresh
d826a40a17d25315,thresh
d82986e14d415d9d,thresh
d886a0eb17929928,thresh
d89886495f8aad0a,thresh
d8c18d4336e8c62b,thresh
d8c71f3d2140fdc3,thresh
d8ca32aa2251e99b,thresh
d8f134cb31bd0e13,thresh
d902391d7cc245c8,thresh
d92e7b187618bcdb,thresh
d9ea1b8d2e12520e,thresh
da10984b75de60f8,thresh
da36f0785efccc28,thresh
da371f0f062e5447,thresh
da43ae6b994f73a0,thresh
da474d1280caa111,thresh
da75efbadd396aa9,thresh
daac51fa2a8fa7a8,thresh
dabcdf834c536c96,thresh
dacd7a8300bde1dc,thresh
db2240ca25a14953,thresh
db58be301f880c52,thresh
db7fdb9a5c5181af,thresh
db8e00f61e8497f2,thresh
dc0438938fd6b540,thresh
dc1ed93f77848e01,thresh
dc6de1e67ec219f6,thresh
dc73a8db1f34e2de,thresh
dc7b5b3a088733a0,thresh
dc897ba209e08024,thresh
dc92880760c9e0dc,thresh
dc963bcfb5e16238,thresh
dca4ff8f37eb3a03,thresh
dca5384550ae7454,thresh
dcbbea9ebe85464c,thresh
dd0b936f80ce7f59,thresh
dd144352c846d4d3,thresh
dd2ea0a9c9c81943,thresh
dd775a1f06f83bfc,thresh
dd857bcd8cbe0167,thresh
ddbd7e4c25076758,thresh
ddccb6ac2e567885,thresh
ddea06a4d48c232e,thresh
ddf6d5f8b78af20a,thresh
ddf8efca125b6d7e,thresh
de0a5c711f9be292,thresh
de31c4476a2da3e5,thresh
de38d7454d0f0cb6,thresh
de4b35b300ce814a,thresh
de65de81679f4d6e,thresh
de715e7b1cfa0e04,thresh
de7ce0f8d9e1832b,thresh
de87954ef9960ebb,thresh
dea0c2ee35382eff,thresh
deaa002fef0e89c0,thresh
debe0d76b1b7d5f2,thresh
ded68994f9f2a8ec,thresh
df763b86029cb0ea,thresh
df8de9a6700e84d4,thresh
df9c4b5136808606,thresh
dfa575b93e8922df,thresh
dfaaa8877a12375f,thresh
dfb41d91b92e986b,thresh
dfd9a5a3636f5d4b,thresh
e000e8a8d1403682,thresh
e003c5869c852c35,thresh
e03e6fad9e347464,thresh
e04c671da88dcd35,thresh
e054855df70bf46e,thresh
e06bd547f2613e4e,thresh
e06c824c501dfea6,thresh
e0ad6d3cac51013f,thresh
e0bc1db2d2154bcf,thresh
e0f5ddc8d51c5989,thresh
e101b284f021ca35,thresh
e1092e9c1f1fdc2c,thresh
e1e052f6ec6867a3,thresh
e1e9ed20f5a22f6a,thresh
e1ee1e6c375ca45b,thresh
e24bc83735f407ed,thresh
e262aaecc0399702,thresh
e26579f3313a2ee4,thresh
e2a562e61a5914ba,thresh
e2aef71afe972404,thresh
e2cb9a3fad0a866b,thresh
e2febc1428313c0e,thresh
e31c6247b7bd5406,thresh
e327566793ec6b70,thresh
e32e23e71d070c23,thresh
e34101f638fc1d63,thresh
e3aef688850d3e94,thresh
e3c18e2c33367de8,thresh
e3c2c64e0c5306bc,thresh
e3cc1765b6fb48f1,thresh
e3dab04f1cbdf1f9,thresh
e3df403d6b514bde,thresh
e3f04263a9780652,thresh
e4296ee45468b926,thresh
e42d1bac59ce9d8c,thresh
e45c530e07cb87a6,thresh
e465af31739e6561,thresh
e46f37bdecf445f9,thresh
e47bbc008d1f7750,thresh
e48b87ebb9ae6c5a,thresh
e4a780fe3f2bdcbb,thresh
e4b8772db9b4a871,thresh
e4faa00219343467,thresh
e51ce9dd805e71f4,thresh
e5213827cfd97938,thresh
e53c15a3fefdad1e,thresh
e54e0602a673845b,thresh
e58133077050d102,thresh
e5857325cc3b9686,thresh
e59a9565f7df164b,thresh
e5ae6c359b07e273,thresh
e5cf07ee0dab23d8,thresh
e5da36931d2995aa,thresh
e61170fb5c473202,thresh
e6163685c30ca8ce,thresh
e63a75c33db45b21,thresh
e64f7526bc32d9f3,thresh
e69ad898989ff11e,thresh
e69d49714c27e482,thresh
e6ae9dcff3957cb2,thresh
e6ee77cb979dcd55,thresh
e6f2cf0a2868deed,thresh
e7113df6dea7476b,thresh
e7395ff76a580d21,thresh
e74337250594b8d8,thresh
e74cc1087d2aa92a,thresh
e759ba0572ac0652,thresh
e762228095b22fac,thresh
e77150384428ffa8,thresh
e7a357a0b64558da,thresh
e7a4575dba88d9f3,thresh
e7ab2600518a1333,thresh
e7c134aedc48a376,thresh
e7c243ae0d209958,thresh
e7c575d83b6079b7,thresh
e82d693b8d7bf4be,thresh
e834e531e648eab9,thresh
e84b32ab605d9f68,thresh
e8662b3713a6e5fe,thresh
e8885eb2ba7e4194,thresh
e89944a89702cf5c,thresh
e8fc96aac1268efe,thresh
e901845b60eb7567,thresh
e93984cdc96d02fe,thresh
e98cc0d570c6835d,thresh
e9b0ae385c0f8c4a,thresh
e9fda54cf11ac569,thresh
ea271f5f3d5cfccf,thresh
ea2c3f495f6b9444,thresh
ea328f6da837eef6,thresh
ea40be2482cad7c6,thresh
ea53e83af99d4db1,thresh
ea96312f5131a265,thresh
eaac752ae552d44a,thresh
eaea9643ae7749b1,thresh
eb2323b41e91933a,thresh
eb330a1c879bdcef,thresh
eb5417de89df7949,thresh
eb63d738a98eb5a9,thresh
eb69b33dfec1bcf4,thresh
ebb3fb488d8298fe,thresh
ebe383bc7e0f973f,thresh
ebee2c03daf80c9e,thresh
ec264a63316a5af4,thresh
ec50677a25b5b5e3,thresh
ec5d7b19cd0020c6,thresh
ec7a0b9aedc9d424,thresh
ec8ad7e5a9412a58,thresh
ecd173a331ffb171,thresh
ece57708ccc61dc5,thresh
ed07a8c3af5f4da8,thresh
ed0a82c2de228df7,thresh
ed0f3df4c1836e44,thresh
ed10272b3cd3634f,thresh
ed146a1644ffa90e,thresh
ed1ae922f34f686f,thresh
ed2b57132c2ac327,thresh
ed58abb40640f983,thresh
ed89229fc8219978,thresh
eda367886d8e0db9,thresh
edce23de0e10b0c9,thresh
edfbe06068aa806a,thresh
edfebe258f1f9de7,thresh
ee1b74f1a93aa90e,thresh
ee42b14c4ed4821f,thresh
ee468c974fc93fdc,thresh
ee49067e9ed110b2,thresh
ee6eb240bc358ec1,thresh
ee6fc911f1156723,thresh
ee7fcc27567343d0,thresh
eeb10a1689977a76,thresh
eee2f4f1ce628f01,thresh
eee6c6294a170314,thresh
eeff131e74d88802,thresh
ef2f6e704a51150e,thresh
ef352c36761e7de5,thresh
ef5ae391a00758be,thresh
ef7511e0bcf64164,thresh
ef7f8f0bbf71c6a3,thresh
ef829bfee0f2780b,thresh
ef83b8580d86cb91,thresh
ef88976319ee7f00,thresh
efe000337bdca1ef,thresh
effd3fcfe7fd5187,thresh
f01cac91e0a9deb7,thresh
f01f5db5ea342c16,thresh
f021cede87943152,thresh
f02c8ccaceec7d74,thresh
f06be98e2b443654,thresh
f0dcdf37f2253f24,thresh
f0e436aa1d9cf58c,thresh
f0fd934d9c7074c9,thresh
f10bee4d036e6077,thresh
f1216bbfe219bc82,thresh
f136efd88cd996e7,thresh
f138d707ec1d6bbe,thresh
f13be5824a550f99,thresh
f14441f39996fa36,thresh
f14da7137598a3b3,thresh
f193e89dd85b2aa4,thresh
f19cfac9a17ff717,thresh
f1fd6839da667fae,thresh
f22a40b13e14a985,thresh
f22bb2c26eac165b,thresh
f268d848dedecc12,thresh
f26dddd5f1a92e21,thresh
f285e6738ab668e5,thresh
f297eb61033cfb05,thresh
f2ce93a5faf1b67d,thresh
f2eee5acc86e59dc,thresh
f2f325a3ddffdff3,thresh
f2f4f28edb4162fd,thresh
f314d9ac4678b000,thresh
f32560713f415b48,thresh
f365977e55db901d,thresh
f3733b10f4727cb2,thresh
f377952bff178502,thresh
f37926a4f74fa8e2,thresh
f383bfc24a6bbd74,thresh
f384be4c6c72b960,thresh
f392dbc10e980ad4,thresh
f39f48eabd2aea03,thresh
f3a244dad8618dbc,thresh
f40e31a4eb5c5532,thresh
f420a417944f2f88,thresh
f42bedfbed6452e9,thresh
f43c9313675e5f4b,thresh
f46f28dd3bd22e4a,thresh
f470262cb3db095c,thresh
f4762e85da34426f,thresh
f48554a256f3f539,thresh
f48b44c7985f33f9,thresh
f4bacbaf21d873f1,thresh
f4e434ceb0ea0e3f,thresh
f4e6069bf8043267,thresh
f54a5783d164b6d7,thresh
f54e6b4c0d219b2b,thresh
f582ce489736e094,thresh
f59a2e9b83e40ddc,thresh
f5d4784b378dfa9c,thresh
f5fb5799b16bc7f5,thresh
f6009acbc3ff7d2b,thresh
f6096ae7610bcc10,thresh
f625de2b79535589,thresh
f66d66c53ee92fb3,thresh
f66fe018743c005d,thresh
f69c38f1d67b808b,thresh
f6afb8219c47f07b,thresh
f6b2d6e09edd1b8c,thresh
f6e9c1d80d2c3edd,thresh
f71302fd8534f8e8,thresh
f72d1a9cbc3b14c0,thresh
f72dc5926ceffc06,thresh
f73c0ce216b65937,thresh
f74d3fb08d5cb8c4,thresh
f758b086417a2251,thresh
f77390ab3e026ba5,thresh
f7b3914581be933e,thresh
f7e55338c06603de,thresh
f7eb345e00092386,thresh
f7f789a884286930,thresh
f7f99492d4816bd7,thresh
f80a81790ca02813,thresh
f816d058e545b262,thresh
f81d24437adadff2,thresh
f81ef138b5bdd660,thresh
f836a43c1435f272,thresh
f83af92b9895a997,thresh
f870384a870345d1,thresh
f8742de84deb07f9,thresh
f876fa65f074a504,thresh
f8893066d67782b1,thresh
f8efd70a54dc3558,thresh
f92b88b48ffdec7e,thresh
f9758d687253bd67,thresh
f9f4496bcad8efad,thresh
f9fa2308fda3ba2e,thresh
f9fd15c95aadb286,thresh
fa02189a0b320bb0,thresh
fa122742267c4e08,thresh
fa260859bb9bc53e,thresh
fa650e8eb03b65a2,thresh
fac135f4c5de8dd8,thresh
fb01bbcabf017024,thresh
fb457a633121fb86,thresh
fb79bf8222f64b21,thresh
fb81bfa2fdf9bff8,thresh
fbad528c40f2acdf,thresh
fbc963c3de87d506,thresh
fc07b97dd231353e,thresh
fc07c300533d28e4,thresh
fc1330a7b63b8126,thresh
fc3b526ed6696d71,thresh
fc66739bdaa32fa5,thresh
fc6dce9cdcc03e1f,thresh
fc89541a5b90384a,thresh
fc95cf59b389ce91,thresh
fcb0642590be11b6,thresh
fcb79d3920ca197a,thresh
fceee883f69d8531,thresh
fd0c6d0917ceb386,thresh
fd81ae88cf5565a3,thresh
fd86e5864b75a3a9,thresh
fd88a163bc0fc390,thresh
fdaee735b58ef32e,thresh
fdcacd23284e20b7,thresh
fdd181138d1537fa,thresh
fde13f8d26c13169,thresh
fde8651365fd6aeb,thresh
fdfd262a9a7bb6cd,thresh
fe39f180547add33,thresh
fe408c4560f22604,thresh
fe486d41bf8a0a3b,thresh
fe5b526cfc197514,thresh
fe777e15fbf1eadd,thresh
fe88c456b623e71a,thresh
feabbd963ca3b068,thresh
feaf2f29e2dee340,thresh
fedbe7a36c324233,thresh
fedf1756ff555a54,thresh
feef39134a1bdc56,thresh
fef138a8021afcf5,thresh
ff26cbdc7b02edd9,thresh
ff709adfa4062a8b,thresh
ff95ce6ac6539047,thresh
ffbeea5fce97d34a,thresh
ffc0b71f8ffa0579,thresh
ffc44a41ae187834,thresh
ffe0c7e16ed6b974,thresh
ffee26be6fbc41cd,thresh
00a6d6535d0fd2ce,thresh
00c6c34207e14d73,thresh
0104899ff79438da,thresh
01167fbad9b77dbe,thresh
0137a05f79beb718,thresh
0290eeff7f08d8f5,thresh
02cbcbbaa0008d2d,thresh
02d7644bcbbe04cf,thresh
033e9c81e0c8c432,thresh
03604715d3ff338a,thresh
03cb4533f60c22e7,thresh
0421325b57b764ee,thresh
045d8c84fc804fce,thresh
04885437ed00d22e,thresh
04a61d7571ec124e,thresh
04f3480f49ef78cf,thresh
054d2b299f24cc97,thresh
05e670deb7c848bc,thresh
05fe59bc56d37233,thresh
062569ff543a829a,thresh
067c381584165305,thresh
0708c142d7713aaa,thresh
07223daf68057bbf,thresh
076fee92be187b6a,thresh
07900bfcd79d34ca,thresh
084f6ac9809da860,thresh
085633805d79312b,thresh
08af65d6f113de00,thresh
08e79a530b2312ee,thresh
09874773b33bc0c6,thresh
0a5d9214bbe97ee8,thresh
0aa55a0287ce7019,thresh
0aa921bf6b6f94a3,thresh
0aeb6179f0c093a4,thresh
0b5068aaa65592a1,thresh
0b5df67661317ea5,thresh
0b6e8e3f77918ada,thresh
0b8891a00e08bb65,thresh
0b8b73ce6abacaf8,thresh
0bf82e954a193624,thresh
0c0f37b094343532,thresh
0c29c086e9ec2128,thresh
0c397195301736a6,thresh
0c5bfee5cb01d7f7,thresh
0d9f822dba77fed1,thresh
0de85827d5c705b6,thresh
0e0428ee3ad8caf1,thresh
0e430ef99d369786,thresh
0e61a4400724ae0c,thresh
0e6b57779481e20f,thresh
0e79d63c4b6e5b31,thresh
0ebdd32a2e7fc875,thresh
0ee4b8bea42bfc21,thresh
0f0b086d64d59000,thresh
0f394fee9e7fa1ed,thresh
0f4f96226c091f99,thresh
0f637fe70b97d8a9,thresh
0fae772fca03c565,thresh
0fbbc17632687912,thresh
0ff8bbc800a33e33,thresh
10510501b5abccf6,thresh
10e1e9c7e2f0be85,thresh
111f226450ab3438,thresh
1176a1dbde4d67c5,thresh
1186ad440fe32d34,thresh
12642f6b770f58d6,thresh
12a10705f0f436dd,thresh
12ad8e5ba58786f5,thresh
12c2f4f04036a579,thresh
12f67d73e9cfe2a0,thresh
13438736ad5ffec7,thresh
135b4f55444c9786,thresh
14591fe6fa27b29d,thresh
147311990d050756,thresh
14a21cba059c0a43,thresh
14ae0916a81c69d0,thresh
164195b3f78fdccb,thresh
16ba4c7f95ad534f,thresh
16cd73433b8ba7d8,thresh
16faef746af0a5e6,thresh
1709d0ca19f3ac6c,thresh
17493cecbf1c1176,thresh
17661f91dc5f68ac,thresh
17777f5fa4082e44,thresh
17d204ed665243c1,thresh
181cf62d39ad3686,thresh
182a1c0baab5bf8d,thresh
187d8e98d1915550,thresh
18ab9001a399f457,thresh
191b45f3a014df1c,thresh
193e920fa1c33792,thresh
19f7a508407d3e34,thresh
1a331aed8e02fb5e,thresh
1a5c6ed3d6bc775a,thresh
1b5066a3cc652785,thresh
1b6afb6051ad3a2d,thresh
1c2080317cc6dfc0,thresh
1db21066159d8596,thresh
1e0f83333fb82953,thresh
1e8ddd15637647d9,thresh
1e947ba31ab6cb99,thresh
1ea00c2d4eef1173,thresh
1ec42d1af8476af3,thresh
1f680be2b0e75667,thresh
1f844d010e6f735a,thresh
1fa33eb24ba2ab47,thresh
1ff808746acc4f43,thresh
200872f647964137,thresh
204274118ca6e2c3,thresh
208d0a2578b2b5db,thresh
20980881f9dfaa55,thresh
20d4911518d8c35a,thresh
2115351b2a90f7e3,thresh
223e907bc5962a1b,thresh
228048b3ed320349,thresh
22cea6c926f39211,thresh
2366941a2b148bd1,thresh
23796acceef6a190,thresh
237fd1e4cca5fcf4,thresh
23870cf5b356d064,thresh
23e5a4e8e34a0e69,thresh
240846b11729f851,thresh
24566d3ba647e7a2,thresh
247864a6eb16b167,thresh
24dd6fc63266e4af,thresh
2521297ccd96f60c,thresh
2528477aa3272361,thresh
25c885632a2af689,thresh
260d46b057a0b6ce,thresh
26296671a2c89398,thresh
26e0d233d9193b73,thresh
278283f8d6b3dda1,thresh
27982aa7b472946d,thresh
28559f858348a9c3,thresh
28a035d833930de5,thresh
293f4d645d15533f,thresh
2950ee33d5d24105,thresh
29aa8c7f17f3005d,thresh
29c717bb2cc86246,thresh
2a2497ba56b24b4e,thresh
2b08df28d03771af,thresh
2b3b0f0cbbfc582c,thresh
2b5ef605b203f28a,thresh
2b607cb38242a734,thresh
2b7051fc710bbc4b,thresh
2b7b9afec433617e,thresh
2c49cbc9753a6897,thresh
2c6d28eabbd3bde4,thresh
2d540c69bf2328fd,thresh
2d7508fe789bda7c,thresh
2d7667001c25df8f,thresh
2d8285050ba017fc,thresh
2e52d3abac50eeb3,thresh
2e6e3d9e6b3bd690,thresh
2f780bcba2b6186d,thresh
309cc66a696a5daa,thresh
30e328f9cba323f2,thresh
310216e63fca0b60,thresh
3158cd0121025c53,thresh
317fb010d27d1bab,thresh
31e76464bdd2e887,thresh
32afe6766bbbb07a,thresh
33f020971feedbcb,thresh
342865d18ba4e18a,thresh
3477462aab66f64d,thresh
349d5f8c91ac1175,thresh
34edc76303ff8c6c,thresh
3541c8c5d482570e,thresh
3566966be72e01a8,thresh
369a3ec6312e6f3a,thresh
36ecab89b1909ccc,thresh
384ac7dbeb9ad845,thresh
393574ab167da5d8,thresh
3958c8e04f0ced6f,thresh
39c436a11fdf61b1,thresh
39dde44cace17f9d,thresh
3a1abd48ddd94e42,thresh
3a574726463eb53a,thresh
3aacf47662d02c50,thresh
3baf423c6450e51e,thresh
3c2824549fd41481,thresh
3cb8c2b298ef7e4c,thresh
3cfc627bcd32b57b,thresh
3d595fe2b7c05b4a,thresh
3d706a4b1c5a4cfa,thresh
3dd9bd82f8ccdb18,thresh
3e998e08e081a35c,thresh
3f156ed71b67149e,thresh
3f3ec0a903fcaeb6,thresh
3fce7b57d0517fca,thresh
402e39f810ce2bcc,thresh
40683bf5ccaa990b,thresh
40e88ba1b4a86e9d,thresh
40f1775555bafad6,thresh
40f6cce4f4a93776,thresh
414e7f647b2245a1,thresh
420754a82f6749a9,thresh
42171d1d1de84ff2,thresh
4247dbb177fa0340,thresh
429b0fa8458e974a,thresh
42b63c1282241060,thresh
42b874df4e46a4aa,thresh
435bd22bae2c7cb5,thresh
4448ac9a81605376,thresh
448af3be3cec0dea,thresh
44c8a8afcd44efe9,thresh
4580fcc03bb151e3,thresh
45ba8b70e7f5925b,thresh
467ff952dae6a69e,thresh
46ac553cecb99242,thresh
4720c0d39874cb41,thresh
47a959ec9f463b3c,thresh
47b40e4e40fa3b0e,thresh
48037052ff6ef7ae,thresh
482561c53b2e57ec,thresh
486612833d4e700e,thresh
4873f24af8928f39,thresh
493afabd04eba460,thresh
4971a97c35a846c6,thresh
4aeb7377853a94d4,thresh
4b121a3a39017205,thresh
4bb38fb93e839689,thresh
4c1b76770ae5d20a,thresh
4c25031a31c8ddf5,thresh
4c7b130b3cc0723b,thresh
4cdebb645b337f38,thresh
4dd17660a46f28cc,thresh
4dddeaaa788fc23e,thresh
4dfb82835c80aa9b,thresh
4e4d227132f0f6c1,thresh
4e875d3dcff0d329,thresh
4f54b8b58b70d46a,thresh
4f66a8c68ac48c37,thresh
4fa464e1496fea1e,thresh
4fc44722109d7ff6,thresh
4fdc850dc2cc6315,thresh
4fe6f5be112258fe,thresh
507917e63fc8ffc3,thresh
509a34ea570e0fe0,thresh
51c07e27658a40b0,thresh
51f96669cd58c2fa,thresh
53ae948e6f697b07,thresh
53f1f39e11eb8f00,thresh
549843baf07caeab,thresh
54a897a362a3baa2,thresh
54b5e7e3b1c2ddf8,thresh
55420fb835113922,thresh
554e875f60493c31,thresh
556e305cdf2efbfb,thresh
55823355dff930dc,thresh
5719cf7ffddb8e18,thresh
5754bc22d12f3565,thresh
57cb573a73e42231,thresh
589b42f91b5fc23d,thresh
59da2cc81d7068ed,thresh
59e85959ecfbfa30,thresh
5af055366d3248ed,thresh
5b18eef20c91c18b,thresh
5c4e5d50449fb9b9,thresh
5cbcc78a836859ae,thresh
5cc794ac815307c4,thresh
5cf29f8efb0ac374,thresh
5d330779ff5970af,thresh
5d46f50cde9ece84,thresh
5d614d3c1b3064f8,thresh
5dba3ad7e2bc7341,thresh
5e7d3b2d66ddae33,thresh
5fbab2973b9e40fd,thresh
6078b295527b9e7e,thresh
60c754a8e07fd38b,thresh
610883c5c68b03ae,thresh
613a03a4d3644a7e,thresh
613f3490153d346e,thresh
617774c866ea4248,thresh
6252c80690bf2259,thresh
625f44fd7303a176,thresh
627d26779da864b3,thresh
628b5def928a256b,thresh
62a389b35f685554,thresh
62ff3d319aa97d28,thresh
637fd4d2474638a8,thresh
63de2516b090fa60,thresh
6422157b5bf7aeba,thresh
6454ade2996aa811,thresh
6455a96d877dbb7d,thresh
64857075b6004537,thresh
6499dc33c0f253ba,thresh
650f0c5408a67076,thresh
65568521ba32bcfd,thresh
65b3198227ef9dac,thresh
65d66bf057752682,thresh
660d7bb89403311a,thresh
6659612145bdf953,thresh
667ae0089f01c9fe,thresh
6781ae438a7d6a31,thresh
678d7ef5f74d2b52,thresh
686f38703c8b7593,thresh
692ce1cc83a4c278,thresh
696cdbb2be926f2b,thresh
69daf7700c128c61,thresh
6a96c9f431caea2d,thresh
6ac3c7630a8602fb,thresh
6aedd9c06b91aac4,thresh
6bfdee49fcbcfad6,thresh
6c0edfdc8441150b,thresh
6e71de02bf4a621b,thresh
6ee0c9c523e905a7,thresh
6ef340d883711eb6,thresh
6ef4b41d8f79de07,thresh
6f24571ca473751d,thresh
6f5cff823a1a9938,thresh
6f8ef0135a1c3b24,thresh
6fa3c6f860753bdf,thresh
6fcd2bb6d5ea6f59,thresh
7017bc6da8ada3d0,thresh
70bc87f7402b320f,thresh
70bcdaa49c0ce2d3,thresh
717e0373043b6514,thresh
71f4c9a07e5e4e3a,thresh
71f85b7a3aa6ce0f,thresh
720613cddf648bed,thresh
7246d7a7de008235,thresh
72f8dfe354056f62,thresh
730530ddf645682b,thresh
7317c239c0cde4ea,thresh
731a1062e145be0d,thresh
734ab1db0e31ebcb,thresh
736fbe743bb8ab9c,thresh
7398f28edd4f4352,thresh
73b5c74d33d1cf78,thresh
74483537a594c662,thresh
74788a3586c3fc7a,thresh
74cff159e2f194f9,thresh
74e6054829f79bb6,thresh
74f33975865d5a93,thresh
752acddcc08b3bf2,thresh
752f2051d0ad94dc,thresh
768d0660f9742a54,thresh
76abd4329b7f5f95,thresh
7748f0de0775c1d1,thresh
7783c90d2e443a6d,thresh
77e88c550441c7e6,thresh
78585ad84829909e,thresh
785faf72375f8f48,thresh
78c09e8066b909ad,thresh
78ec26ce85fa4876,thresh
795f546747acef98,thresh
7960e58b37eff8ba,thresh
79c490b8b302975d,thresh
79f98fecccffacb9,thresh
7af506341717c902,thresh
7b41c07810c52ffa,thresh
7b7f0b0dedaf004b,thresh
7bbbdc05c855d204,thresh
7bd48e282c140ec8,thresh
7c11765822b37805,thresh
7c2f9eb52228ed72,thresh
7c38e3e839ba29fa,thresh
7c5b4d161cd99858,thresh
7c82ab89aceacbff,thresh
7c9f7530e5bfc1ec,thresh
7cb134fdee7d9e6f,thresh
7dfb8be242fb523c,thresh
7ecb01c42716c125,thresh
7f059d52e2510cc0,thresh
7f17646270263b15,thresh
7fb502503df17434,thresh
7fb675625620bc76,thresh
80c3ab07e8e824c5,thresh
817848e281420a8e,thresh
823b3f8f8bcff01b,thresh
82610dd256a84f07,thresh
82742246c4ae1852,thresh
82752baad7033b3a,thresh
82b4ed8d1236ab63,thresh
82c88bac0892ab27,thresh
82d9d7f64774559f,thresh
82f8f8bb4fd5986d,thresh
837b514321dde986,thresh
84806a396beecc4d,thresh
84870927efab2685,thresh
84a1af3b3c74bda2,thresh
84d48192ac3d90b7,thresh
856df79731b9e103,thresh
8630210cae8bed26,thresh
863fde83d453f88c,thresh
867aef0be6c75900,thresh
87732eda67ab73e1,thresh
87becb6c18ef1fef,thresh
895decde9b01b6be,thresh
899b12150045dc00,thresh
89b54ea671bed0ea,thresh
8a7fb50e4020cecc,thresh
8ad394f91201f76f,thresh
8b26daa7788361a7,thresh
8b4c14359d1d91d0,thresh
8b78e34756516d7d,thresh
8bf4b8145fad0d8a,thresh
8c6e9e4a1b197154,thresh
8cb22dfdceaa3fb7,thresh
8cd1702f85016cf4,thresh
8d21cdb7ab16f13a,thresh
8d32dce77928ea86,thresh
8df89847b9393606,thresh
8e0a4e3ca5acf8ae,thresh
8e38c883e3e4af70,thresh
8e80d444e4eddb30,thresh
8ef6f221f332388c,thresh
8ef9d1be17667236,thresh
8fe11e2f7dfea788,thresh
90a5e2e7c50dd9ac,thresh
9112ac6ade9edfb1,thresh
9179efed2a97f1b5,thresh
91a27ed27adc7481,thresh
91ce26f5a25b358f,thresh
9219b7f8d46d34ae,thresh
925a813e90a7e337,thresh
92632695ecdcfdaa,thresh
9282af9a1a588635,thresh
9298df499f9d41b4,thresh
92a2b216dfeac3bd,thresh
92f11a941c90e3ef,thresh
932dbd8266cf04ec,thresh
946925ba5d8c04fd,thresh
9474c1e68e02686a,thresh
951351d26e75b25e,thresh
955224ba53c825d7,thresh
95942236b6c8c3ba,thresh
95bfc2f54c4243ef,thresh
96157edc65f3b494,thresh
96305155bc74b089,thresh
96b8b482171ac6d2,thresh
96e5155460de2be7,thresh
96ecd039b3d09c43,thresh
9717e1da516f5ed5,thresh
973e63326233593a,thresh
974dd5ffbf3d65b1,thresh
974ec7c61e33e77c,thresh
9774f5688ef7dc49,thresh
9833e31568a26fca,thresh
98352cb967a93b6a,thresh
987bd0ef0dec4d02,thresh
9898f4b1acd64b4f,thresh
98a5ded82c879b23,thresh
98c795ffff586c7f,thresh
98e2cb282080e433,thresh
99f00a4f4aab1977,thresh
9a1c0ce6d2f5c18a,thresh
9a39559f56d8d35d,thresh
9a76e1ebc6eb771d,thresh
9b02cfd94e6f0fcb,thresh
9b4d045e99b63b3e,thresh
9c0947dc98ad6d1e,thresh
9c8e65f570227127,thresh
9cd6333712340d23,thresh
9d3703febf1491b5,thresh
9da46b79b7de767a,thresh
9dd29a3d27d96473,thresh
9deb120b1f1403fe,thresh
9e0d37997f6934eb,thresh
9e9048c583cd0f71,thresh
9f0dac2ac930f93b,thresh
9fa7ec91c6cd179c,thresh
a010117fbfadc8ab,thresh
a02f74b4143feab3,thresh
a063410621ce9c64,thresh
a168b120a1609f66,thresh
a178e8ffbe838446,thresh
a25128f204489c4e,thresh
a29faf9c896df33f,thresh
a2a734e5fa942ed9,thresh
a2fe86b442c95750,thresh
a315d9ebf06e0599,thresh
a31e4092035bc249,thresh
a3b3bcabdbc7bb6a,thresh
a4e28077b9f72474,thresh
a4f75980d5298d00,thresh
a51d32a4d88e9dbb,thresh
a559c07f6c9c0cbf,thresh
a62a54f4cf7c9bb0,thresh
a683789946102fed,thresh
a69eb6a4ab32a3bf,thresh
a6c426720af3700a,thresh
a6cfff34a6bba691,thresh
a6f3cfc7d12d6b06,thresh
a71db01cd0370815,thresh
a72b2127b8172613,thresh
a732a64774ca8292,thresh
a745ab18b9cfb94a,thresh
a7c08283eac0db5a,thresh
a84fcb453747ec80,thresh
a892efbff81a8b40,thresh
a92f016826aa8d6b,thresh
a957afcdab8650ed,thresh
a95f27faeeed2cc1,thresh
aa04eb5972676224,thresh
aa34c0b865d2f15b,thresh
aa391cf47f6b15cc,thresh
aa9a85c4b4183832,thresh
aad118a2595c27e9,thresh
aada1c6bf03eae26,thresh
aafea2c57e3859e8,thresh
abfac54243f98b78,thresh
ac7acd5b48a22c76,thresh
ac7dc623345a6f65,thresh
ac9d5ed35bf41e84,thresh
acc55584a93a4971,thresh
acd5432a1c6826dd,thresh
acfc475caa5382f0,thresh
ad40689f376977ac,thresh
add4d55b1d51f4e3,thresh
ae6145cdc76b0688,thresh
aeae3200034d46ca,thresh
aeb2ed7bd3dea985,thresh
aed5a731b1b29372,thresh
aee54d375759a96b,thresh
aee5d51c8540fc34,thresh
af0a6e1bec14c8bc,thresh
af479dae8f48eb56,thresh
b0690a967220bb37,thresh
b0b74eaf6c63d640,thresh
b0be77568e839d36,thresh
b0d767a65b2f0fda,thresh
b160cb64deac67b1,thresh
b171bccd7ae39e92,thresh
b1b7c7386ebf38f2,thresh
b2b447ab2a4c511d,thresh
b2e533c86bc47f80,thresh
b368d2452390f452,thresh
b3e2b906227f718c,thresh
b4b036c019b1f859,thresh
b4ca898f32bed285,thresh
b5538e676acd2376,thresh
b58efa22cc197f3f,thresh
b5e4a04543e9b817,thresh
b66b7fe327cef7d8,thresh
b66e5fffbd70f8fe,thresh
b7252ce51fab56c2,thresh
b77506a996d8d9c7,thresh
b7aec72c71b55f74,thresh
b816f417ad312489,thresh
b825a93b71af1972,thresh
b85123a29c0783cd,thresh
b8b75f732ce9c008,thresh
b9026d3ff8304abb,thresh
b94c7116748b5f68,thresh
b987b3976ced5153,thresh
b9b18c25ff5316cb,thresh
b9bf5f3c79bbbf73,thresh
b9f0e52f76830308,thresh
ba25968d806dbef6,thresh
ba77544402c5430a,thresh
baa4c497b0cb2cdd,thresh
bb2b152cec8cbcf3,thresh
bb7a3a07859f9af6,thresh
bb7dbc5bbe8a5e57,thresh
bbaa5644d1b693e4,thresh
bbd1ca3aa741752d,thresh
bc36b195428f3e1c,thresh
bc4bdd52063badb8,thresh
bc83bf4d7e724724,thresh
bcbbe2a2ec9b3b29,thresh
bcf43f06091b6924,thresh
bd816b106bd84d9d,thresh
bdb79527ee46bb92,thresh
bddcb34aca87508d,thresh
bdf6ee4cee1d0120,thresh
be5a0b262e80c132,thresh
be604782471f648f,thresh
be7340e2e94de37b,thresh
be76f9d60c1a066e,thresh
be94210ff353dc0f,thresh
bedc75c33e6cd56d,thresh
bf4af9ec01b6b1aa,thresh
bfe46e2556f86c4d,thresh
c085ee0e08097fda,thresh
c1484421921fb930,thresh
c1922c97f5439d48,thresh
c19826c5a0aa9305,thresh
c1c7d77b668fc838,thresh
c1ff96c60a074cea,thresh
c247ebaec8e29fe7,thresh
c26540596a26fe05,thresh
c2c2016a8d228d01,thresh
c301b82f190cb7ad,thresh
c355b9fbef6d0226,thresh
c403a348af3a4518,thresh
c4266c38a514b0c3,thresh
c42721049e05c3bc,thresh
c42e063caf56583a,thresh
c499a1bfde09f787,thresh
c4cd3c8089883f90,thresh
c515c4b45e24d483,thresh
c5280cde702e69a2,thresh
c5a40991b7e83e10,thresh
c5c4dc6ad62c42f6,thresh
c63e5aab6df1b0e9,thresh
c6467665c9078349,thresh
c65274b5f686241a,thresh
c681d94ffe799392,thresh
c7194a3f842ffd69,thresh
c735a12584e53277,thresh
c892497592f1f645,thresh
c8ad5fdf4cbfb262,thresh
c8bb21eed14541e6,thresh
c8e68dba9aae369b,thresh
c99d3c95d19ea117,thresh
ca5a3e15d2249941,thresh
ca642d814ccc8001,thresh
cb03a8064d84a3c1,thresh
cc2b79fdebfce8dc,thresh
cc6c087c69124c8a,thresh
cd71c5128688d576,thresh
cea1df6f9cd6d02e,thresh
cead686eaccef37e,thresh
ceb0897b661c08bb,thresh
cf6af8ca84312035,thresh
cfca6ff8bd7cce2e,thresh
cfd5609dee4656e2,thresh
cfe44b8d71f9ebbe,thresh
d0a7360d11112489,thresh
d1d1d8fc8ae7883d,thresh
d200e5fea8cc9a3e,thresh
d2b15464bd4d1eea,thresh
d3489f51aaee8a16,thresh
d37efa32645ab844,thresh
d3880ace62b15d52,thresh
d3a9838e0bd5390e,thresh
d3ffbe7998012109,thresh
d441d4727928e963,thresh
d48588a4aaabbebb,thresh
d53a6007b7634c7f,thresh
d5502a65ddf38141,thresh
d55f92ad86efc915,thresh
d586449cee9d4afa,thresh
d6e9b317970e5637,thresh
d798b9aafaf5404b,thresh
d7e841199b8e18e8,thresh
d8212e379ee56195,thresh
d8545446d841b414,thresh
d8d05c3bfb7b6fee,thresh
d909398dfe53354c,thresh
da88223d93ab9cea,thresh
dab96097c282d632,thresh
dac71db1d178cf5c,thresh
db5487767f46c0d5,thresh
db6c4049951f649f,thresh
dbf6a6490b94055f,thresh
dc08d9c496c658cf,thresh
dc40161e3882317e,thresh
dc5c9e13cf5e219e,thresh
dcc931e6a35428a4,thresh
dd52f8938f4bf9c4,thresh
dda8f8ab7c88d8e9,thresh
ddadc43defd08246,thresh
dde69cc42323b0c5,thresh
de815d0e26073bd1,thresh
dea96c7f16f68f6e,thresh
df39f4e3a8c11e95,thresh
df63b4c15cb05a2b,thresh
e08bc3a9bf3047c9,thresh
e11669b9507ac997,thresh
e129e0c390cacfa4,thresh
e1d8b33bb06b934d,thresh
e1f0bcc768d3ed4f,thresh
e20a6e35429f2266,thresh
e25b576561750ca9,thresh
e2be034d6c2ea5d7,thresh
e37565944255d6bc,thresh
e3a34c85de9197cf,thresh
e4310c92209fa3cd,thresh
e479c00c405e9555,thresh
e4feb547ff129bad,thresh
e5c1f034cb3832f7,thresh
e6111df54c8119fa,thresh
e65f5991f3c58d58,thresh
e68464013e9ea539,thresh
e68df83c219deb6a,thresh
e72c6464b859ee61,thresh
e76cf47a0469ade3,thresh
e784b3fde0f1277c,thresh
e7b836ff25d84ea1,thresh
e834784e23cd6301,thresh
e87db888929a0eaa,thresh
e881bb478239d78e,thresh
e88321c89a619419,thresh
e88e9ad73285b61c,thresh
e89d8a80c6fff259,thresh
e8a64d43a4754f3c,thresh
e8e4c25f6e5f2f1a,thresh
e8f0aed200b3aed9,thresh
e91351bd26a1214b,thresh
e9697f3d622c350f,thresh
e9dd511396ea9fb8,thresh
e9defe907533d836,thresh
e9dff6f0b01e32a9,thresh
e9e156fade3884f1,thresh
ea0ffa1c8c05f536,thresh
ea2b528ae7494c8d,thresh
ea6aa96df9157c69,thresh
eab3bd4932523eb9,thresh
eab446f18a223288,thresh
eadf56ec0923750f,thresh
eb36046746f2404c,thresh
eb82c7e33e0338f4,thresh
eb9c208ccf80402a,thresh
ebdb99a61be89293,thresh
ebfa8594a1267da3,thresh
ebfc3264c3f98df0,thresh
ec34a62701911450,thresh
ec513f84ed53e7f2,thresh
ecc360d2b91f1b5b,thresh
ecd6c477a71cff8d,thresh
ed89ddf8a66254dc,thresh
ed98272696ee45ee,thresh
ef84d13f46417f23,thresh
efa54b956dc9a525,thresh
effbad38745318c0,thresh
f014ae6941a56f88,thresh
f041a4584cf74736,thresh
f08de4f48eaebda7,thresh
f20979046153b687,thresh
f22f217172025252,thresh
f294ae13f38c55fa,thresh
f2c4dbf352d7b5fd,thresh
f2c55889838a5c2f,thresh
f2ebd1fa9f847c0c,thresh
f307abfeea90f506,thresh
f32e4d3f4b5f5f83,thresh
f34b28e44355924f,thresh
f35d76e48de5570e,thresh
f3c41890adc7bba0,thresh
f4890b41e875b073,thresh
f50723bdfbbd1580,thresh
f5d6395537fbe5c9,thresh
f61560af713ca9e1,thresh
f63776271fba53a4,thresh
f67720ebe4606e24,thresh
f6883b0b85b0dbd7,thresh
f6d94b46638fe24c,thresh
f92c2bb36bd2ce39,thresh
f9434146922c7995,thresh
f952d9e0ccfc71c2,thresh
f96a18ff2f59ecb3,thresh
f9777ebd298b3c36,thresh
f984259e8ae18dcd,thresh
f98b40c4bede05ed,thresh
f9a2bc9d7844d33a,thresh
faaa5625dfabca87,thresh
fb9b2a6576cc8b03,thresh
fbb719f2844f5632,thresh
fc519a5274228131,thresh
fc6fb8a390ea936d,thresh
fc76454401108bab,thresh
fc96a5337e0cb355,thresh
fc9810ad9bbd515c,thresh
fce88533ae123964,thresh
fd4974cd38218087,thresh
fd819186805d57cc,thresh
fd8a0281fa7bfb40,thresh
fd92fdd272e3b450,thresh
fe2c1d234d124a37,thresh
feb7b0707a986abe,thresh
fee7f29a7e10ce6f,thresh
fef6e74465707786,thresh
feff13bcecca7ef3,thresh
ff66383a2793fa14,thresh
ff765c133935e1c5,thresh
ff7e4be50ce0a523,thresh
ffb268f37788a011,thresh
0001ea8717f6de06,test
000663aff0fffc80,test
0009734200a85047,test
000cf60dbaed8c02,test
000d4f120d5a7303,test
0013a435effa29bd,test
0013be435187e84f,test
0013fed3aeae76b7,test
00177176f33f587e,test
001bb624469de607,test
0026c91011e3ae35,test
002af5c4c7f08722,test
00325303c23588a4,test
003260a50813dba9,test
0041dc272b8579a9,test
004540f1a3bba137,test
0069e74a5302bf10,test
006ef62bc69dbda6,test
0074e9e50532d8fa,test
007ab9116b865d64,test
007b7700996e28f1,test
008aefc9605919fb,test
00950acfec3911fe,test
009658dc3a37e669,test
00966e21a96759a4,test
00991697be5ed76a,test
009ba60f01432c26,test
00a07ba2a7e7ea19,test
00a7b8f665496302,test
00ad5a7363b9563c,test
00ade84de7dcf996,test
00b68ad3b5608c61,test
00b8ce2634736c91,test
00baba1768d3b7fb,test
00bbaedc072b0d95,test
00bd73bc3851fc52,test
00c0239ad67647a2,test
00c070a4753b0fa3,test
00c8d5a33c6a7b2f,test
00d1f3c7d05d2cc1,test
00d249ce16467afd,test
00d37effb6d090db,test
00e04e5baea17bbb,test
00e7b4494b17493d,test
00f0730335f76284,test
00f71457fa67558f,test
0100ec69382951cf,test
0102063eba917e84,test
0115106609845c3b,test
0122c427b6800636,test
0122cd5f826207ce,test
01231ff69280665d,test
012731c65e0f4134,test
0129ab10055439ce,test
01300195ad0237d5,test
01458e1707582c48,test
0148f6939e751cb4,test
014edbfdee84c2e1,test
015017ec394a264e,test
015c182136e881ae,test
0164123c08c9fcbd,test
0167520e098406d7,test
01680b05bde74236,test
01683b2e553e0503,test
0171b466fa40d87c,test
01795e418bc31027,test
017dcba8ba64c529,test
0184253533dfd16c,test
0185ac72a68744d8,test
01953ce07a95be75,test
01991332fdc77fa0,test
01a72cb813b1508f,test
01a88837abb0119d,test
01a89cad34d14eee,test
01ae75b51c6f104d,test
01afcfda9587d3e4,test
01b0bcdfab21019e,test
01bbd61f5c4771a4,test
01c42c5cc9932e3d,test
01c6333adb815769,test
01c6f5f76d8d2ce6,test
01c9883207557452,test
01d42137964b60e9,test
01d7f8230ed868ab,test
01dcc2f170468709,test
01df9a774ddfa205,test
01eee94fa1fdca02,test
01f1562bc0ed8741,test
01f359ea595e6a12,test
01f65be0449498fd,test
01fd19412e0ca27a,test
01ff71ffe3076ba5,test
01ff7453e352609d,test
0207ab2b69d1adcc,test
020d015f116bd6ad,test
02110f3abb6d7c4b,test
02180f1c062c82c8,test
021fc94b7b628f72,test
0228b8578f138759,test
022d1d7badabd6ae,test
02334ec642a034db,test
024ac837bbd1df10,test
025fdb55d8bda4df,test
02628bac59455ffe,test
026460a698a91698,test
026582caea6032fe,test
026ac68e751e5641,test
027ab8703fe407a1,test
027b934242c7e71b,test
02875b59aeb119b8,test
028955e8c5963c5a,test
028d493dd5d42303,test
028f914fc2ae01ca,test
029cfc817949fc10,test
029ed93c3be25a99,test
029f32a30724a68b,test
029f4490cc3659db,test
02a185db70b84e43,test
02a19310355c8de1,test
02ab96bf8cb68063,test
02b032e8ab86dcf9,test
02b3b1d8dcd35af6,test
02b472cd98ad103d,test
02b5487a5c685041,test
02ba5a93227a6c42,test
02c2b72f5eda2622,test
02d141331dbf59aa,test
02d79cc299763b8e,test
02d94d2c65b88817,test
02e35de4f8384f5d,test
02e59d76bc919e09,test
02e7d85840791b1f,test
02f0d89bfbb60f5f,test
02f46243ec13c74d,test
02f62e9bc2b1f528,test
02f7ed56fb79ad47,test
0302ec07629bfaab,test
031439af34c2658d,test
031a00897d2c6fef,test
031acc80ce88cb3a,test
031b21acf3bfbf17,test
032339f008b3499e,test
032456dc133b31ee,test
03284646aa27a2b8,test
032d27e1915567ed,test
032effe45ea0b419,test
033fb0d5f54acaf0,test
0341271c4b0e1241,test
0357d090626e4327,test
0361c54a440d5df9,test
036c3f7a7f82ec98,test
03709d5de8cd2b6a,test
0372acb9ab6d3332,test
0375be9e80decd20,test
037863b52d284677,test
037fa8aee73c3238,test
03876c134897ae1e,test
0398e046ae887112,test
039a6402e89cdfad,test
039a6792d5aa12ca,test
03a669efbb41891f,test
03a9663dcb0f3394,test
03aedea8d8e1f004,test
03c1c39dd8bbd909,test
03c2a8501304644e,test
03c6344729c4e665,test
03d5219131e7f65f,test
03edb154027bffec,test
03f0d130d30a7312,test
03f88ce2bbd81fab,test
03f91146bb9f0ca0,test
03fb42ad7e9b1463,test
04007fe4f532abb8,test
040b462914eb1b27,test
040c2667f390c553,test
041a4955f6f7babc,test
041b1446c731a2c9,test
0431c73fde2666be,test
0431fc7c8ab126d9,test
043413ab3397ff0f,test
043fc09c945dbfbd,test
0444cadbed3e42e8,test
0448e6565ad0d0f3,test
044dc82e4e4b1e42,test
044f7120ff68c47a,test
0450d59c77b7ada3,test
0453d6c3336e23a1,test
045518fc34454e4f,test
045e5a1b330dd058,test
0460ddb80d26b0f7,test
04668733dff4d75a,test
04673943f734cfed,test
0475602fb8062d9b,test
047e0e34181f5144,test
048214449f8febcd,test
048866c0107fa63b,test
0494bf1f724eec17,test
04981e8ee53c2471,test
049c0a9fc2d606ff,test
04a264523e42eb09,test
04ac9d60fcfd1f68,test
04b7c188f7ce0e3c,test
04cb52236b6acdb6,test
04d2a601b5d1193d,test
04dbd37578707f01,test
04df27f62e004e58,test
04e68c09efa4e861,test
04e9a90e79d06a25,test
04f35ee90e8d4368,test
04fa7cdc5aaa8f36,test
05033e0dd4e0e8a2,test
0505a9737bcc2dfa,test
050cf58fa1d96794,test
051141045106671c,test
0512cc75fc98226a,test
051993c7fa2bc1ab,test
05199d237eff5983,test
051c526ab15f6cab,test
0526d15e3b8735fd,test
053118884eedbe4a,test
0546507d9fba744e,test
0548d83d185cb176,test
054f55100dcd159f,test
05503a885268be52,test
0555974a6a835494,test
055b8c6d064b2753,test
055d985a27c35d8d,test
0566e33a92de1d76,test
0567d8c9eab3f089,test
056db1063d45a2c5,test
056de9ca13af518d,test
056e5afc25568a85,test
0573663841adbda9,test
05737c2e3d3d7d6e,test
057df8faddcdd1cf,test
058a95d5aa83d6f7,test
058c48ca74b2951b,test
059930486dd1a1c1,test
059c346d1a1baf7e,test
05a2e18d50b128e3,test
05a99c18fa6ebd90,test
05ba7e8f954be065,test
05c2a016a292b714,test
05cc81c260d7dfa9,test
05d662f1c0f91cc6,test
05def156ea4a36b3,test
05e000383f18a2a5,test
05e5790126907b34,test
05ebc3378e244383,test
05f4c8f4ce13f0da,test
05f8373db4422dd9,test
060c9df73b170d4b,test
06133ae3b330778b,test
061c2598ef99c928,test
061f6577999de50d,test
06233e158da1f437,test
06264293b70c0465,test
06286901bbf774b7,test
062affb90eb28ab9,test
0631f33c1ca27b3b,test
063548006a452ab8,test
063a532d607efc31,test
06429b98fe09faa7,test
064780637ed11c8a,test
064bb071ec8da44e,test
064d8382590ccd31,test
064e12e80c77ea08,test
064e74cfad45c0f4,test
064e843990ceced2,test
06587b95858dbb53,test
066329423d8fce5a,test
06640993d5014f93,test
0668825ef689de4f,test
0668d7432ac04866,test
0668ee55ddb843f1,test
067aab62c07df708,test
068805a64e32c07a,test
068e126851caf8f8,test
068e30ef8e537f75,test
068ec787fcca9c19,test
068f0108a0de483a,test
069d3402e29e0a9a,test
06a21c97e74c5e63,test
06af788732436f0d,test
06b04c3c0c6e56ff,test
06b75897e90137aa,test
06b8df334bbe6214,test
06cab3eedbe2aa3d,test
06caef399cf8d9e6,test
06ccbd472060d7a3,test
06d3c3a868d29d62,test
06d7f649ec2cf8e5,test
06d99d70424fb9fe,test
06da17b97a33d3db,test
06db3cc0b204d373,test
06db9550419769f6,test
06dfd8ff2a71160f,test
06e3e1d2c05ed024,test
06ea27a931f3d56e,test
06eb01f0e9e13abc,test
06ebe8ddee6763c8,test
06ff00219fb5b81b,test
070b1606ef1b262e,test
070f9b7902929961,test
071082b95ea92cd2,test
0717d46cbc9ca550,test
071e723374035ae9,test
071f502640f22c18,test
0721742043f34180,test
0722034f71da040a,test
07263e97cc97be35,test
0726953cd50123c7,test
072fd04e2b4dbe27,test
0734a85303ff4dfa,test
073819189f9e6c7c,test
073c7a5de93c3e8d,test
074a1b35a6cb3241,test
074eaa978046c0a6,test
07518fc3aabfda4a,test
0759002747a1b30f,test
075c1ecd3768ef43,test
0761a910637a0d6d,test
07624232e73e611b,test
076b302558bdbbe0,test
076f0d55455492f9,test
077117b7038a6c78,test
0781c506ca446697,test
078c9759b56f4c26,test
079503af170db3c4,test
0795653b530f0ddb,test
07983645a973764f,test
07991045f2badf14,test
079ced5fcdf30696,test
079f44d64fe31a9b,test
07a5680c2f6d38bf,test
07a593fd5f8bd6a1,test
07c04fde30eed4ca,test
07c64188d57926f2,test
07cd10b2322cfbe9,test
07d1cc161da7731f,test
07dd9cd6c4166da7,test
07e1d8cad2533911,test
07e2b060f14fdde2,test
07e76c5b1e7684d7,test
07e89abb845d8575,test
07e974f96b296e08,test
07e983926ca52336,test
07ea97e31d5a6abd,test
07f03907ef567765,test
07f341c9fa64a364,test
07f9c49fcc96279a,test
07fe51a337755d22,test
08017a1ec97f4f21,test
0802beecf142fea1,test
0803785f76a40fed,test
0817a4e59ac49da3,test
081dc6166440364a,test
0821c2ea1c9f80f5,test
082a62147a8a874e,test
083781f067fec4cb,test
084359d007e7cb3e,test
085594df96de15ba,test
0857bdcf937d8922,test
0859c60a9109ae60,test
08642907a062db0a,test
086f015ab0325ae1,test
087ae058a35be881,test
0884175db252d141,test
08841b3e71cfc5d1,test
088655c2451efdff,test
0888ad10a30843b5,test
0889c727cc71cf2d,test
0896a92926018e1e,test
08976d732218edb5,test
0897ea21bda7632e,test
089b1355c049169d,test
089d182e45b13321,test
08a05f739b1e244d,test
08a8d776abe294df,test
08b0f94f485878e7,test
08b1c5c0455f4453,test
08b24f16362bc50f,test
08b65a33f12bf1d6,test
08b9f16c403a6d41,test
08baa1ecc6d6b89e,test
08bd4dc1a0915dc8,test
08be09d11c86c372,test
08c2360f837e2bd7,test
08cdf773a3d167e8,test
08dc7a3f165c9bee,test
08deec4710305eba,test
08e71d30f6aa4907,test
08f7bc1a25fffaf6,test
0909d0962b63de09,test
090f410ea580df44,test
0913a2892c4ad3e3,test
0919e05832ef522b,test
091ccde3bebc01a5,test
091cfd8b524183d1,test
0923f4d4d54108ab,test
092956c15cc03795,test
09322f254cb2ca31,test
093f933f0e8f93af,test
09463ceb22143302,test
09467bc8d9e6bba3,test
095987c5bcd89086,test
0961aabf88f7183c,test
096679791fcd6699,test
09707cf16a86618b,test
0978058d7b4dc7a8,test
098751632fd31ee5,test
09968c7c863698bc,test
099c87bb3d542117,test
09a7c53e9fcb5755,test
09a8ddfa7f7a1238,test
09b56e282e874eac,test
09c28f9c526e184c,test
09c5d205c377efb9,test
09c6e2d601731c60,test
09ca821d64a1e718,test
09d30c0128a2ec28,test
09d42ff7bcb8e3e2,test
09d61ebf7476463f,test
09d74105462445fe,test
09d8f6b9650ff5f4,test
09de49908436b7b4,test
09e241d405ba3644,test
09e3640cfb89c37c,test
09ee73f3936b728d,test
09f425b9d30b14e2,test
09f84609e94ee20c,test
09ffd6446beedfad,test
0a08a49adbb6d394,test
0a13458569ed7649,test
0a147b8ce66115bd,test
0a16baa76026801f,test
0a20971e1c14c302,test
0a23903075ecc6cc,test
0a2e8b3e4a347265,test
0a2f285e6cb245b3,test
0a33bbbd5dba3cde,test
0a409019fbdc6b98,test
0a4290794467500a,test
0a48bd61814504e2,test
0a4b2fe8fca6266f,test
0a54a90a37565e5f,test
0a5760272f3964ef,test
0a5bd157ab7e5610,test
0a5ef48bd3ae137d,test
0a66c5d1bfc88a3b,test
0a69dabaf23759b3,test
0a77431251374abb,test
0a780c9878fa8726,test
0a7d15e39056a8a1,test
0a7ffe5829a15a3d,test
0a82ad635c807c60,test
0a93c19287cc59f4,test
0a94c605e9ce7e05,test
0a96cbdfbe865b2a,test
0a96ff109c33eeb9,test
0a97acdb5560ca6c,test
0a9b37231951d8b9,test
0a9c499c411de743,test
0aa0a0a1b7e0ebe2,test
0aa4f2e5849e724e,test
0aaa2dc37a05eee2,test
0aae8a3e55102e03,test
0ab1a03fbcfd5821,test
0ab6621f4ba24b4c,test
0ad4df7bb664cc86,test
0ad6353272180951,test
0ad9c0a2c0244a22,test
0adee7b71d1bc51b,test
0ae5047be4b7c2be,test
0aef16636aafe8bf,test
0af856bf5a3d4017,test
0b00934d41a93777,test
0b132fdde5a22865,test
0b245bf221248603,test
0b280630323a5d2a,test
0b33184f1d82a5bb,test
0b33e88e297519d3,test
0b576af5f3a6282d,test
0b5c3c47bf43f361,test
0b5e1ebe39953a99,test
0b67ff8865d272a5,test
0b724ad75d29b90f,test
0b72c5c74fde1523,test
0b80af2e51f3e94a,test
0b886485c6ac12eb,test
0b88f52a72da6aa1,test
0b8b4d11bd21a78a,test
0b9354328aa77c48,test
0b9dba3bd2ec4085,test
0ba6a54d517aa990,test
0baa747f910701fe,test
0bab010cf774c33c,test
0babe1963ed2cc34,test
0bae4de48d0bebb7,test
0bba5a5b3f9408e8,test
0bc357592d5db4a8,test
0bd71f06cecfbba4,test
0bdff9acf0a655c3,test
0be8618306690477,test
0befd277db9b8b96,test
0bfb6c272ed87021,test
0c2141292c8b5686,test
0c231aa6e263538a,test
0c291e797a39476f,test
0c2bf805305dda26,test
0c30712744c4f10d,test
0c347aed108b7790,test
0c370e0aa765fa5f,test
0c3954393ccf134f,test
0c3ebdbc2b0f1d24,test
0c56b001f556d89a,test
0c617f671cf6204b,test
0c6f8c0348980eb0,test
0c7209f78770c3cf,test
0c77f2ad8bcd3a2b,test
0c78ef14d7fbbf8a,test
0c7d4964c29bacd5,test
0c8336abbf630c7c,test
0c85c53f271dbd83,test
0c8869f120ed6e26,test
0c88f91bb438c7dc,test
0c8910df70a1fbd6,test
0c8f55a6f0c7a38f,test
0ca2230872b04110,test
0ca6f97900700550,test
0cadae768bc825dc,test
0cbbf303d5b9c04e,test
0cbd506718db8754,test
0cbe379cc1bb1d45,test
0cc06606ebbc484d,test
0cd0473d0a7cdf3e,test
0cd48adf763eaef1,test
0cd773ed62c92549,test
0ce18670757a3e3c,test
0ce45452d2cb2b98,test
0cfa38f060b56b90,test
0d04556ade8bf98e,test
0d0878d62406f0df,test
0d19d917f2c5701e,test
0d1a6f94eea7a5f2,test
0d1aba37a71394a1,test
0d1c3ecf7a2db789,test
0d1e77789263ad2e,test
0d308e06b3527b19,test
0d33b8948c212a88,test
0d3b534bdeba3b08,test
0d3b8faf121d224e,test
0d3beb0781d05893,test
0d3ccc5af0873569,test
0d4233996dce6999,test
0d4febb11c018325,test
0d76997ccf3a5272,test
0d786faed6b27371,test
0d7e38fffe92c688,test
0d7edd1abce9e119,test
0d8405fb9c86d830,test
0d92595fe1cb1bef,test
0d99f7cab57c78f3,test
0d9adaf41d9b3569,test
0d9ae237625c99e0,test
0d9b5e5de49e4106,test
0d9c77841b523fa7,test
0d9e0bacc08728f8,test
0d9f58b806541267,test
0dac33e25c905825,test
0daf4fa34c83c75f,test
0db09f143acc84ec,test
0db69eacb1c7bfae,test
0dc1e6b780580626,test
0dc3fdc2236ea4ea,test
0dc4e9de1311b8d4,test
0dd0311527693bee,test
0dd9298968b142cc,test
0ddbfee819a22859,test
0de08b33c8caf1b1,test
0ded8ddda93810bc,test
0df595b5d1871340,test
0df687d9073a739a,test
0df7cb24c59735bc,test
0dfc74c56c36671b,test
0dfe02d47c96e378,test
0e00a4bfbd254160,test
0e049cc71a2f8064,test
0e09afa2647d6f98,test
0e32e7e32a4e62d6,test
0e384ce296037586,test
0e415ac047b306b3,test
0e446964b18c7e69,test
0e4bac39c29c88ff,test
0e6a30b38b13f40a,test
0e6b4b802b471246,test
0e6cd36c238eb05b,test
0e6cdb74cd9626a7,test
0e6d351775324807,test
0e781f4a99e16290,test
0e7dfbbc7d5819dc,test
0e91ccb7dc3f78f0,test
0ea22150ec855589,test
0ea8588c46d8e46f,test
0ea8b5c8eb9037c1,test
0eae8e1bf84c71b4,test
0eaef6317866fc7e,test
0ebbaab61ce86c64,test
0ebc176a258eb7e6,test
0ec146cdaaa5e266,test
0ec84fd6b65ba32e,test
0ec9532a6eee3112,test
0ece2afea25c3c22,test
0edc7fe65b89ebb1,test
0ee245af1f29024b,test
0ee4df2c6be1a9d3,test
0ee8ccd88617358c,test
0eeb2237be07edc2,test
0eec54e982670b10,test
0efbaeef5143f250,test
0efcf8d2804c118a,test
0efe977398a4cc11,test
0f06624fb1825eb7,test
0f09ef756283a80c,test
0f0b76837ff76827,test
0f0e3cd023330c9f,test
0f0fe49132f28a79,test
0f134a88a3f3ee07,test
0f158f26c04ec77a,test
0f21a9868c581f9c,test
0f221a70f5f546a3,test
0f26793f420d70d7,test
0f283716fd344156,test
0f37d77bd6d4e090,test
0f38c94034eab9cc,test
0f3e7fbdacd84089,test
0f4090715f5d50b4,test
0f45afb381d723e9,test
0f4b4bbe28891b05,test
0f62b03788aab6f0,test
0f65324e68800235,test
0f6c077c84529892,test
0f7591c38d47a65e,test
0f774054bacdc2d7,test
0f7fe56b340b9142,test
0f81624dac4e6f8b,test
0f891530ddf49a40,test
0f94f891e98a4645,test
0f9a2dd307670edd,test
0f9d68a41ba21f06,test
0fa11a31512f51d4,test
0fa4a1c0e46e55ed,test
0fa8462514125463,test
0fbd7909ca7254a8,test
0fbeb47ffca54ff0,test
0fc06be72af87dd6,test
0fcbcfba267cfb7b,test
0fcc5efdbaffae06,test
0fcd120035d8acb0,test
0fcf9144030a7ff3,test
0fd3a7122e927600,test
0fda5c1030bfd9a4,test
0fdfc13cc6d28ec9,test
0febf22358af1ea1,test
0fec21cd28ea831f,test
0ff159c9e0a930dd,test
0ff48255a731d93e,test
0ffc0991eab482ba,test
1004c09a30adc040,test
100c80b47154a7c0,test
101f0a4ef66a7516,test
1020b871cd7da8e6,test
102adf13d1acf4f1,test
102c86e334f39700,test
102e24503f04c294,test
10365df405f2e248,test
10371f3cf867a458,test
103f4c10d3e62022,test
10438cae43afcb7e,test
1051570e349072b2,test
105212343d64b94a,test
1058ed7c879c21a0,test
105aa65b9f1ae2a4,test
105fa72a311280ac,test
10631d95f6fe4be5,test
10660abc0accfd59,test
10697e2729ec4e41,test
106e49d5bb472093,test
107020e278ff05c3,test
1080dbe14c56f7d1,test
1081e7bb8feb8512,test
1087fdf0efe9c92f,test
1089df081c7129eb,test
10973ea679edd203,test
109bf7a7d49f9509,test
109c8abfd1d93ccf,test
10a9323c6c71a2c7,test
10acb7cdcb3c537d,test
10b39600da098c8b,test
10c230a6c7a4943e,test
10c3a5ed52a3eb13,test
10c6e48de255616a,test
10cac117dfcfc9ee,test
10cd68df4c4ebdaf,test
10cdf034a9be6d40,test
10d4b8b4cce6fe31,test
10d5c0e3230089a7,test
10d6b6b9c2db4440,test
10f6b668143692ea,test
10fa029ab6aa642e,test
1105567de9dec002,test
1108c40e236088d1,test
110ad1cf279b044c,test
1118b57c1f399a42,test
1133d135f80575c2,test
113924ee0bb71be1,test
113d07a217438184,test
113ee329e1fabea1,test
1142925dde37a5c5,test
1145addc72db7513,test
1161296502941ce0,test
1163c5d52bd19054,test
1188fce057a85e3f,test
1194c4123e7e95d0,test
1195a6939c7f8b82,test
1199f64383e79edc,test
11b568c76586c9cc,test
11b687294680d9ce,test
11b81c42d310664d,test
11b9cbad626c03b0,test
11bda88c12f49c0a,test
11c761c3d889756b,test
11d2d15bf1e45ada,test
11d5c5a7edfc2647,test
11dddf4aaf1dc36a,test
11e4d8d58dc0483e,test
11e6ef87d5ce94ee,test
11f40d7353c2499c,test
11f4e4c4ab5d2e9d,test
11f4ff5204c3fa66,test
11f78e015c2c4e19,test
11f942d66dcdd1c3,test
1205482da2b953b0,test
1212b1576f583241,test
1216562882e199fe,test
121ee8b46906bd1c,test
12204853779686e4,test
1222017fa0fc65e7,test
1222aa086694ed7b,test
1224b1ff8fc27a5a,test
123086a4bbb48b87,test
12324d661adebae2,test
123b650ae3f93b4b,test
1249e7675ce58795,test
12560518fa889592,test
12575c520d773ceb,test
126126d7d0390d72,test
12756ccce7f36f2d,test
127d94a37c49c36d,test
12808e81b15c2ae5,test
12845c21c8c9f64a,test
1289125aabf3965c,test
1291f70190abc5d8,test
12920f7007c5192e,test
12a2c3ac2e586913,test
12a44960398fa1a2,test
12aea0d0592877a6,test
12b2b7274c60c33e,test
12b68f04752b98bc,test
12b7a98c1deaa0f2,test
12c1bb53e493fb23,test
12c2305c071b5da5,test
12cd6f379dad5345,test
12ee4455d5bd3a43,test
12f7e23e367d3e1b,test
131895bed6ff3f64,test
13191a489bc42a14,test
131f8502d86e56a5,test
1325d9ba723ff414,test
132b6e1c8b200a39,test
132c98d7b23c2c03,test
132d3915afadcc79,test
1330397c19540387,test
133940975a710716,test
134218b3ab272014,test
1348ed21b4e9ea0f,test
134b1587f08b081e,test
1359abad3b7cb6e5,test
1373bdee1ceb135d,test
1384ff8c04399d18,test
1393c0c38b7d3a65,test
1395659a76aeed2e,test
1399f984453c3661,test
139e162aa0de54f4,test
139f837195d10d54,test
13a43eeda5e312fd,test
13a5357367410f30,test
13a661f847fae36e,test
13acba4bc3593a71,test
13b9a3c96c143581,test
13d15a2dc4d76d36,test
13dd9786fcab6a07,test
13e3866d2845fe6a,test
13e87be7a2fb3fea,test
13e9ed531b71046b,test
13ee5af2e2087aae,test
14099c95e4ce4fc7,test
141462e3da8bb5b0,test
143866f454ded075,test
1442f3d79007de6d,test
1446e38900776b0f,test
144918c0fd5b599c,test
144b2dd0ec1efb5c,test
144f421fb3716b13,test
145739e5fe9d8c03,test
145941a10ce7b081,test
1459d486ad1d1d37,test
145c3fc64a64ea1c,test
145fb9a3a83c5e0b,test
146012627cde0079,test
14693e17c86b9072,test
14701472a82162a3,test
14777bbbce202590,test
147919422678c7fd,test
147cc5ae98260b3d,test
1485b8d8d4db8952,test
1487bff565a8e9ae,test
148a08070e7b57da,test
14921a431e7541d8,test
149552ddeee0725e,test
149aa849e31cecb6,test
149f962b85cb433e,test
14aa542896539d39,test
14d031c4b378bfbe,test
14d145033d21cde7,test
14dd3603181259d6,test
15004e68434744ca,test
1506c2a23f1e0bb1,test
150b7c2166089ef8,test
150ee6ce84b3fb2c,test
150fb61bd4292deb,test
1510b815f8bd09e2,test
151df5a44403ab66,test
1521a6088227fbbf,test
15382c3e26cc4d61,test
153872cbdd5ef6c6,test
153968e40ed77f12,test
153a3328cb564fea,test
153c029cdd5be5b5,test
153eccf1afe4af47,test
154265f650c5c458,test
1546eec6e5415c11,test
154cb17b91c7cfee,test
15602bfef1d80758,test
15608db029c1198e,test
1563b2182c69fb41,test
1565c0e5ee94dbe7,test
1567e275877b4041,test
1568bcfac39143db,test
1571b58791df29ba,test
1578703ada2b79d4,test
157c377da4b948d9,test
157c93fc5e9a9817,test
1582442b52e22fa1,test
15894148d5a7f8a3,test
158cba448e379a53,test
158fe8bd036e7f1c,test
15954270b89fe739,test
159a2cee4369c354,test
15a11939b17918ae,test
15a1d0672268d19f,test
15a4c8b05a4b4b94,test
15afed5d2a4f2395,test
15b058d68a36a663,test
15b7cc0cd123de35,test
15d32f88cbfbd41d,test
15dc315c5cd11bb2,test
15ddbfbbc7630fe5,test
15e7ea913dd11b18,test
15ec4a82e996c0e4,test
15f98b70aa83892c,test
1604ae630f225684,test
160c1d062cdceb75,test
160c99c895e2a54d,test
16133eacc16a20e3,test
16150598180fb197,test
1617e8a27c6a9e35,test
161a98efcf8ea552,test
162279268e80b924,test
16246593353da429,test
1629ac5fb862d029,test
1629c0a4dc9ea520,test
162eac6527dff292,test
1639af10b1e778d9,test
163e4d19e403dc84,test
1643e9d423f38e80,test
16497b9d97b38da4,test
165045a613a5fc37,test
16530da59e56a7af,test
1656201fc2601d28,test
165eff683fceb192,test
1686e7a9892b606c,test
1689dec69cbacb78,test
168ceb5c835977a3,test
168d8de31938d24d,test
168f6baf8fb1e8b2,test
16a57e4e1dfd393f,test
16aa1ac1c82c5c5e,test
16aa25024d09d846,test
16ae0e2c289a585a,test
16b6c8c39f913527,test
16b94a8e07dba526,test
16b98ac756461847,test
16c10f582c5ab0ab,test
16c7945de1376aa6,test
16cce0f32d9d64a1,test
16ce3799c29e3bdb,test
16dc3ff74b8aa37b,test
16e29dbf10d7cce5,test
16eaea9855a67bd4,test
16eb3a45fc251974,test
16ede499382db851,test
16fa8a8e93818dc1,test
16fb2bca2607f201,test
16fb5866be4001f2,test
16ffc1a0b4ae9931,test
17161a170ad4ecd5,test
17217351a35ee11b,test
1728d83d7f788973,test
172a6fce88ff2fbe,test
1732c3e809c2fe28,test
17386eb51c054476,test
173e76ba7376bbcf,test
1740a89b32718315,test
174219ab7dcfb7b2,test
174c75a45d752551,test
1755fed5fac0b21d,test
175950c214c1ea02,test
175ae45d61cd6f75,test
1763ba7903254e46,test
1764b75067366314,test
176c317aadbc4aec,test
17733666b256ece0,test
17749022ae976451,test
1783fff91be283ad,test
178a31aff6ba27df,test
179079faf51ab7b3,test
1790e8383f9bc232,test
1791df1e288b1fde,test
17a6f214af3b242e,test
17adff61f81ace8c,test
17aecefaaaaecf04,test
17af48f1bc3deb8e,test
17afedc05e011c66,test
17b838ffe42167a4,test
17b8e39178244ca7,test
17bb6d9c6b224ed7,test
17bcf25a908cd4fd,test
17c97758a603b3bd,test
17cd537bd8588d91,test
17cddd36643a01f8,test
17d053b64ba3edcc,test
17d074aa4b7c8b38,test
17d07ba8f2b54f8f,test
17d2064d118b8e00,test
17d616cb11f8f5e0,test
17d871ad5d801a7e,test
17dc54c57cfcc847,test
17e15661729c4800,test
17e2df5b9c52e632,test
17e40b3d9c6ba851,test
17f7312bc6a62c1a,test
17fc4345155fb5d9,test
180e9bcfe251c16a,test
181ac69c6f6948c5,test
18204b4f68bc5d0c,test
18210e1990688148,test
18234eddcfdddc59,test
1824cd59d52c6e31,test
18292aff6fdb00bd,test
182de61de188ce35,test
183174bf2380b250,test
18342e3ddefec549,test
18492e9875d6cd8e,test
184e5a9dde35d4e5,test
1868adab68afdc25,test
186cffe95838f5e7,test
187d64c6efa28caf,test
1881d0ada3ffdf99,test
188fdfefbffa544b,test
1899014e7a31d5f1,test
18bb6419772f683b,test
18bee21036f28879,test
18c1a7b030ad9262,test
18cbb918981685e8,test
18cc92533826b798,test
18ce6b12b3dab4f1,test
18cea5ab12f7d537,test
18d838a1a8496ea1,test
18db014b230b6f01,test
18e5456985d0494d,test
18ed160c2ef624d0,test
18edc094cb851e1a,test
18f053247b9fc8f9,test
190738ef44b77408,test
190e95f45bdb6288,test
191586a77bf35fd8,test
191dd4d4bd152103,test
19222d1ae5004201,test
19268369093d13b3,test
1933425a88d3b70d,test
19334cb91b022ca2,test
19362dfed715bb34,test
1936f509044f0b34,test
194293f70249fdd0,test
194a9be6c9f12053,test
194aa4388d7cfda5,test
194f8d7fb5ebb845,test
19582edf657a7a76,test
195ab003903ac0cb,test
195eb9b09486dc3d,test
1962e2835eabb85e,test
19639a1a4651c9fe,test
1968cf5a6def5e96,test
1975e7f77a4afe21,test
19798199d4fd476d,test
1981f7e246a0a989,test
1989abfbb82f6deb,test
19916cf651d0205a,test
19a2222f354de9bd,test
19a404a57f552776,test
19a946f5ea79bc56,test
19aea6f0c71e17e4,test
19b20d0688b159d1,test
19b24ceb7c5f6fb1,test
19b77d2336fae4c2,test
19c7bbf9fa8e0157,test
19c8dc54fbf4f933,test
19ea494b1ad3abef,test
19f194a3deb38c12,test
1a056e53671bbe0c,test
1a06d4de9654e6b2,test
1a21acca5e4f66aa,test
1a255da0de35ea91,test
1a299d1305ed346c,test
1a2abe7b803b2dea,test
1a386b646dd4a11e,test
1a3ffaa9e319104c,test
1a53e3be5b909ab8,test
1a585fa666913f7b,test
1a5e06490b97583f,test
1a5fcf491a19ab49,test
1a6509a7c822c9d2,test
1a66d4565ca9dc64,test
1a6e59ab9a7ecdd7,test
1a6fcbd059f0723a,test
1a727447c4f9397e,test
1a7ca11c67efd50c,test
1a7d99b1bf0c2ada,test
1a80eed1295125a6,test
1a83eaf8393cfb1b,test
1a86b4fa7ff9796f,test
1a8cf6e83cc7d9b0,test
1a8ea45fe1226497,test
1a96920042a06897,test
1aa69a132d6ed995,test
1aae1d7009a4943a,test
1ab82ae5b9cee272,test
1abb36f39f484dff,test
1accdffda8a05b80,test
1acd9257bb1cb871,test
1ad5e2ca2630f534,test
1adabe06ad1a6fea,test
1add03e87af21427,test
1ae1aabd1f10f422,test
1ae4d26d81eade7c,test
1ae827b52cdf6655,test
1af0c0335b1ef1ff,test
1af3342d94d4517d,test
1af8a88ae0c50b93,test
1b1e0b1d6cfac2a0,test
1b317264f8ebbb13,test
1b33bd3d6d0fa735,test
1b34b36891f9647f,test
1b356b0a80c03392,test
1b40e1d2ef6d505d,test
1b459af69923c0c0,test
1b47752538c3bab8,test
1b490e77102a0de0,test
1b5a69ef9ae873ed,test
1b5c625470f3de65,test
1b5d607690796551,test
1b5ef0013b6a6d51,test
1b6172b9d5abf4f3,test
1b65c74c90446d87,test
1b75713838ab903c,test
1b79a6c2a1a87c20,test
1b7a4f1c2f2a1ef7,test
1b7f4c275fbb2203,test
1b958890e209e922,test
1b9604b51f1deb5a,test
1bad35347e610e8f,test
1bd07514e31bf196,test
1bd2d887ea323e9b,test
1bdaedc8f4186cc0,test
1be4959b6b2b5ea6,test
1be76ea30c5b6c65,test
1be9583d0de8c992,test
1be98accf8a296a8,test
1bf118fd3f9757d0,test
1c017c75143fdb5e,test
1c06eed76ba29f24,test
1c23081bbe80bef7,test
1c3877a263868912,test
1c3bb7e697f34d45,test
1c3e1a27b3019c3e,test
1c465c0b7ad711b4,test
1c465c81c8aa1db1,test
1c4a50e8f702ac14,test
1c4a817d8fe344a1,test
1c4c6cea66466355,test
1c4ce9eb299c399b,test
1c4dc530f5f51282,test
1c4e3f5bfc8ce4be,test
1c52145663b3701f,test
1c52c2e304b1380a,test
1c581cd47601b1c3,test
1c6bb21bc1635da9,test
1c73d63aeb780b39,test
1c843edcbbfefc3f,test
1c8452f356e79754,test
1c8718ad1bca9efa,test
1c94821ee92ed9a4,test
1c96c54cd119b462,test
1ca4c427ad1553e2,test
1caaccb4cd9a05ad,test
1caae719ffa2cc64,test
1cac9d3a645bfb27,test
1cb2f4a6bed4b85c,test
1cb68aa62af881a1,test
1cc1101a5bc46e0e,test
1ccfeae0bcd7f6d8,test
1cd3daaabb208368,test
1cd55ff901cf3c80,test
1cd7ed941d3caadc,test
1ce3c278777bc91a,test
1ce4f690fd8f3be8,test
1ce5fe2d316cbf12,test
1ced635cd30bb9c8,test
1cfe0441493a75dd,test
1cff586054d01e40,test
1d000ae8aac714c9,test
1d066bde07925fce,test
1d0b5303669fc2fc,test
1d0f054c9f477c5f,test
1d270faa3892465d,test
1d2d1b95f305d837,test
1d31e742b354abd7,test
1d3bf3e45df0e4c7,test
1d3f4aa0302f3975,test
1d43975529a0a786,test
1d45f7951a9bc28b,test
1d47adcdcae85456,test
1d4b2549659697fd,test
1d4cf2a9c69f0a1d,test
1d52fb36ac9dc030,test
1d5b66f5d71fe307,test
1d60bd02009fcae0,test
1d61ef59b1b256c1,test
1d65cb31db57c5be,test
1d6b2b1015df1986,test
1d6b5718e0f099ce,test
1d6d368fa7f34901,test
1d7b472ab4d0c347,test
1d90791200101cb8,test
1d976e51f8e49b8a,test
1d9ddd460430b807,test
1d9e550b4611a9b6,test
1da97ebcfe485f7a,test
1dab64ed3f3017a7,test
1dac597b83258103,test
1db11bed24221c8d,test
1db1596bb4218533,test
1db4a75deb053269,test
1dc86a273f2c2ea2,test
1dd199d75a979e8b,test
1dd24d968d23c44b,test
1de3952223c0066f,test
1de5c261f7a2cc81,test
1deaacb5181ae452,test
1deb67b3c0b07468,test
1df3bc288c0ba94b,test
1df8df5497baa0e6,test
1dfb19408f814191,test
1e1c74f5dc2e54a2,test
1e1cb71c4bb6a6af,test
1e1dd3294b5c8093,test
1e1f764d614263d0,test
1e2375a85f23b9ca,test
1e2a83234cc95000,test
1e328ac50673b631,test
1e32b16480e0475f,test
1e40f487cee9db2c,test
1e42bec3a68811f0,test
1e472c4cfb443927,test
1e4acddfba4dd5c1,test
1e4bfad3afbae272,test
1e521488dd8e3225,test
1e6511c4e702e0d4,test
1e75388cbb12e07a,test
1e7888a6ea16c94d,test
1e7921d3aad7855f,test
1e7e750c5b288172,test
1e7ecb5465b758d1,test
1e825388f8533c7d,test
1e87360a97225a40,test
1e92a7f13816d4ef,test
1e96a6de884f991a,test
1e96d32f3fc30857,test
1e9e8a9dbe05ca86,test
1ea4c3f707ea3469,test
1eaf819993778fe5,test
1eb04d61aeb60b1c,test
1ec058388dc0c51f,test
1ec1ce1812041183,test
1ec28ba4679c9cb6,test
1ec711023df015ea,test
1ec7cecb65c27d97,test
1ecdfee8d6829adc,test
1ed153d4f7439b6b,test
1ed4a1024aee82bb,test
1ed8e69dc8bab92d,test
1ee77edd5d27e37d,test
1ee9d6c50b9e143f,test
1ef8f06cd0fdc48e,test
1efa204f49459410,test
1efb53d257c54d06,test
1efd2725ef727b78,test
1efeb4f709daf4f0,test
1f00e222ee072329,test
1f05347a68cddee3,test
1f0a007ea6e2abc6,test
1f12d92e63aab863,test
1f1ae7e624b2e723,test
1f1af280b27efd6a,test
1f1d588bfa2c48df,test
1f2064c453c07bed,test
1f25eada8260cb97,test
1f2d740b811fb31b,test
1f3251407066e9c3,test
1f3ec59116d8d0bf,test
1f448e65a711dae7,test
1f46ef84815112ef,test
1f5020871a185172,test
1f57acdd317b2aae,test
1f5b2fe52a7f2f2f,test
1f62785615635cd2,test
1f66e6f56b5782b6,test
1f6db587c700a306,test
1f8470757b4473e8,test
1f8a85f6b9d76fb1,test
1f9259f23eb5d7cb,test
1f9cf20dcac902ef,test
1fa5b7724db867c7,test
1fab57630332a8fa,test
1fb1c86dbd5fa40c,test
1fb45765f69b259e,test
1fbbf1e4a3bf0f34,test
1fbd910be683481f,test
1fc2d9b693e025af,test
1fc6fb28ed450034,test
1fd58c3cc64f63b6,test
1fd897ee04682e13,test
1fd92d900d02ca34,test
1fdb0cc3df1bdc46,test
1fe2289856a21b67,test
1fe49fab8dcaabcb,test
1fe72086fc2e7979,test
1fe77b3601dd4b44,test
1fe950f2ab0c489b,test
1feb228f818c4181,test
1ff04626b26add13,test
1ff419c9c84ee842,test
1ff5434134001dd1,test
1ff734b6d74e1146,test
1ffa793379df5fcb,test
1ffbb922b40681df,test
1fff0180dcb9527a,test
200497b96985e268,test
201e3b534d8d9d7d,test
2033a9d53b9f4e18,test
2038cbfe64191b78,test
203a0cef09703683,test
203f3b5dd6262c04,test
20433ab8a7b6a138,test
20464843d7532ba8,test
2049248955cefa34,test
204ecdf49ecc468c,test
205a8b6a5193d26c,test
2078c022e74b3cd9,test
207eccbb44b50ae4,test
20831952c75bbb94,test
2093f1f08adfaebe,test
20945a7944769c72,test
2096c15352494fb6,test
209c01d42418af91,test
209dfa20f208ca2c,test
20a12a93c369b724,test
20a493c78bd99b46,test
20a8848a69c24360,test
20b01ac252f80149,test
20b069c9463bef7f,test
20b3c3f5bc7c08c9,test
20babc60f3ec3a43,test
20bc64568a69ff55,test
20bea696da241b1a,test
20bffc73585d87bc,test
20c5784fa67e9356,test
20c84e8c89f8b551,test
20ceea11bd7d0e09,test
20cfc365dea14136,test
20d7d66e6e420f27,test
20f055cf862bebaf,test
20f3cc9d761b4000,test
21022b66495a1cd3,test
21023c0bf602007c,test
210772ee9c1ca3da,test
2112dc08c0bdf06b,test
211bad532d148aa0,test
211fa4984ec6e352,test
21267ae3b99a6682,test
212ade4ad278dad4,test
212dc63b882ab290,test
21303fb97ea2bbb9,test
2131915364713970,test
21346507589b1a95,test
2140bd9293032459,test
2144456f05295c21,test
2151ac957370da5c,test
21675626e7007a36,test
2167b457906b8386,test
2175c98e6b61151d,test
2180ba487bffadce,test
2183565a53d8756f,test
2184122c7b602cd0,test
218da5cd78af62f0,test
218f2a0018b48608,test
219869ae242d431f,test
21a27b2f529104e4,test
21a851adc238c914,test
21ad16e269fc026a,test
21b49a9ebc490643,test
21b504ef2d2d27c0,test
21bd08694faa4b71,test
21c3e1f1e7bfdd98,test
21c43906a8a1530f,test
21cdd23c23177f1f,test
21d014af4f20c2c9,test
21da5f0997ec2b03,test
21dcd8ed3d669080,test
21f3da20443f084d,test
21f7e54bda0a083b,test
21fd3067706dad47,test
21fd584b30054d88,test
220da1fd62fd948f,test
222102c735ef4517,test
223214691aaaea3e,test
2235f0ff2d8f04c5,test
223c76da2dea3672,test
223d2bc4cc80258e,test
223fb39d909d2238,test
223fd60bc67fc754,test
224201d71c90ecad,test
224681f2d353b379,test
22492f5f4224d0ee,test
22538c23fe34acd0,test
2255973ab3f9ce6a,test
225ea703fb6f76ca,test
2260e04a9a24b15d,test
22652f935d8c3270,test
2269d2be7464f40b,test
2273e026cc86aeb8,test
22779091d065b2cf,test
228ae83c0a46639e,test
228c64db7a0b891a,test
228dee28946a9255,test
22929e06cad25245,test
2296821bc0c806bb,test
22a39be8722fad95,test
22aaca317bd40715,test
22ae9aee028c863f,test
22c0c6e3f0902e85,test
22d3afbfd9c1c541,test
22d5f07b8e448eae,test
22db4a233fb7285c,test
22df09d4acdd8754,test
22e60566ccfd8d41,test
22e65458b1ae3642,test
22e9281e7f647c7b,test
22f6772cb88bf9b2,test
22f730299cc6afcd,test
22fb1a479969c277,test
22fee16eddac84f0,test
23027189e4747868,test
23059303a4647c94,test
2308841d129a83ef,test
230c5ad7eac2e162,test
230da2a56f197d43,test
23105ad0d73a4ed5,test
2312ca09f95ce7c9,test
2325a54e65b97da3,test
233129d2f4ab0b4b,test
2334d2179f693283,test
2336df252b336212,test
23376ff161c18ddd,test
23379bde75a262d5,test
23399a4824fc4afe,test
2349ad56364c0680,test
23571dd6884058aa,test
236153bd990b5b46,test
23625d35d8ceeb46,test
2369913513378ade,test
2373d77d57c21fd4,test
237e49b432951b8f,test
23905704ee0c27f7,test
2391f99c73d814ad,test
23923bfeb690fe42,test
2393149167398b95,test
239cd17f1c2ab80a,test
239da3c102890d69,test
23a9d8b7a20bf426,test
23be86ea11e2af28,test
23bfb9e9ae4e80d7,test
23c2ce6f0354d1d2,test
23c447290affeefe,test
23ce2442641e7a8f,test
23ea88e563d11ce4,test
23ed89b356f95b4a,test
23f2a36c4a5c9f92,test
24085239536c1d5e,test
241ba4bf789d4aa1,test
24225a567b49aba9,test
2429dbab1be92162,test
2436340094a4fa80,test
243b8151adbefebb,test
243e7fa356a7645e,test
243fc82a974249b0,test
2445eb74cc8927bc,test
244693b0bfde36c1,test
244a78df8b75ee00,test
244b9620a5cfe760,test
244ff0dab38be2ea,test
24503de6ed69be62,test
2454dec124dc6730,test
2458d4503e1fb5d7,test
245bc3517955b015,test
245f0ee8533fef9c,test
2465a9f355f5c9b2,test
246c8793370abda1,test
246e1444473838b5,test
248016fc431dfc5c,test
248b788c7339b3c1,test
248b8e1110607986,test
249c59e5bae83d69,test
24a1ec3c1dfc9df9,test
24a29cfc1e97393d,test
24a384d27e8a06d1,test
24b090b3de391ff8,test
24be1f8797b44451,test
24c1c192501b9fad,test
24d27296f6e21792,test
24de6a9f91929f81,test
24e3a97a69f10a27,test
24ed3db8aef8ca8a,test
24f0d44821d8dc0b,test
24f3aab8150729d9,test
24f87c3dd922a857,test
24fc1bff0266955e,test
250121cf3d0d46f7,test
2503e66626461dff,test
2504727b940ee045,test
250c9432efa16b4a,test
250cbeb84845dfd7,test
2511263cbf464963,test
25140ae632d32bca,test
251568aa81028bdd,test
251ba28d4ca8980d,test
251bbe9199552fbc,test
25209c2ec2886c3c,test
252920f4214778fe,test
252982efde9be2d5,test
252db4c3b11da115,test
252ee9a831a437c5,test
2539950ccd326a0a,test
253a11fa93668f77,test
2541a9a08980d8fd,test
25483844f043bbc5,test
254b03cf642b1abc,test
2556bc520a2e767c,test
2558cf740840d53c,test
255b49b123e76207,test
25601c38d08870c3,test
25626dae435074fe,test
2564688b13e8540c,test
256c410e012bc1cd,test
256f4c72601df824,test
2572e385886ef15f,test
257f4816f60e89ab,test
257f7ce69fbab37e,test
2593b018d37893b2,test
2595c903238c68ce,test
25963339e2befcac,test
25a26fc8df0cd1d6,test
25a506a7a4be7e7c,test
25abcb7bcb37c5b0,test
25ad1bdde5d1b4c2,test
25b00830dc4fd4e1,test
25b3d1b5fded650d,test
25b9b7f22e9f3415,test
25c4529cd5b4c34f,test
25c4e8d8540ce7cf,test
25c6fe55f3d08142,test
25ca176843ff0785,test
25d1dbc544c245bc,test
25d7df6344bddd37,test
25d8ece808de3277,test
25e3fc5f3d7ffdd8,test
25e727722d4d7122,test
25e85b81d5c25b8d,test
25f5849136465541,test
2602f28194da19a2,test
2604ba985e18f903,test
2605ac2e541c185b,test
2608d6ff291e1c94,test
26134059ee75c4e3,test
26191b4150d517a4,test
2620cfc5e86fea83,test
2621e6054d6ce10d,test
26228e332ad99050,test
262301def9e86997,test
2623745a3dd02d7d,test
2626bac75bcac2e7,test
26351a6d822076f0,test
26371ff78b1a9dc9,test
263897cfdc311195,test
263d004a8dc3578b,test
26448afad3cffa96,test
26485cee9852ee4f,test
2648a2601df20b46,test
2650acb84b526a77,test
2654f5617ef6cc4e,test
26552c224687c1f0,test
265b7fb5f9787909,test
266232fffc0b8370,test
26659b4543581d89,test
266e8ea014494a98,test
26701755ca168345,test
267c0ae501d93e1f,test
267c95a91ca354c0,test
267cb1ec691a6b18,test
268466e76a606bd0,test
2687c94bb16111a1,test
26922429c9dfef44,test
2698a98fa42bbc60,test
26a35d2193c5a7d3,test
26a40076b3500438,test
26a6a8d43e026702,test
26b2f570468408c8,test
26b3d71043e98ecf,test
26bea302542c0025,test
26c067da1d49382c,test
26c35c89d7b5d333,test
26c91097dafaf210,test
26cb42be88fba7d7,test
26cd5a70650dcd54,test
26d0c35ac93e723a,test
26d138963cf9d6b7,test
26e32ba96089fec6,test
26ea68ac2317bd34,test
26f209450e1934f4,test
26fe340dd90e4c6b,test
2712d14838000e9c,test
271d047a6959bab6,test
27258c7589ad7c75,test
272a1c8af2b4dcc5,test
2733c726728e84b8,test
2744d2dd4f09654c,test
2749edc4f2bd3aff,test
274e111a00261cd9,test
27661a70fa723a71,test
276645e36944cf17,test
2769e7f2918104dc,test
27702c901b7f39ef,test
2774727521087656,test
2779d1bd317c8fb5,test
27826e3acc7a29df,test
2785ce3379dcbb44,test
2788a9527c7a199f,test
279071c13a30db99,test
2790c562d554c6d4,test
27969c379ce89f67,test
279d6a55039dff6b,test
27a0b1fdace21c6e,test
27a2e246d3909abc,test
27a5a5e99cbdb12a,test
27ae564c86cc3007,test
27b74549ef918f53,test
27c0b15361317556,test
27c9b63264221931,test
27d6a8924e646d94,test
27df8ee1a9e41cef,test
27e322ea7bc86d8b,test
27e8f45e28ae2678,test
27ed55fcaacb77d4,test
27f595ba50b003dc,test
27f63a7c61d54791,test
27faa9dd15b0126d,test
27ffa1f5455c8c04,test
28028bb14f5ea81f,test
2808ec1822b272d5,test
280b71c2ea5c53d5,test
280dc406129eedec,test
2810cf380ff1a2f7,test
282abc4bc85ad04c,test
28350db7a73687c2,test
28386d564eae7ca3,test
283fad261d885ee2,test
28420e51fbcc389c,test
284359c5bfbb4e86,test
28445057012d3d38,test
2846fcb4a3798dec,test
284851f99764bc22,test
285c9ed3b4f37efa,test
285e25098a9a3397,test
286300cf380542d9,test
28698ba72bb57ac5,test
286d229af30437ec,test
286d78508ff9f233,test
28728db8ce85a561,test
287c538765a0d0fc,test
28817f959df02ae7,test
288346e7773d1373,test
288514e81dc77cd7,test
2894a13f51b5fb6e,test
289d9169db52ee50,test
289e4cc53f9f4fa8,test
28a4f9b935988180,test
28a7bb1355b06704,test
28af26d1a474624a,test
28c7fcee1530256d,test
28cbcf2e26e7438f,test
28cd290d2182de98,test
28d1c5e87faf848e,test
28dacf94b6acbb18,test
28e3454545a61992,test
28e34e89db59516a,test
28e4825620f0e74a,test
28e7dee523bbbaa7,test
28e9350ee656f37b,test
28f34f490a40c87d,test
2907bcce28fb76d2,test
291e29e87ffb7957,test
29218be04d84cdde,test
29218ffab1852e35,test
292b86144fb01f14,test
292cd3fabd2e55bc,test
293249943e226c5f,test
29328dfeaa776ae3,test
2932cec234ee4939,test
29367be9812fd800,test
293730768fd7743a,test
2938a4502cc79b59,test
293d7c8fe6005f33,test
294b214b17353abf,test
294b528524062b4f,test
294cd2c00ffb0567,test
294dac3044b3b540,test
2958485487ae6f48,test
295911d3d0773770,test
297074a87babd1de,test
297f58668b260713,test
2986b0097e5dde2a,test
29886a2b459f6e2c,test
299976d08abdbb3b,test
299a2c7e05ee0268,test
299f870c16645d3a,test
299feb2a2a295bcb,test
29a3c41669842498,test
29a837a9c5078336,test
29ad98d0a42c704b,test
29ba6f0c579acc54,test
29cfd54b114a940e,test
29dc7703db3abe61,test
29e086bfcfb5d262,test
29e75ac8b5b935ae,test
29e81a9671851a4f,test
29e8a0f718e02970,test
29eb4407bb529d16,test
29f44510d172ff1f,test
2a0409e56cc9a63f,test
2a1f60e1a0d0c73c,test
2a232c16976378ca,test
2a2c8689c534cb76,test
2a3585af5f0119ce,test
2a361e782bc3918d,test
2a37c409ed2b4bfa,test
2a3c36a999cd35b8,test
2a3ea85ab7fca3c4,test
2a47635f8a922ee7,test
2a4ba84e92789559,test
2a4bf835987719aa,test
2a5077a327e7ce2e,test
2a54413cbf2b86c4,test
2a5dd6ab7c175657,test
2a5fd119531978a9,test
2a6fbef4330906aa,test
2a76ee87ad97d9d0,test
2a7794e75f448585,test
2a7fea69db4cbf91,test
2a8d254056e8749a,test
2a92a70450e34927,test
2a9648131f39fde1,test
2a9ecd8721616b58,test
2aa6125faca4c963,test
2aa71e8f0e6504e8,test
2aa8c5c1ae85b191,test
2aae7398527f101b,test
2ab0bd8a67ce52b2,test
2ab17bae0758f44b,test
2ab482402bfc87b9,test
2ab50f8928b077e1,test
2aba90bccd7b1b47,test
2abdd22157c9ab24,test
2ac1ca67d6786179,test
2ac8827530f02ab5,test
2acc0aeab7dbe939,test
2acd2674fd6e90cb,test
2acdb3726f30dd92,test
2ada6f9f07921855,test
2ada84400907ec4d,test
2adb94494be0d593,test
2adf81c69f3a3890,test
2ae25af753bcf109,test
2ae3b5a3c6afa9f2,test
2af0a9b4bc8fa140,test
2af690b14a5fd457,test
2afd5afd2a9b06e0,test
2afee886086b5760,test
2b0550870714a0cc,test
2b1e97f13ec9a7cb,test
2b20b372f18fd42c,test
2b215ff77af860dc,test
2b23e2f5b5a3d6fd,test
2b277e76294a00bf,test
2b305dc629257fe1,test
2b313bd50ba6eda0,test
2b3f23a096947e64,test
2b3f797d45aed02d,test
2b4315c4b64fd4f0,test
2b434a44fbd61731,test
2b43f5aca7b14abb,test
2b458717023e7005,test
2b47c50d5f392d4b,test
2b4c287c33a43b9e,test
2b4ea3785c950618,test
2b533e0506f3d82e,test
2b5551c3266a7eaa,test
2b617e626544e2ae,test
2b6458ae23de4896,test
2b6509deb2520504,test
2b8158addb0daa7f,test
2b8e7f5dbc44843a,test
2ba67d26e5f63509,test
2babf49915cec2bd,test
2bb4580f389e2de9,test
2bb6599f224d388d,test
2bc0d590b5bd7ad0,test
2bd1b372bda5c316,test
2bd983b309b85e60,test
2bdf9d7f1d982cfb,test
2be47c1e0684d6b1,test
2beaa71fcb6c655f,test
2bebb3e2ab68734b,test
2bebc4b7de2648e3,test
2bf2a01afa04323c,test
2bf2e015cd845360,test
2c0b3c29dc39ae27,test
2c15b960a3088dc7,test
2c1c8c83c5965c7b,test
2c1ce40e5cabf2bf,test
2c29627951c14f20,test
2c2c3a7e776b5d89,test
2c3185df3e15e6aa,test
2c364dfb266d9118,test
2c449246efb33b45,test
2c4c5b2d3b9aaa88,test
2c4f1e3478cf02a8,test
2c516a501a254871,test
2c5731e70899433b,test
2c6e13fb447bf8d5,test
2c7fe36fd9f17413,test
2c8c174b2ede88b9,test
2c8c41a446152a07,test
2c91408edc033de9,test
2c9d26f4a8253c2b,test
2ca3040666cd0d2b,test
2ca7adc76002c5f4,test
2ca87135eade132f,test
2ca964ea8550967c,test
2cabdcc7fad8d6b1,test
2cae183ff349ac96,test
2cb950f439b179b5,test
2cbb316a2f5d24cd,test
2cce84ff7709cc7d,test
2cdffd31e41e29ba,test
2ce65635943f7d27,test
2ce6638a7a91746f,test
2cebc96d4c161cba,test
2cf05c88c4751f8b,test
2cf9a7510c3d42ac,test
2d14c16bc2fc7c80,test
2d150f8128052ad3,test
2d1a23243aee32bf,test
2d35e6d148a77be1,test
2d39117574b59551,test
2d3a36d7db1505e3,test
2d43e6d8a7754b3d,test
2d500ad130a8a214,test
2d571341f6fe9b75,test
2d5ecce0887da512,test
2d617f7bc503b1f7,test
2d6e57dc9532d68d,test
2d78f966ba1e1f26,test
2d7c1f8187c5fe90,test
2d7deab4a1c68109,test
2d83b28da07c8d1b,test
2d860ce3cb00feea,test
2d8e06b443a2a3fa,test
2d8f824cb29d3750,test
2d8fd66d04d19fc5,test
2d95069bca5839ef,test
2d9d5abfbf2361f3,test
2da49d5ccbbff527,test
2da67b716f577117,test
2dabc03d483b967d,test
2dbc177c7d6b731f,test
2dbd57b72e9b878d,test
2dc98cc2161ace08,test
2dcdbeac55147e06,test
2dd716257d850483,test
2ddbbc75b8639e0b,test
2ddbe194442cd16a,test
2ddc93fc4185e186,test
2dde8e618b9b1dae,test
2de416b6cdfc6c6e,test
2de4305183ee495f,test
2dee4791b16c5eb1,test
2df2b691608b6905,test
2dfac98989b5bf8b,test
2dfcabb1b9f74210,test
2e0b7565cee9b818,test
2e12a04b1066c383,test
2e195e1ce4f4b2f0,test
2e1f485c834bb5ac,test
2e20845bc4540c86,test
2e2d4d20058f3d40,test
2e2df2d079864fd2,test
2e30af3708f48580,test
2e34dceecc90eeea,test
2e45ac10538bce51,test
2e4a6f051659f601,test
2e4ac63617bf21e1,test
2e4efbb6211957a5,test
2e504f92a86e3da7,test
2e54479da0677f5a,test
2e61b65cba0a9ed6,test
2e629bea05b17fff,test
2e6b7af30112544f,test
2e6b8597ce95b0f6,test
2e6d575c6dd22f11,test
2e787ec0b32a3fd1,test
2e79b35cbdfeb89f,test
2e7d67d578811209,test
2e87fbd222295c8c,test
2e91f4834f43d815,test
2e93fa40a86ce279,test
2e9b49e97fcae162,test
2ea07fc64ce247bb,test
2ea11ee6bb12bec4,test
2eb7412ab9eb95d1,test
2ebd32b1684c2176,test
2ebf0e9179412b75,test
2ec2cf06b5b0154d,test
2ec6049639d1ce6d,test
2ecbc9840fe334de,test
2ecff3bc74cfbd58,test
2ed75dee53ed415e,test
2ed8b73e67c2412f,test
2ee123752aa2557c,test
2ee1a23618e7d43a,test
2ee38f69a21ea9ce,test
2ef22967c067a7c7,test
2ef4e87527f5800f,test
2efe67facf334be4,test
2f0003deb4f219fa,test
2f0493807fe01599,test
2f0b6c5eb2577a8d,test
2f101e39e56e084d,test
2f352fb9117b2832,test
2f39e5df9ea97bf2,test
2f3fa446c52d309f,test
2f43a7c9602d3263,test
2f4ff6d8822cc92f,test
2f52d59b011b37ef,test
2f5634f6243d24ad,test
2f670edbaf42b2e8,test
2f7070aa5a4116d4,test
2f779e3246b89c1d,test
2f8a35bbfe2b3ae3,test
2f8e15e22c36c513,test
2f97f76b6a1fe7f8,test
2fa6fc7871af5847,test
2fab4a595e156e43,test
2fac688c5a15470d,test
2fd03793c9afcd1f,test
2fd8ea6c992c7a75,test
2fe96643dbe2dafd,test
2feb5f66386a5b9b,test
2ff6a1516444390d,test
2ff8d41e9bb8479b,test
2ffb7b2fa56a00b9,test
2ffe12ebbaee116b,test
3011f32e9e1a7659,test
30148b8854efefdf,test
301da5d912f99388,test
302156925b1658f5,test
3023abe77303c189,test
30257fbf023f1ea4,test
3028c3152b189c4d,test
3036e866813d905f,test
30420b797943e318,test
3043264be573ddd8,test
3043dba2bc60f7a6,test
30549e9c23f182da,test
3054baf96ba0adb7,test
3054eeed2521dbd6,test
307445870ac85e1c,test
3075f79d929cddde,test
3077ffb7b55b9af7,test
307a9e46c4bd7bce,test
30a5d105d031bd7e,test
30c1c13b3fb7d1ea,test
30c90934758632d0,test
30d7521f03d4196f,test
30d8347a6b1c25b0,test
30dc3112fabd33fd,test
30ddff02ff51ee6c,test
30e1471a0d54d722,test
30eb943a60d7622b,test
30ec54be5307ee20,test
3100fa8d2dda4872,test
310505063efaf61e,test
310ba413384a014a,test
310c37decaeb4858,test
310e04c8d2d6f804,test
310f197afc9af093,test
311374f07b1fc9b4,test
3123a6d73e4cfd9c,test
3124df5e53343199,test
3130338b737c1ffb,test
3131c0de0fab96ef,test
31331f9d775b5a01,test
31348f894f0a27cd,test
3137961de035edee,test
31389b187499c872,test
314298b744c35668,test
314d9503bff36621,test
31515faf486a1f5a,test
31628c4ed8318d39,test
316b6ed7eb4995e2,test
3173fb2ce19ae993,test
31744f9e26f46746,test
31785b5c33416078,test
317cf664de8eecf3,test
319486d2bea224b8,test
31a06bf9a4244139,test
31a0e2fddf13a335,test
31b0c7aeb3ffe5d9,test
31b1038f529ce0fa,test
31b3bdff77055b5e,test
31c1eff614f2bdf0,test
31c38507525ad788,test
31c99577a76291ae,test
31d01051c0b70db8,test
31de9caceb749117,test
31e67c3e2699e1f2,test
31e886777200e1e7,test
32026be6782871a8,test
320518a890ba9bcf,test
320a0090bfca1c52,test
320ad28439d49574,test
320dc4dc3be9cd9c,test
322219437f42b2b0,test
32230c03f3482ba4,test
3229c87b9d1030a7,test
323254071a65b59f,test
3238c262ae43d899,test
323fb4b5ddebeedb,test
324177bac7e2bd5c,test
32433eaa6a46ffd0,test
324b68201e2d99dc,test
324bba6151557d2d,test
324efa2c20fa1a48,test
3255fb9e59463473,test
3257456daf96977c,test
3262ccb0e5bed9c5,test
326ab17175de1950,test
32722578edc2803f,test
328abe0bf7a49ac2,test
3293c13041143fbf,test
3294fe489e08fd2d,test
32962437dcb2ca4e,test
32991f0377e337e2,test
329da25ffca80f69,test
329e0b3ab61ba4aa,test
32b2ffed6eb45166,test
32bb4cf8ba04ac09,test
32c58570a151437e,test
32cec6c711acec8e,test
32d9d52ab8819e7e,test
32dfb240ff13ebf7,test
32e2ea294317e4d6,test
32edb56ce802e3f5,test
32f3eb240e400270,test
32f50227d722473d,test
32f7d7cd8c9f355b,test
32fc69b2e557e58c,test
3309b91d3f647f42,test
330efeb1961861a4,test
3316a3caff3f221b,test
3319bbdeb17f2eb9,test
331dfbdd72170440,test
33200e5b79ecd6b8,test
332147f9c6c34584,test
3323fd0ce8e18a26,test
3325d90b8e90885c,test
332a0b6ace7a16d2,test
333b6bcd94ada68a,test
3343c8daafdfe7ab,test
334d16599aa002b5,test
334f1aff916fbfc0,test
33563f4a97270744,test
335c9a0b44d604c5,test
33605cd6520f1802,test
3360c37324e32240,test
33613ce027d7599f,test
3363cea71ab02dcc,test
337413ae19f9020f,test
337be1361e821253,test
3381ffe849b1edea,test
33924feab1f11824,test
33951dc896eea812,test
3396c4cbe904b7cd,test
33a052a671dfeb40,test
33a1a87ddcbff682,test
33a1f32ef24b4cb8,test
33a4a4de0ecd7521,test
33aa0972d891496d,test
33b5ce98646a0dc9,test
33b78fb1a707fd4b,test
33b798ff1fe26d75,test
33bc19942e947973,test
33be34372a208ae8,test
33c020e41490b923,test
33d1944d46b543ab,test
33d8fc0719633f14,test
33d9f1d34d78e9d2,test
33e0f2166b5fb2ff,test
33f89520433d851c,test
33fd70acd2e86705,test
3403b4c35077c4b6,test
3404256a7d27ee89,test
340451c15c30492c,test
34306e01f976fb94,test
3430c46a16b217f7,test
3431d76f0fbec1af,test
3431e760be6dc022,test
34358f71139ff267,test
343915135c2495d7,test
343c7606fd9fbcf5,test
345082d0a0b62c95,test
3464db30c5e24a95,test
3471c62791829ba4,test
34763c46613f9561,test
347cbbd06c231ebb,test
347d76dde3adf5c9,test
349802da8cc9e3b7,test
349f267d5a24a340,test
349f67c6f52bb47f,test
34a687866f1bdd12,test
34aad9301a4974f9,test
34ba19b773aafc8c,test
34bac8ddafd29a21,test
34c7758ec45111ca,test
34d07572a9f40a3c,test
34d134b3b8b6234a,test
34d3003f129b4c15,test
34ec3ff3998de0b9,test
34f4696d96161879,test
34f76a41ad8b158d,test
350552453b8acec5,test
3509503153bfa703,test
3513a44721d37ff8,test
351a751a8c5152e5,test
352a73bf40a4c31f,test
3533071cb16039b0,test
353837423cb59223,test
353954c3dffba577,test
3539c41a6931a376,test
353d33e903fee123,test
35402f3ebfe7c5ca,test
354105a7560ac011,test
3546fbdde38110d1,test
3556702b8c7a079d,test
35582680ecd79690,test
3559238c8868374e,test
355b86d6939fd6a9,test
356462fcadab479b,test
3565d0d47b614f13,test
356a8a9fb2e98167,test
3573ffb484762f7d,test
35794bdb1f17e30c,test
35872ad9efde9112,test
358a35e5e1b68ee5,test
358eb38380592360,test
35a1cde7a93cb2fa,test
35a2f1593f2e3699,test
35a6d02b9c1136b3,test
35adb4099ada4746,test
35b0fef664e81033,test
35b31097a877cf8b,test
35bec18b93b8b119,test
35cec70f70438b97,test
35dc3d176f5662fc,test
35e38a97d0fff9bc,test
35f01d00057e46f8,test
36016f2529fb71d4,test
3606b49098795247,test
360b231d3dc122b6,test
360b512aa23b60b0,test
361b8630607ea818,test
3621ed054d6a1a8e,test
3629a360cfc33d27,test
363a8454b62a344c,test
363b9e30a86dfa09,test
364f0e659e692691,test
36687e8796472857,test
3668a2983ff084b9,test
366c5f93198343ce,test
368a012e3295a799,test
368ed54403ecf175,test
368fe8f9dfb9ebc3,test
3691b590430c8354,test
36921a1f46192eea,test
369b192256222785,test
36a82d1da68064f3,test
36a99f8cc93f36c0,test
36aacab692f6e31b,test
36aaed02449da3f8,test
36ae41390a00fc62,test
36b91fc659cb09a5,test
36c183dbd3bd5906,test
36c41647ed3bd2f1,test
36c46e1a1b0b7eda,test
36d89634135cb619,test
36d9ce9d993c5c00,test
36e17e5c3f9700a2,test
36e5969a1a7ba476,test
36e7bf12c78d73c9,test
36f4316efa6b2d99,test
36f72010405dfc36,test
36f81918569a0d28,test
36fa00c2f87a70c5,test
370444b5fc8797b4,test
37102d9b03fd0ad8,test
372c4e2c8b978780,test
373407803648817f,test
3740fd4d9f0d1a4a,test
374c699b70b343a7,test
3758638264691589,test
375a21ec3c3ef849,test
375b381eac8b54c8,test
375e5991158bd0a3,test
37639dfd64abc557,test
377142a0608c37ea,test
377430e67d7a9e8d,test
377a7ec95c005ad7,test
377e6193653f2842,test
37968cd492810d64,test
37bfd60d41a67c62,test
37caa7620e6b69c4,test
37cc786d3b7513f3,test
37d8772db52a2dae,test
37e1e54dcd2706ae,test
37e2e5b46a3bd17c,test
37f7c68970a6dc18,test
37fda4c5c54d9de0,test
3802aacc89d03bfe,test
381b094dbe9659a3,test
381e9b9319f6a8b4,test
382608759d097dd3,test
3828e33e5f48da3e,test
383359cd336945e4,test
38339308cc4b4dc9,test
3837504632f89334,test
383b7c1616602252,test
383e24a2d3f7819a,test
384b3f056c64a45d,test
384ee04e8e482921,test
38520ed7c63e47c5,test
3852475c1e96e02c,test
38545f9f1836ccb2,test
3856c1964153a408,test
3868d4750e5a0976,test
386a22b52d1da3a7,test
386c4f5c29208c2a,test
38837e662afb3a01,test
388673783678e7c7,test
388dcee604c96d12,test
388deebea3bb1751,test
388e696b7672dc8c,test
3892e8d14fc44b2d,test
389a565669a2b3ac,test
389bdabafaf93a9e,test
38a0b88668c0b1d7,test
38a3f52fcdf1da7d,test
38a777617feec8b4,test
38a8ca6a307e7d1e,test
38abae4b49b0f476,test
38af508fe018bc83,test
38b5f1c0639ce746,test
38bfff793c040824,test
38c7e23a12550a30,test
38c888a689d8cced,test
38cb6949cb0525e9,test
38d8f2abdc454b2e,test
38e0d1c449757556,test
38e611dca1e731f7,test
38e6d8a10b2c059f,test
38fb7e5ce2b44c64,test
38fe6c1b076b54a1,test
390611bc7547e3ca,test
39069367c16cb4ce,test
3912326783adf550,test
39128bd4ce84ac4f,test
391ac25180bf7947,test
392cda6817f3f980,test
39430cffd7d79281,test
394855c528d7c0d1,test
39486a98c15bc860,test
39537b4d5085dfb1,test
39628a30f7a3afe2,test
3968840ea9702a9e,test
3970bc017b482b7e,test
3973d72ab7512279,test
39762c30d8f7f8b1,test
39895d8499c416e7,test
398c52ab50e6c889,test
3995f508a4ca9819,test
399afb89cf5280c6,test
399f7b21d43cf697,test
39a52671eab606c6,test
39a83a830b9dd0bb,test
39c17c8f8576c602,test
39c50dc376f94982,test
39ccb9280b3866ff,test
39d7023da6d15449,test
39d7c35c7c316f6a,test
39d7eb544f2c97a0,test
39e42f2f7b76a86a,test
39e62e4c80851aea,test
39e67898377c1383,test
39f9c3d492d75caf,test
3a063c23abb7937a,test
3a0a0bcc5e53172a,test
3a10dae64606fdeb,test
3a138b4b45f11f87,test
3a485d80b3cacaf3,test
3a51035e6c419ef2,test
3a529e683e2c171d,test
3a53fc1000c25f92,test
3a572e7d59b71594,test
3a595ac13a11c6f4,test
3a61f4b83106ada3,test
3a653f063c07d507,test
3a6cd159497d1228,test
3a72604b467d8c20,test
3a789f84cf5efb8b,test
3a7ce316e57c1ea6,test
3a7ff20bd74a7c50,test
3a8e34c718f83d5a,test
3a9a20f2debad988,test
3a9e4e37e2d9db8b,test
3aa1a1ed43c81ac1,test
3aa249990510446b,test
3aa66cdbb3d053a1,test
3aa6b276a9a3c906,test
3aaa814086292c5b,test
3aae8132be9ddfd3,test
3ab05ce57c12d5a9,test
3abd0580523c0b13,test
3ac469b584237c18,test
3ad317217a4e8b56,test
3add26f3fd6642ab,test
3adfbdeba7686457,test
3ae091c25d9ce7b5,test
3ae2cc1787b1b520,test
3ae3ca4b95474516,test
3ae814bd72e0144c,test
3b002d96adee06d5,test
3b228d0e6cae834b,test
3b2857098378b73a,test
3b2b6577bed4eb43,test
3b2c2bb3ee2ed5a5,test
3b2da8eb527598b4,test
3b365d35d22262fb,test
3b3c2fe95723b093,test
3b42941db9d9a3ad,test
3b429c278d2a37a3,test
3b561e2b4c42e93b,test
3b56e2799ae3e9d1,test
3b58f91fdc4c9640,test
3b5da45ced4026d6,test
3b5ee5ab5f417594,test
3b62271e786efe4b,test
3b7007b953345f9a,test
3b70327a9c3ebb44,test
3b76d387140ba6dd,test
3b782683ecdd0a0b,test
3b859df6eeae6dd0,test
3b88f47e4c6c5259,test
3b8a6fcd0327c8e5,test
3b8caae445951709,test
3b9479b6ebea51d4,test
3b98c70096902772,test
3ba3bebea3e276f0,test
3ba6ea8c7e5980d1,test
3bb433db5580103e,test
3bb564216f115b66,test
3bb833d72cb678e1,test
3bc36b22af943816,test
3bd0b971ca70cc38,test
3bd23e5ab93f46ad,test
3bd43f19231e29d0,test
3bde6886ede0375e,test
3bdf195b6bc4ce23,test
3bf0a8130dc61e1f,test
3bf80d60a596437c,test
3bfaa0855dace5c7,test
3bfebef598c1decd,test
3c013b08ef33d56f,test
3c0e3aff371b84c0,test
3c14e31a70e97bf9,test
3c15049b2664190e,test
3c152072225c4727,test
3c1957aab722c3eb,test
3c1fb52938bfe542,test
3c25e5614c45bd26,test
3c2667a9906e1e7a,test
3c2898883cb9ac12,test
3c344f536a670fd2,test
3c3868ab7227cad4,test
3c3e471fa9ecc32b,test
3c3e6bf976075d35,test
3c401ff9a20db90b,test
3c40b8809d873859,test
3c42a7a6893c0bb8,test
3c4f7dfd57d873f1,test
3c5318ea6355e599,test
3c55ad4dcdbc06e2,test
3c643e851eb149fe,test
3c64635a4d40f866,test
3c6ecd2b9d66c5ea,test
3c772eb847ac257e,test
3c8279121d19093d,test
3c8ac003f8bfa76a,test
3c905c391b82fa41,test
3c91bfb08e6e903c,test
3c945ec820c4a55a,test
3c9c357100c63bb4,test
3ca921d3fc01449e,test
3caa77c3886826aa,test
3cac333ddb3cc6a7,test
3cac6cb5331efa69,test
3cadb79b37f93610,test
3cb18bfee6f74d6e,test
3cb49d0681738e19,test
3cb617daab39a8fb,test
3cbe78c096b1b50b,test
3cc4f290bec456e6,test
3cc94dc69080d5ec,test
3ccfaac4c502bae6,test
3cd949bef2f1bdf5,test
3cda9a365c5ce905,test
3cde6b1540c32737,test
3ce6372c84cc7723,test
3cf1eecb81eaa33a,test
3cfbe837ff3bfac8,test
3cfde7ce44518864,test
3d0c4ef50a252cd2,test
3d0c8d49c752a4eb,test
3d1f192f11f05417,test
3d23764d3a1bee44,test
3d2741c2be47f63b,test
3d28ccf6a220db6b,test
3d2b3f6014af7c60,test
3d31c8f513527650,test
3d31e2021975e390,test
3d3a133951616f4d,test
3d3e901322db51c3,test
3d41cbde4e4602f6,test
3d4a85a047272725,test
3d4bfa4b6b78dff2,test
3d50fb122a32d642,test
3d54454e3ee3f22f,test
3d5463ad5c6e4233,test
3d624f58c0ccd899,test
3d681faf6ddeddea,test
3d6cc7e990cedaa9,test
3d6dc0d35a894027,test
3d718b50701a7a0e,test
3d7ff0e7bcecab30,test
3d90ca54fafa78c0,test
3d9987a0f8174fca,test
3d99a6d79d85e8ce,test
3d9d3c913957b9b4,test
3d9f9f1d815b32c8,test
3db07abe3934fab3,test
3db188985d5e93d7,test
3db742524454b101,test
3db9b6bd54461ca1,test
3dba41d8bc9be0bd,test
3dbd646fcc3d722d,test
3dca8158be9e17d2,test
3dcc71cdf9e47e2a,test
3dd0a3b7f25ce196,test
3dd3a3e3bdecb04c,test
3ddb057bd9893ac3,test
3ddd1def5e8ff3b4,test
3de08acd8e4c2b2e,test
3dea6e0ee6706d00,test
3dea7fa6c86fa6b6,test
3df029fdbe2e0dba,test
3e0af24e03cb47c3,test
3e0b90e40b55805d,test
3e0d4c4ab814b450,test
3e0df9ffd59fc37a,test
3e103f0edf18157b,test
3e22efbe713c38a3,test
3e253661d22553a3,test
3e345003956b1cab,test
3e41d7e93440472d,test
3e5e61e3886c413d,test
3e65837acf369daa,test
3e67089ddfc0ae93,test
3e6ea410bdd6b9c9,test
3e7407bbfe8c6998,test
3e7dd1ffe044bb30,test
3e7ee0d520e7fc86,test
3e883fb7d078c36e,test
3e8f85d3aa281f78,test
3e9fd7318f0be508,test
3ea3afbdd875df1e,test
3eb2ce7946b86129,test
3ec6d71ee03f649b,test
3ed12492311916a1,test
3ed59e7fc055a5e1,test
3ed952b9cd49fa8e,test
3ee0f999dab55f19,test
3ee6f4f9539ed50d,test
3ee81e5c124eb0f1,test
3ef44c987026f551,test
3f03dfe5ef7eabd7,test
3f0ae7f7171adc8b,test
3f10326116639565,test
3f20632b7d239e5d,test
3f2a11420647d153,test
3f2d95f01d4292b0,test
3f37b731d2981045,test
3f41a8227c7d29c2,test
3f4340c829d24899,test
3f468b092b782dff,test
3f49e23388bc4c07,test
3f4ab97e56bb7c69,test
3f4ccc3328eb2ad9,test
3f516f6c3e9124ad,test
3f6042e3b7e213a2,test
3f82502fdcbde35a,test
3f959e84f91bc58e,test
3f9ed6220442b978,test
3fa1185d27b6722f,test
3fa14902cc84f774,test
3fa600aac1daa827,test
3faa2aa5e413beea,test
3fb7252253369862,test
3fc2378886341624,test
3fce2a84e1722851,test
3fd25a531f3f5a3f,test
3fd355f308a6b1e0,test
3fd536dcb80c510f,test
3fd7263e75552f01,test
3fd897f20cc84ade,test
3fddad7a596b216a,test
3fe29d2034d2262e,test
3fe63d878e5193e2,test
3fe8d24baec85642,test
3feac45b1b936709,test
3ff2caae63588fc5,test
3ff7a7e7016d3e69,test
400811c816c50d9b,test
400c6730d3e48a8f,test
400d5d07a5d73cf5,test
4015203b8f422285,test
401a52afc01c5120,test
40200b83b1ae3f43,test
402033d810344d71,test
4021ef906aca1b03,test
4026815d043688ea,test
402853595bd2d27b,test
4029f8eb81684ee2,test
4041ec4613321c5c,test
404b80578b1cff01,test
40578814959ae365,test
405bbd4075b2afb5,test
406475802335a5b1,test
4065fc33a19fdd65,test
40670c5c6c7d1994,test
406a4cc326fb0b6f,test
406c10056edd07f4,test
40774a0f3cf90d4c,test
407c549b9208bf62,test
407d56ee7280774c,test
407dc8f1dd828eb5,test
40938865141fa38a,test
40a0b6d73a9bafd7,test
40a8359db8c9d2d0,test
40afc68d7220515b,test
40b024eb955872a0,test
40b31fb3c7d30035,test
40b46f87734ed832,test
40b872ea3fa71667,test
40b98e30cd9bf711,test
40c02aeca76d2d9b,test
40c3cf989622a419,test
40c8c9a1df8c3b3e,test
40c95b1fd7261705,test
40d5c5104da0eb1f,test
40f74e087cf4efed,test
41003aed7b1f4354,test
410464835c11f66f,test
4113af7e1a004f7e,test
41204524b1097169,test
412482a08367b159,test
412cbc6f264a0eb2,test
412f12db77b4fe51,test
41337c5242aecb0b,test
41382038d0779949,test
414b9b5b4eec95f4,test
414e09bcbc6c0ffd,test
414ef6c43be09ea7,test
414f9b4f3d046932,test
41587deaa515de79,test
41629cfe389804d6,test
417123284ce62d32,test
4173d84ce3b293d7,test
417b71fd69ab6d10,test
417ef77cd5b157fe,test
418e3c585c8c26eb,test
418f44fddb6c56b8,test
418fd37a0b134782,test
4191e06218b9393f,test
4199c80b2d875840,test
419af283de2ea05b,test
419d663a603bf07f,test
41a1639bbb2fd1fb,test
41a8a223282632d9,test
41afaae8c3fbdb25,test
41b58e2eb29e3541,test
41c4c104018db22f,test
41c6260b15d45aaa,test
41c74f8f25d78ab1,test
41c7dbaeee5ff103,test
41d1f64b6081eb69,test
41da8ced0bc72f7f,test
41dc736ced5ea4ba,test
41dd74317d996464,test
41e9e63719248f10,test
41f46c92cb64b8cd,test
41f78f3ae7957cb5,test
41fa21267346d8ce,test
4203de7e5c2e0a88,test
4204a14f2879cd67,test
42079ef0bdfdd06d,test
4210690e33b78d12,test
421b918c98b96af0,test
421d467e744bc9e3,test
42218a893993d441,test
42291d02a5c45dd8,test
42322f695880141e,test
4238c1b64e1cf60c,test
423b6178b3f05a78,test
423e65c0ec2be37f,test
42460a2092effa2c,test
424f68221595c277,test
4259ccb01877d1ec,test
426b8fe1212e5c0c,test
426d86bb424fe14e,test
426d8cc46d724c61,test
4281d8dd2966042c,test
428973eb034f4f42,test
428c094276dc784b,test
428fbb430ffffd6e,test
429f0987f696489e,test
42a66da3f8b9c654,test
42a7c47eeb1be7e0,test
42afd19862544d2c,test
42ceceaba1847a84,test
42d44a49bec38988,test
42d779ea4309d31f,test
42d80597f7fa1a1a,test
42d854fb2b913c98,test
42f5002f7d132774,test
4306ee594d3a292c,test
430f26b4a46d6583,test
43196c1701dffadb,test
431ba5066acf7618,test
4328e685df7dd48c,test
4331402c8edf3f26,test
43392d7f6b73a49f,test
433a207bd8f00ee0,test
4341e80aa91b0123,test
4342705224219bce,test
43435e491f2d8db3,test
434837b7b693d80d,test
434bb9fa4a5e3cf7,test
434e2809c8fadc01,test
43610a80817de414,test
43658bd89b49efb1,test
4368726c17226556,test
43784d25a61b62a8,test
43788acbb22ce970,test
437ab74826534a24,test
437bbc1abbae0430,test
437bf9cad3282234,test
4385ae46ea013112,test
438751f07ec6d818,test
438c4d16aa702277,test
4394e25c711221a8,test
43a2ef0f9357cd29,test
43aba86dc9cd84bb,test
43ac4f7583a9a459,test
43ade1ff4b660a0a,test
43b54aa72db476c4,test
43bc3f90b22bdd65,test
43c6e4a18e2bf009,test
43cf309f3794a536,test
43cfeb91b4b0d11a,test
43d5a7a0e4674cc8,test
43d6a07bd5e26cf6,test
43d7dd9a8aa182e3,test
43dbd56db5ec4cc2,test
43dcce9488041db1,test
43dda1cfa0afa417,test
43eb0d0894a2a9bd,test
43eebc81a13bcfe4,test
43f09b8f4bfd518e,test
43f882d8e36620b3,test
43fab9c2b0bfd9be,test
440cc6705c725898,test
44169b5ba9ff0152,test
44295e4a365a1ffa,test
442d41012f1d54df,test
443158e9b5a08b0b,test
44333b15686e08eb,test
444bbb959c4fde90,test
444c1ad4f3f673f4,test
44528c5e06086ed2,test
4457e78e16333142,test
445981d9ade680d8,test
4475ba1a204ed52a,test
447772a006834a6a,test
4479c7f579adcfb4,test
447aed47d572708e,test
44800d42fac0d7dc,test
44910aaed2575fd9,test
4497a4a3da24d54c,test
44ac18744e9ea5e2,test
44c11db12cea7450,test
44cdb524e189e4de,test
44ce3e4c41f311ad,test
44d3552c6a8d4bde,test
44d7e593dbf2a44f,test
44d88a7ec27f3114,test
44df349c76599cf3,test
44e0ce060c249891,test
44e29fa879f876f8,test
44e5ae35657f3767,test
44e6b18b0c6e58bf,test
44f7494b095dc3e1,test
44fa1a8f5d7cb294,test
4503159237474a68,test
4505232424d32474,test
4506d458c53aa442,test
4512cfec51ed5f34,test
4514e42e3e0b4efc,test
45274e43b9585e50,test
4529b26f0e8675a0,test
45385ea3519006f0,test
453a668c49321a59,test
453e618b324e91c0,test
45409e148524d5ca,test
4542fc57617c031a,test
45441ce3cc0048aa,test
4547b755aa32f5b1,test
4549419498357b22,test
454a4a92ec6c4834,test
454d14974a6ddb04,test
45517aca83a902d0,test
45542d6db12fffd5,test
455e5be6bee37407,test
45606ed644441253,test
4560fd8449c70184,test
456435fe75d103f9,test
45669bb3a1b6e536,test
45686da6866fd6f5,test
4578f76b8ca30f00,test
457ab52d33280d9c,test
457b5c2c51e27742,test
4582e689b5e3b458,test
458ce0584fd16b71,test
458f0c5474241a92,test
4593ea8bd8e9cfe5,test
45948c8b87528b89,test
4598de3093cbb7c0,test
45a61b041a9881bc,test
45b16b61d108809b,test
45b353af53789473,test
45b6d3ad04bb397b,test
45b8e4f40a1ca720,test
45b978f3c22d8789,test
45bcf4004d02b148,test
45d10de737523ece,test
45dc1d50ea1a4d32,test
45dd73ce5f8f381b,test
45e448fc05780a92,test
45eafa34345765f4,test
45ee4cc0cc2c3c53,test
45f1be96e3d7a9cf,test
45f5b97c8dc5261e,test
45f9c54dc984300c,test
45fc09fb5ce0a75c,test
4603366bc36b0db1,test
460e38cfbd9af18c,test
4611481da7258060,test
46148cf63281ead5,test
461ad5cabb4b39e1,test
461e1cae24438f75,test
4625d59ac3cdc27b,test
462b098d650e6539,test
46322fe93e26419e,test
463b97ab5ee164a1,test
4643d93cd6afe40b,test
46536554dfe8a325,test
4661c96119564c5b,test
466b1b1efe67060d,test
466b4bd43a8a7c31,test
466bca0fe16e7e6a,test
466cf00a99668d98,test
4675ab494fe3e8d8,test
4686ff4f32a6be8a,test
468a7895c9f758cb,test
468aa06aa056d777,test
468e9d1def4d73a4,test
469324f484faf4c6,test
469bf4e0f7f6cdd2,test
469d7ed13a4b3c20,test
46a3f873aac5bfb3,test
46ad07210fa187bf,test
46b3434a925477dd,test
46b9502d909c222c,test
46b9568d4d574b8b,test
46b96387c3c35699,test
46bf119b5c729b03,test
46bf68066b54a4c5,test
46c22fb601e5199e,test
46c3fa1ce399d59a,test
46ca1404308ff04e,test
46cad2e254ade666,test
46d1e0c5d0c84ed5,test
46e8d9dfb4b4da94,test
46f599e9e7f9e259,test
46f9c9153e4df007,test
4708202e2eee3d2c,test
470c0059bf139c31,test
470c37ada9b2b8e7,test
4711957fdde2fab0,test
47216c1558fc36a0,test
4727456472c9c2bf,test
4728162570943035,test
4734928d2bdf77fe,test
473872250bef1033,test
473b9aa2564f6bc8,test
4745b911976d8ffe,test
47483ac2c54e9209,test
4748bbd64e845e1c,test
475809c89d5a900f,test
4769781a3d6a776a,test
477094a015a3d9b9,test
47765af7447a38e8,test
477795d7082efeeb,test
47858e167237a5ca,test
478cb0171a09b34e,test
478d1e142ca23bcb,test
478f5a85161f724c,test
479396096c865578,test
4795d60fc537b727,test
479d0795548b5ef3,test
479ec5cd99ea753f,test
47a4d0ba5e28f4c0,test
47a5ef3cee9ba567,test
47a69ccee208135b,test
47acb063e747788c,test
47bae819b7c17db8,test
47bb19db67593f52,test
47c8fa85c87ce258,test
47cd41516fa0e666,test
47d365fa6d5dc9cd,test
47db321afe304d69,test
47efa2446177b55b,test
47f323ff5297ddd5,test
47f607bdde02d492,test
47fdf504304cc310,test
47fee26ada8c36e8,test
47ff51ebca5010f5,test
4802176fd2946037,test
4806ced568d5e31c,test
4817e72d5e2a9123,test
48183e181cafe54c,test
481d8c68aa7b7a97,test
482acd7c10ae6b39,test
48304ef257a40299,test
4843ed0388334f01,test
484c674409f86a6a,test
4853a083a6818ced,test
485f03f925f13ddf,test
486570e892919e98,test
48666a0c8593be2a,test
486e799599a34549,test
487282367b57cccb,test
4878904cd63ce0c7,test
487c89845b773017,test
4884a969393b44eb,test
48882c3378ddc45a,test
4888c38847624a25,test
488e3f35bda1df05,test
488ec101f8ccce5b,test
48b706b82cf6765b,test
48d0bb39d0c48382,test
48d8c752dea67f3a,test
48d914682c6bfb80,test
48dee0ca1794c385,test
48e2eb622dbe0ea2,test
48e606a1c881018d,test
48e66ee6a69547e7,test
48e6c60e32e40d6f,test
48ed29fab4d841c0,test
48f77d0b82f0b888,test
48f82128ef76bbc1,test
490a76300c017ec7,test
490fa3f559f09b39,test
491477dffa222050,test
49184b4955479150,test
491a0d741834a7c0,test
491a32aa25a6cafe,test
491ed665c09a640f,test
49212fdf8c03b563,test
492144491e70892d,test
492885d30a12fb5f,test
492d414616b4db18,test
49353756e86d20b4,test
493c85eba91c88b0,test
493e2447a8290bf3,test
493fb1d013f81c70,test
49516b03eb2810dd,test
495c076499cc2657,test
4963eb581c01786c,test
496a2a94732d789c,test
497c3570e94b4a10,test
498561e48948953b,test
498a231abfa3e9a8,test
498a82636a7a7c2c,test
498da43061830e04,test
498dabb813e81102,test
4992099c29313cf0,test
49979acb057c10e1,test
499984e4056cb71c,test
499a5c7e925f9e77,test
49a6564343d3ff6a,test
49ab8a7de80a2579,test
49ba4e72d26d6a0b,test
49bf8d971f43490d,test
49c19cfa8ec0abb3,test
49d6c85377a6736b,test
49d889ffe3da5b6b,test
49e9353b8f09b8c6,test
49ec963ea3bd1379,test
49f14258490f73fd,test
49f6e7847d1f66b8,test
49f8bf3e5e178acd,test
4a02ccd47b244345,test
4a079ea4fd6eb7b8,test
4a15654624137e91,test
4a232996c745ce4f,test
4a23d0850510ebbc,test
4a24a72145d1f452,test
4a32d0e4eb79f965,test
4a3d2b28f9686298,test
4a3fc820a064dd03,test
4a411e05b07d4bd4,test
4a4780aa009cc6ba,test
4a5a772f73b04600,test
4a6648ef2dab677e,test
4a6f4b03f7af5927,test
4a7eb8ec15520963,test
4a861314d94cb070,test
4a98c88ba7267c74,test
4aa5f66d007762f5,test
4ab0308960e2d91f,test
4ab3649d9b5f3d25,test
4abb19815c8d2546,test
4ac15080d5789af3,test
4ac564bad49bbd6a,test
4af0652ab7ddbe29,test
4af2bd92288e3e99,test
4aff647ecfcdcb5a,test
4aff81eb57806bb6,test
4b001055c2fd4f05,test
4b0220e8f2f33be3,test
4b11acda25ae26ed,test
4b19dfc8f2060230,test
4b284370af3f4051,test
4b2fc67f7ec77511,test
4b3126a168bdaeab,test
4b36449f1d312880,test
4b36ccc953dc59ad,test
4b46397a237a6ac4,test
4b4665fd21f80ede,test
4b4865c1933e1314,test
4b4f9c13360329ed,test
4b554932d21e6d1b,test
4b56334e788d9366,test
4b6839218fc7154b,test
4b6f88dfb21add63,test
4b746c59b289aa6d,test
4b770348006bfdaf,test
4b87889ddd0ebe80,test
4b8b648d007868a1,test
4b907c63fae24c44,test
4b96ea4b582ed3e9,test
4ba5ecbe955ed1cf,test
4badd9d227dcf12d,test
4bb6f2e047475742,test
4bc2a544aa412329,test
4bdcdf9131457699,test
4bdebde0ecf88162,test
4beafed415ac4df3,test
4c0002778381f95d,test
4c00efae2e0dd2f0,test
4c03783a5bfd8ec9,test
4c0a13498bd9d1ea,test
4c129de59f9f17b0,test
4c171897f6116371,test
4c211aebf4c7b758,test
4c2194c1de339b98,test
4c3d0f004db29541,test
4c4978b8a0b088f0,test
4c519323f46aca0a,test
4c57ac3f8c443ae1,test
4c6b2606b76207f2,test
4c855b8768e33b2f,test
4c8bf85c9a3f3241,test
4c96b9a8ba69b52a,test
4c9b9e393f356e81,test
4ca389f2928f63a2,test
4cb0a7a5d2b75601,test
4cb5b63cf0d0f147,test
4cb9a662c84f34d9,test
4cca1a028705d3c2,test
4ccf1a3739723f62,test
4cd13d778c18748f,test
4cd564bf5774d011,test
4cd61129b5a08d8d,test
4cdb13d145f433f6,test
4ce355ff73ef82ea,test
4ce71d812246c4d5,test
4cec76f8cc317351,test
4cf53c474689ea73,test
4cfdb4b44d9ce056,test
4d0aca641aac3f0c,test
4d102da60dc04f75,test
4d13840a256ce60f,test
4d16c9023ad8d905,test
4d178ef82567e202,test
4d2279952d2bcc04,test
4d25e2b346976876,test
4d281c092871c8ec,test
4d29d4029899f3e8,test
4d2b6a1c3861708f,test
4d39dc21d443e1c4,test
4d3d9c0d509dda9c,test
4d44472aab2885dc,test
4d47ae00569486d1,test
4d48b6e7ce29d85d,test
4d494b5369f38f32,test
4d4a8a74f0312b32,test
4d4b7aea6b5a7e68,test
4d4f906b3d846fd0,test
4d5c37957154492e,test
4d68910301e39bfa,test
4d84968f271565cc,test
4d89d83436a2eaaa,test
4d8a59642d81a4d6,test
4d8ba2e0889f89c6,test
4d8ca0f30cd10e3e,test
4d91620674eed13f,test
4d9c3f8bac39e521,test
4dabb7dd2d1214a5,test
4db2f9a1d4133e08,test
4dbdd8a165d87833,test
4dc058f126bc1f2d,test
4dc1d30c41afb789,test
4dc1e10fd8eed103,test
4dc3d30a19bfa5b4,test
4dd2c73927c7bc23,test
4dd3fa9981a61022,test
4de15d2aa0cf7647,test
4de57fdb7473f960,test
4de8183946f6279b,test
4e00fd8d5ea4e466,test
4e036e7442253898,test
4e06ea097fa1bac1,test
4e08a201e252157f,test
4e0b391c62db7971,test
4e0f70dd69e37177,test
4e295179d5b98017,test
4e2edfb731fd60e5,test
4e33483747d1d5f1,test
4e3736b4e40f2e10,test
4e393061421d3edd,test
4e3f04f9e1bfbde7,test
4e4611e64c03837d,test
4e4c768f0eb33536,test
4e4eb7504545eba4,test
4e58452102333de4,test
4e58f8279f39529d,test
4e5b41ca0977bcea,test
4e71228dc10f9060,test
4e72ce6c337b423d,test
4e8bc8698105e254,test
4ea10ec954aa9241,test
4eb35040e7f5fdd1,test
4ed10841fea62fc5,test
4ed235e27fb39254,test
4ef2abf7ca81dfbf,test
4efeea0164613fc9,test
4eff13d957a2bc10,test
4f028c7cde451566,test
4f086d6f2a8df53b,test
4f11f7832fcccde5,test
4f15420373774367,test
4f254caa49d5c297,test
4f2951e5dd370859,test
4f30690d747c7dc7,test
4f33356dfdd7efd8,test
4f392666adeb6b9e,test
4f3b7b4173119ca4,test
4f3ce5b92208721c,test
4f40159e1bb70087,test
4f40ec5981dcda68,test
4f4526ec99812316,test
4f4579679e229cea,test
4f45b16d81c089bb,test
4f5046c1e73ad7ce,test
4f50678f36316aa5,test
4f548f2f401175f0,test
4f58c17ce1c66970,test
4f5e9ca56f4a46e4,test
4f5f9e6bee3749d1,test
4f61784f626d3dc1,test
4f6e9ff3db7ede3a,test
4f6ebb6a7329057c,test
4f7365fbbd7e9f42,test
4f798dd234f5aec4,test
4f79d896c02ebdc9,test
4f7a6c0efc4f0dde,test
4f7e3477bb3d4995,test
4f86b03da3664a50,test
4f899079cc29458b,test
4f8ede44ac883473,test
4f9a2035856adaa8,test
4f9ff4672f315e7a,test
4fa06205b331c217,test
4fab6e87fbdfd981,test
4fadfa3a3c1f3585,test
4fb1bc9a9be4ce12,test
4fb2718fff3e6025,test
4fb4e72ee7acfa5f,test
4fd78bb64c81a508,test
4fe41df06d8e1b7d,test
4fe583f7af4839ee,test
4fec5f21f027ec98,test
4ff10384b8f3c815,test
500f038aa5f18487,test
5017f202aaf589ac,test
501c4f2e7341e5a7,test
501ce2ec47b60182,test
501eb47c86188318,test
50261cbd88a67666,test
502a70c3200f125e,test
504069e92d273935,test
50409132d09377f3,test
505b9148d682a25e,test
505f0bd2ec6f4a21,test
50686cbf92c82567,test
506d799050baf1bd,test
507ab7915608c2f0,test
507ee669a54da0af,test
5080fe2b529eacd1,test
50885c0f946ad82a,test
509d2e17c1a55d55,test
50add0a73cf4e054,test
50b7018b629cde69,test
50be07aa2e88951c,test
50be87bf44daa95e,test
50c45847fd05b2a0,test
50cf4633002bea32,test
50daa0f481b23f2d,test
50dac09e248ccd16,test
50e3e341e35e7c57,test
50e9d05bc91dabff,test
50f22d975a68609c,test
5101178bdb7e4fb7,test
510e442faf0f07be,test
512442a69b2a3bbc,test
512a9365550c6819,test
513b74b67eda51f0,test
513f675a6688ac18,test
5143e99fd752abb2,test
514893b564055692,test
5153593a266ff20b,test
515d7376f87453b5,test
5161a143bf0f7b88,test
51624313f87d04ff,test
516248b47256b3c8,test
51679783d0952b6f,test
517f25edb57d58ee,test
5183b0f2381acaf6,test
518c28e39587deba,test
518fee93cf9c5c4c,test
5197a9869a56900d,test
519d10577ef1b664,test
51a0de2cad10577b,test
51a25a5be831f2be,test
51a90562c9c53e71,test
51ab47cb9becf661,test
51abf1b1c9f7a268,test
51b09f83dbe5e0be,test
51b942912e2a14e0,test
51bebf0024f597d9,test
51c115c6d165358e,test
51c707fe9076a472,test
51ce4f6e21e0bf1b,test
51dc90e3eabced9b,test
51efcc8377060405,test
51f8a93d7de874e9,test
520040b61e6cc654,test
52033cb35407b790,test
520398e82c79ac13,test
5207901a18f04ced,test
520afa75c014be3f,test
5210fd321e779e00,test
5214ea555a88ef87,test
521881c7432a08df,test
521d2283e9a3a72f,test
521d936f7ac3c0aa,test
52203aae97e6a80f,test
52250d739b1aedc0,test
52251c8196e7c1db,test
52274c25ac76efca,test
522972cb73b9cec7,test
522e1577b8b19ce8,test
523069997b4694de,test
52325e3935806570,test
5240d5484ca3d3ba,test
5243bfc874ef393a,test
524c23d1eb0a5c20,test
524f461a071afd1a,test
5258b8b10a7e80b8,test
5259e7264e0e3a06,test
525ceacac38ab362,test
525f769ba1a29dc5,test
526dae11714926ca,test
52714254980a2a7e,test
5274c9a44e0b9ae8,test
527c119cf87e20ba,test
527cb24a484fd0bc,test
52810c58aad0017c,test
5291a8db2b4e272a,test
529d474a0ece63ba,test
52afa414c65a1450,test
52b1d8cfac9828ed,test
52b7e74850d89a6c,test
52ca9a99c1f8e53d,test
52df07e93a63c79f,test
52e42df25bf4d4fc,test
52e76682b900e982,test
52f518a220d19701,test
52f71a080fe1d16b,test
5300f46c8902b3e4,test
5301b028919db00b,test
53033a1a77ff85d1,test
530a7b919cca609f,test
530ed102c0518a64,test
53111a46d80be5df,test
5312a5419a7f81b5,test
5318f6cf43d22832,test
531ff26a86391840,test
53269a7073ebc922,test
53286b39f8f4853a,test
532df8e11d57c676,test
532ea56f472f2352,test
5332515342d6b06b,test
5332fd08889f455f,test
53388883356e5fab,test
533be078a099341a,test
533f0a9ece6e3734,test
5346da66e989dc27,test
53477fb1578a8422,test
534d6825bbd27bd0,test
535e77f73a8b79e2,test
535e8d3fa92771f1,test
536338d61914056c,test
5376fe8e2828c30d,test
5382a1c2d0d812cd,test
5384ecc5c0b63358,test
5388666b9579898a,test
5390ea56359b55b4,test
5391461f5d26fb50,test
53980346d31ff263,test
539c5e1fb674319d,test
53a44516b10f1b40,test
53a47a682e1841a3,test
53b34a0a25bf4a18,test
53b56631f00ccc1e,test
53b9252261ae3881,test
53bba4a6c6ebde89,test
53bdd9c563019b70,test
53c6f687a9ae418b,test
53cf074ce4959215,test
53cf933136b284e5,test
53d81b125b19f00e,test
53ddda0872241bfe,test
53e0076fba43acd8,test
53e28f1929ffcc25,test
53e9964eea49cc1d,test
53ea163dbdd72289,test
53eadc2e9e5e79db,test
53ef29438a0b2036,test
53f9e30c9ba636ca,test
53fcf49e942d8a55,test
5406b717a3b92ea4,test
540b0d119c41fab3,test
541619db5a11702c,test
541a5fe30b0d34e4,test
5426daaca7e666a0,test
5428f75027f2a0e1,test
542d2253d9b42959,test
542dc03fb437f529,test
542e73acef8a0f6b,test
54329e7a8b7d56c3,test
543314af92b31584,test
54333eadcb37ef34,test
5436f57b6aedb089,test
543ac447fd6a03d9,test
543b2f8148acc34e,test
54443638a841a0c1,test
5445446a40d0b94f,test
5456e68f13b99b63,test
545b1f488138f56f,test
546121791cc69a8c,test
546276f395ead80d,test
54629341b2874316,test
5462f09e8f1f2b72,test
5463e9f4a065eca5,test
546567d09be97774,test
5468d86dac46a138,test
546fb44ce8535440,test
5470404ef8c61898,test
5472734a2ae875a3,test
547619defaac40b6,test
547b7a9664d0b437,test
547bd8003b8c3200,test
547c174b34501d27,test
54820f72b9cfff56,test
5487c47a18f12694,test
5488537e7ff27143,test
5489917e660716e1,test
54907640d367d82e,test
54ab97cc3c248cee,test
54b1919be13ab91e,test
54b6311a4b9a9774,test
54bff16d03ba6d3f,test
54c00264c6756797,test
54c08e19ebad604d,test
54ce11deaf1ad230,test
54d860302065dd2d,test
54e31a40640bb8c6,test
54e4bf6b8f5901b2,test
54e764c0a4d79906,test
54ee90f35673db6f,test
54fd92cebb838c7a,test
55007699ba6a0fcc,test
5508dac71f214b8d,test
55093cc313b3ba33,test
55095e0a72b311f8,test
5512460a1987d156,test
5516286f34ed0995,test
551896a5436174bb,test
5519a60094305eb6,test
551c5b484328ca3f,test
551cafda7c4e6046,test
551e0d375413d30f,test
55230ad8f86aa355,test
5526fb510162856a,test
5533065d731b4b50,test
5534184a45a9ca64,test
553ccdc2e6720eeb,test
554572de4b3f1abb,test
55552a391bcce6f9,test
5557e2ee0c34e445,test
5561e23f28d291fc,test
556a37e18022dc00,test
557c79b7db418e75,test
5580252ab8dc5be8,test
5584fa43a82122ee,test
558aea1b2a229720,test
558ecaff9b01820b,test
55919d1a40c5a734,test
559472dd66390e07,test
5594c76fa5c8b587,test
5597ab1ac26e1d5c,test
559eb24f657392f2,test
559f04da1fb1f239,test
55a043cbafc44a9c,test
55a4e17d6678ec67,test
55a74615ba80b277,test
55bdcfbaa109023c,test
55c04b6be0a574ca,test
55d5a628792feb62,test
55ef7a9303f4841b,test
55f0d1061f2af8ee,test
55f603655a3fc8a3,test
55f8b0b6a2c6178b,test
5605610d41843f2a,test
5607e65a1212359f,test
5610ed06a58349cf,test
56119ae17032e7f7,test
56133ed0cde4c602,test
561a79c0815c1264,test
561a941543d498cb,test
561b4e7f1394f6d9,test
561fa97e49f4821f,test
56272cb884b23fcb,test
5628ea601fccea32,test
562f04cca0429af6,test
56356e16d8336066,test
56374b65512413a8,test
563af45468409ef7,test
5649577dc4240332,test
564b10cf771fadde,test
5657bf5473965685,test
565d151901ac2063,test
565ec6bdab063674,test
565fc3091c44ebea,test
5661c9070ad09277,test
5663e0774e551bd1,test
566659255b340d4a,test
566a5f3c389f09ae,test
566f96188f31b76a,test
567352fb4fe0b61e,test
5684718e5dc83ad1,test
56863b99e53f425e,test
5687cf1db709b296,test
568d098b241b37cc,test
568ee87e609205c2,test
5697854f6931dffc,test
5697b7850ba5dbd6,test
5698bb3df89ccc83,test
569c9e8ff540fb5a,test
569cba085d051716,test
56a0f50616f92526,test
56a82a0ca63e063e,test
56b2d4d026c7a5b1,test
56b390c05d8bccfa,test
56b7e70aed2d40ba,test
56b9f3f5a2dd10cd,test
56c020d03e9911a8,test
56ca36e6ecea3fb1,test
56d7803115b62190,test
56e3956840b2f485,test
56e53d37526e4088,test
56e741ea67e716f4,test
56f4f0935ecbe037,test
56f5824e9e18b477,test
56f73d7cdfba3b03,test
56fa6d1be2fd0649,test
5701393a2843d881,test
5703971e58183580,test
5705152392050c6b,test
57055208ab9ed122,test
570b6a03e06389bf,test
57143c28069aaf2c,test
5718271d235c4436,test
571b8023b5f033e3,test
571d3b7c6bf5d3b6,test
572280fdfb7e4f6a,test
5728bbaeb0514c62,test
572b690d6a9c45c9,test
572d030eded34d2a,test
5743939de0b3e531,test
574753c3aecc577c,test
5754566174e3fb95,test
57562be13bf0fbcf,test
575b4b3c3b81bf8f,test
575d033594fb70a4,test
5771c1b8d746955e,test
577819581cee5eb1,test
5780aadbb7ea3483,test
5789842d3afab874,test
57944d936cd50ffe,test
57966a07a99b1e40,test
57984d2d79bded5e,test
57a4bcc55052e137,test
57ab1c4ac8ea3e8d,test
57add0d55152221c,test
57b771fa793bb897,test
57b9e29189be5fd9,test
57c55095658d0f62,test
57c55d218956dbe1,test
57c57fa7466072a5,test
57c9a1d1db503066,test
57cc3edb4c3b7706,test
57cca6294ef5dbf1,test
57cda13da9b15c73,test
57ce5c2823471708,test
57ceb8e21bfdc17e,test
57de91ad74844512,test
57e32a3565893ebf,test
57eda863481fb252,test
57edb2224f6ba0ab,test
57f423812d91e53e,test
57f5f2fa4b7551c8,test
580b67638efaabfc,test
580cf92b4a757bda,test
580f232e05d58a1d,test
58229f234ff97257,test
582c2cb552811070,test
582c8e5ddca17c30,test
582df7f7c2031893,test
58312607c911473b,test
58341af3a9efba44,test
5836e6274436a9d1,test
5837fd985a9e8c4a,test
583a28003153cc26,test
58528cae718fe0ef,test
5854bc6638f12838,test
58567ded6f4f26fb,test
5862e800e9d73ac2,test
5869bb8900084a2e,test
586fb6586da06a53,test
5872b22d4d15062f,test
58963d2235beacbf,test
5896e608eb9a406a,test
5897f3ae3ba799d8,test
589b0648881311eb,test
58a2d91a0ab328a2,test
58b83249e5d58aa9,test
58b88802c8732116,test
58c5d18b4df9cb35,test
58c67c5ac25de6c9,test
58c945c9a1b42da7,test
58ce948a8551b319,test
58cf9742b864ce83,test
58d132cfe25585a1,test
58d45c9ec1c46d23,test
58d8f5dc2641417f,test
58d91d8096040ff4,test
58e53e322d173372,test
58e7bc8242c44b38,test
58e99970ee4a7ee0,test
58ec1a8deab08602,test
58f13cdff24de0c8,test
5909325e47c5721a,test
590aaa0c1b01a10e,test
590d1fff2d1f4070,test
590fb8471ee98990,test
592ca63acd9e0e49,test
59336c4204fb0380,test
593c055684731656,test
593c4b9e45cc291c,test
593db6c03549d965,test
59446493d3c59cdf,test
5947545950cc41da,test
594b47feaed51d5e,test
59581cdba9297d11,test
596cc119f4353d46,test
5971e2a944b5681d,test
598b12ba208e1c90,test
599794fb08a1d84d,test
59a96b406b679b0e,test
59ad1216d6942721,test
59ad56a15c5c0f52,test
59b57c8ce2b617e2,test
59bd6b07dba96fd8,test
59cfb53555ddab4f,test
59e02004de2928af,test
59e3daa89194b4e6,test
59e516ac0599ca3a,test
59e6b393c392a2d4,test
59eb324fbca55a05,test
59f7b6857903bc69,test
59f86ae4738d077c,test
59f8d1f5caccf527,test
59fcb65ac0aaa418,test
59fd8d0e2178e029,test
5a00241a342c43c2,test
5a014720ea40ae1a,test
5a067b8a470fbdd8,test
5a0c3db0b238da93,test
5a0e8c427fcc2529,test
5a15d8dc7bdf6721,test
5a18e305deedd0c0,test
5a32eccb4c34a43c,test
5a34966a0cb7d9b1,test
5a3978f4dccf8360,test
5a3d34caa1972a8b,test
5a3e65490c7b2cdd,test
5a42d74dda0b7ace,test
5a47ea380193190e,test
5a4bfde45b22671e,test
5a52bd202cff4637,test
5a5319441123d95a,test
5a5c0c0b9f0fc213,test
5a6e684f2cc1f28b,test
5a79a46cb895980c,test
5a81cb7c31715f88,test
5a82408d3e266396,test
5a82c14df9dae71e,test
5a86baf93f42ff82,test
5a87965d86b69a78,test
5a8b8fc0a9a1b278,test
5a9a4828d221b37b,test
5aa0b4654c3641a6,test
5ac6272a0d6ef805,test
5ac847b623360e1a,test
5ace1b2cfd9847e8,test
5ad410f21190f723,test
5aeca7f18d31cfba,test
5af3e88a242ae0c1,test
5b166d37649ace19,test
5b1d9047c6f26cba,test
5b2c6a44dc601a11,test
5b399e26d1370506,test
5b41dbf0f6ed59a1,test
5b4bb2d25279e927,test
5b4c5bcfed5677e5,test
5b4fc208cc8e7d9d,test
5b50636061ce0e1d,test
5b509d4b41475d50,test
5b5231e88110a61d,test
5b56f46409f84610,test
5b5cfc513897d825,test
5b62e59fe73bf463,test
5b6e43f77e2ae2d5,test
5b758d5ff64be8b6,test
5b7f24fd0f0a8d1c,test
5b8339a1910cd4ab,test
5b8a266bd90c556e,test
5b8ad64702b82f55,test
5b98f2fd8dc8bf04,test
5b999f4f97b25d85,test
5b9ba485b35b87d3,test
5bad6f9416016bba,test
5bb455409c35112f,test
5bbb61b48634f0bf,test
5bcf750f20776268,test
5bd2d79da6e63f7e,test
5bd9c96dcc82ae85,test
5be338749210c484,test
5be958fff174c978,test
5beef55089ec2450,test
5bfa92b66a16f8c0,test
5bfd35447d3d8363,test
5c041b80b3510d48,test
5c06422b754a8e06,test
5c0bc2cf6368eb42,test
5c168900b7c66310,test
5c1ddf0cffcaea75,test
5c25f38e0febddfd,test
5c2912953498fc6e,test
5c36abf56e8ed776,test
5c38890cd6e0bfd1,test
5c3df6846384abfc,test
5c4c6cc18a516cce,test
5c51be68bb83a450,test
5c59ddc6b3c6cbd5,test
5c6252bfa39eef0f,test
5c67d2ffb22a2f0c,test
5c6c9e6c9aad118e,test
5c797a8eaa144261,test
5c83879030c19ace,test
5c883dd3c407a9b0,test
5c93e8e66227568e,test
5c9a9ddc6541f4b4,test
5c9acb0a65297d36,test
5ca3bbf1de77c6fa,test
5ca92928fbdf3615,test
5cafec1ae172a053,test
5cc22db0c55edfbb,test
5cc9dc38d0e39337,test
5ccd8373a78f0d15,test
5cce6cf664dc8554,test
5cd161f7f45e83c9,test
5cd4e3ab8eb1ef55,test
5ce8dc38f274e617,test
5cec26665b773a47,test
5cfce31aaab6b7f7,test
5cfdba9adcee1e93,test
5d06a687164f432c,test
5d0fc0395e771377,test
5d1d1f30b3ca6b42,test
5d2861330fe88700,test
5d29a7ba96e1a812,test
5d35690e0ca6bcad,test
5d396451a90cd881,test
5d56972ae515d2cb,test
5d58edfff8bd6ca5,test
5d634a484383fa6f,test
5d680abc9c44b3a3,test
5d6d1109cf59741c,test
5d7a5a8bc081ae8a,test
5d85f8030014e8db,test
5d8ab90ffa4d01b6,test
5d94be449f16c71f,test
5d9f327b5f991480,test
5db612fa4797c495,test
5dbdfcbc82a15171,test
5ddb9bb223b94865,test
5ddbd3f38727936c,test
5ddf1278433bcc57,test
5de5a365013f2efc,test
5de60a1a602e267d,test
5dea2c700e678b22,test
5df7f3438dc52cdb,test
5e0f547772bd7ef5,test
5e218a267385a3a9,test
5e26069e98a9e6b6,test
5e2759544d9843e5,test
5e278baab0bf5b5b,test
5e2d1438b6a10c0e,test
5e3ef05e85f5651d,test
5e403c25620dc133,test
5e4a147b6da3fe86,test
5e4c7bba8628a22b,test
5e50c8a7d0ecd287,test
5e54c4430105f6c0,test
5e59190e2cf278e1,test
5e82e06e11706b16,test
5e8398e142773730,test
5e8ee389c79e525b,test
5e9026a01507025f,test
5e9b260e309d2f12,test
5ea6c50b8e546383,test
5ea83692a6a90373,test
5eaf0b3db235c272,test
5ebdd6ac512a8719,test
5ec8d81a68efdcdc,test
5ecc4b191b34ef47,test
5ecf0fad0a13fe80,test
5ed73b279b97fe6e,test
5edcf46870b12a55,test
5ee214698d57812d,test
5ee2919b280f944d,test
5ee8ea7c4dc1ae2c,test
5eef5eb399e245b1,test
5ef1c51372ff9797,test
5ef2927004b648f4,test
5ef69fb45837c63f,test
5ef933c74615f3ff,test
5ef9f68cdfb360da,test
5efa153212f4040d,test
5efaa7daa64e3647,test
5f0c8afc035807d0,test
5f1de2abece1abf9,test
5f208b83bbc8ba7f,test
5f2b525e0678aebc,test
5f33cfad1fec66f7,test
5f371ac85959eea7,test
5f44c065d043f37b,test
5f545f600655c32a,test
5f55719d4bb83dca,test
5f5aea2df9ff514a,test
5f5d7b0da4e1ea14,test
5f668f02f21788ca,test
5f67c7c97b2bad5b,test
5f6d97b63531aee1,test
5f75b9da99455da0,test
5f85e6cfbf1669de,test
5f891066eacf112a,test
5f8f37b083ffb2b7,test
5f8fbcbd473e29d8,test
5f9c4a1b124fcb22,test
5f9c7610f0d83976,test
5fa83cbe9022c136,test
5fde91cd00b7c2f2,test
5ff11d7639d4d6e4,test
5ff8d8cdda59b324,test
5ffa6e813758614a,test
5ffc4cecc91b9e36,test
5fff9ccc4bf0c3f1,test
6001bb523dfd52a8,test
600372408c7136a9,test
60064103e6d86b83,test
6007ca355fbed572,test
600db3e2bfa6527a,test
6010cadd1c55b075,test
6016b3e5619ce739,test
602e831794479dda,test
6046c4857e4baff8,test
6050bd6fc14e75e6,test
606020b274cb3cd7,test
606a2ef211de59b3,test
607056eea9849b2b,test
6079905d9f4c0758,test
607a662250b7f1c7,test
607ce16687258a51,test
60849a5133cec286,test
6084dea3e4f828d7,test
608f27a4a4c0216b,test
60905c1abda735e9,test
60962297d98b1d43,test
609cf6bc8e6e3307,test
609e1aa4868ca3d0,test
60a3e7edb357e843,test
60a532998463a848,test
60a5ef3bc1695bd5,test
60a754088f3195c3,test
60ad8e0534f46c88,test
60aece4940483a20,test
60b50a2b28be525c,test
60b6535d90c3a4c9,test
60bb99a59352c88e,test
60c75d6922c0cf8d,test
60ca9d2389bf3a99,test
60cabf757ecb6a31,test
60ce1eaf385a17d8,test
60cf50445105e31a,test
60d1c1d2f66b0969,test
60d27802162c1fb0,test
60d2a29de1c1da23,test
60dc5070f8848fcc,test
60decc2aea799170,test
60e37246e02965fd,test
60e5af24690d4735,test
60f41b9cca6e4b2e,test
60f724838603c5f6,test
6105b295ae813ec7,test
61098adc1e346252,test
610a9c1dcea5b22e,test
610c9a593365564a,test
61249b09ea7c706a,test
612826e073eae0fe,test
612881aaba4b4302,test
6138c9deda38ac8c,test
614261f9cca2fc1c,test
6144a44ee1a03eea,test
6150d2a096c0cc32,test
6155a492900d3e62,test
6156c1ed1fbda21a,test
61623688b8dcdb12,test
616f7e169298e1c9,test
617cfb9126701e0f,test
617d96a1386f76e3,test
618f05d5673f6203,test
618f2b52cf3f634c,test
619421294edf87a4,test
619dd66e0d8d7086,test
619f3c230ebb63af,test
61a410d567919241,test
61a453f9b159e9ab,test
61a6a5cae5f7638f,test
61a716f42ac6eb1e,test
61a72d7469eef585,test
61b3f9ccf93b14a7,test
61b719e545acdd17,test
61bb7d44245e9ee7,test
61c8517edc8afa71,test
61c9bcbf5d3f9c97,test
61d17f195550bd9f,test
61d1bd032d670cee,test
61d5199a76b39915,test
61d62c891c965ba9,test
61d68dcc6c42ee59,test
61dc5805eaa2a3de,test
61dffe8135b732a5,test
61e806b3857d8dfb,test
61e815b9024d78b5,test
61eac14539c2723e,test
61ed73d0e377634c,test
61f3d5417c5dece4,test
61f990d2b247e2aa,test
61fc9c5d962b8e98,test
61fdc3ee06bff59f,test
6201d8b36fe99c2c,test
6204fe3e1486b263,test
62097271ec2b6d36,test
620b3bf7394bea4e,test
620e57f0539a8c3a,test
6210bf2eb16a9afe,test
621de0fe1de560e9,test
6223499f59888741,test
6229938632b5c167,test
622cc6389fcfcfb1,test
6232bc575076f2ac,test
62426364e8de8615,test
62428318eead9f30,test
62467c8f0bb075a3,test
62475f31d5dcab6e,test
624c7323a325e7f7,test
624ecc3a33435f53,test
624f03f303404536,test
6257d68b62733ff5,test
625977abefcb82be,test
6264654e09634d61,test
626cfe383e8bc482,test
626ed725eedb40ea,test
62706a917800db4f,test
6279c1310ec6eca3,test
627d0a2ab77be88f,test
6285890bfc8418d5,test
62864fe9cbf96d09,test
628674e858c847d5,test
6286f9a95e6ee20f,test
628eddfd9d9a66a0,test
629595c73af21cae,test
6297d7feda1df2ea,test
629edefc319296e3,test
62a2655fa877b421,test
62a2cc859cedcd41,test
62a47364c51d8968,test
62b07f1e66c413ff,test
62b2b9a2c04127df,test
62c0c98c76a856f5,test
62d0bea1ff085a66,test
62d49b579fad8ae4,test
62d557da48efda39,test
62d6e4cfbabff679,test
62e3bff97df3dd90,test
62eeb4a44d165b8e,test
62f3ea11ec1dae3c,test
62f86590c202c617,test
62f9a1749eb1faf5,test
630a4a39b837b6ec,test
630afbe7b064a3d5,test
630b4e521b64e4e1,test
630f2ab58f5ef2a1,test
631a3cf8576ba0ec,test
631d0a3683b13969,test
6339a64476d7137d,test
633c70c2b8a7483b,test
63420a8423de6645,test
6345c7e7c8ca1702,test
63485397c7a52629,test
6348d844392b5fd2,test
634f9703f871723e,test
6356460acbc89124,test
636b4615d027430d,test
6371317f55f98e94,test
6371409c62480539,test
637205a36f06c720,test
6372dcce2b7502b0,test
63742a53868ebb42,test
637cab90354aff2e,test
637f0e614edcb386,test
6380f193a178e71e,test
6382934b8a7ae26b,test
639793172ef87c36,test
639c20b65b219a80,test
639faab683e5907b,test
63a064a35e012a8e,test
63a45e2a1be61786,test
63a83729bc9bb0b9,test
63a8f01dccfef983,test
63abbe43094ced24,test
63adbc23c9ad4d91,test
63aebb224d4a552d,test
63c50501a3ede02a,test
63c836373af409fc,test
63cfad234270a3c2,test
63d76b79af4358fb,test
63db9d0ac48b35b6,test
63dbbb06e867c45a,test
63e1e193fdd9ebc5,test
63e8308730f96e87,test
63f169577295d802,test
6413d1764ea219fa,test
64192f1812d6a1f7,test
641c33a2e43dffb7,test
642010d8339561e7,test
6429f2561ee4605b,test
6432ee887958ae52,test
643611d79e193a20,test
6438ce4b70712245,test
644c784e25e41d48,test
6452528a174c5d2e,test
645493c2a53bc5b7,test
6458186952432dde,test
645af2eef1eb2d71,test
645bcaf8f2b9aa0b,test
64761e4087b8a511,test
6477645b30d2c8dd,test
647a6b6ae7c304e7,test
647eb81dafd9efc8,test
649fe9f493867719,test
64b3349b1218dda7,test
64b4bda0e8d10801,test
64b7cd43f5dcc563,test
64b867350e81cbb4,test
64be9a77e77a6ee3,test
64c14ada45c11fd1,test
64c285685c3320db,test
64c55579d190c080,test
64c60d6cf51d116a,test
64ca221c61a31f53,test
64d7905c354e0dac,test
64db3f0544ebf141,test
64de1b8dcd797392,test
64eba6e78bde676d,test
64ef9e8f86cc7a5b,test
64fe8b5b9f9ceca5,test
650145b10403d8eb,test
6501f8ff4b82d696,test
65092fc7c787eaa9,test
65210f34adb676b8,test
652441a22a0a75cb,test
6526f8bbe14e66de,test
65270e8e9cb22866,test
6531294787a9af64,test
65364323db1dc5dd,test
653b90b52b7c50aa,test
654b1dad6e45cf1b,test
654e8a1731bfa169,test
655997de0dffd478,test
656b2ecf11ffe765,test
656fd92aa2fdf756,test
65735746c5703b83,test
6585d19bb817f616,test
65879027790fa39d,test
658d8f19af55da6f,test
658e4989c83fa2e4,test
659021450b9f05d9,test
65904b5e0662548b,test
65921415af31f4dc,test
659d9a7c52603490,test
65a3acdf0b0029cf,test
65adc1007c385256,test
65b6c7ab5c0a2415,test
65b9c0f6a44447b2,test
65c064134172e84d,test
65c5e330469477d2,test
65c87da5f657932c,test
65c9ddd47d0c4296,test
65cedf73882a77db,test
65cf94e5e6af6521,test
65d00bbca2d5a471,test
65d214ad466e32e8,test
65d6b2e3bd377ac5,test
65dd4ba0c083d6db,test
65df302f290924e5,test
65e25f6a29de7814,test
65e2fc9161264f7d,test
65e38bd8cd74f5f3,test
65e575bfa0907abf,test
65e702cf533cf683,test
65e7807a03fd5c19,test
65ea81e5e4624bf4,test
65fb8156566592f0,test
65fc7befafb8b920,test
66004fdd20eec390,test
66054f3b4b518ba2,test
66086f96e9049c92,test
660e840da1c1a233,test
6614a0db0e9c84cf,test
66165531d9cf7c08,test
6620890a91def2bd,test
662133088915666a,test
6625430cc97cbf2b,test
66281acbcec5981d,test
662d2ea890a70c52,test
663077fcee36004c,test
66376d59fa1dccab,test
663e6667d2f51bb0,test
6643df07b31b121e,test
66484be36ab6cee8,test
66494f222e1b5020,test
664fdab9c26b6fd0,test
6650401cfd56815c,test
6653dba62cc15ae8,test
66572b0983ef6bcc,test
665bf5cbcfcf8728,test
667056461a974e36,test
6678d6848ab0f2f2,test
667af6d2841a0a9e,test
66802d52527204da,test
6680e4c6c1b5f3f8,test
6689f82dc3aeef7f,test
668adb62ed20b7fd,test
668d685cef032d09,test
66978de4c13d3c66,test
669b3fd1f82f941c,test
66a47a270a061b0b,test
66be2c3a554e141d,test
66c095ca3b37770d,test
66ca2f4ee1519492,test
66ce4a99a1e093ab,test
66db28ab62d6d7ff,test
66e420a9b0abe642,test
66e79fd946ccb5fe,test
66e8fd910261c966,test
66ec05a3dc0a9cc1,test
66edc99da4f5d9de,test
66f2d3adefae4d67,test
66f44152e46d9d56,test
66f967e8f491aa43,test
66fea3b97a94fe4b,test
67034d245b5837e3,test
67108929342d633f,test
67135574be1d7a3c,test
67191f31725f5a87,test
671921aa60928a9e,test
671a1dc4b3289bae,test
671d0d09988c7b52,test
6720fb5f23d48a97,test
6726b2174dcc0e82,test
6727f2bec4baa511,test
672837ae80c6a31c,test
672d95301f906cbd,test
673a77cb6bf1a13a,test
674aaacb36531f7a,test
6752b200e4f9f950,test
6761895ed04b070b,test
67674651807a1994,test
67852eee8b3b9498,test
6786577289b58435,test
6789bd3a2792a61f,test
678e5c5ce520126f,test
679ba326fbe402a8,test
67a9b9eae1dae2b0,test
67af35191f63a746,test
67af7287cfcecb97,test
67b1530e1fa77342,test
67b420668abef7c3,test
67c0e4a5fead935e,test
67cd4939e043662b,test
67d00de62bea7dd9,test
67d01288ce73b7b7,test
67d18b33a899da5c,test
67d478501885c61d,test
67d76d555f03bdb7,test
67d858c99da1809e,test
67db709635253196,test
67dc96515c487698,test
67ee183ef9b6b436,test
67f7dcb4301f7f4b,test
67fcb38d39300f02,test
680503b7909da456,test
68067265882e8c92,test
680b0ead965c0e9e,test
681137cceab76e94,test
68155c03ccce3516,test
6828ddcceb59c794,test
682dd9f8f42e8391,test
683129838084471d,test
6836e9c863acdf97,test
683fe1e34eccd99c,test
6846d810cdcf9bfe,test
68520e3c47fcc619,test
68526ce5ef14828b,test
6868c55db975e3fc,test
6877fe918b4c4c81,test
6879df5fcfa7d1ad,test
687ef0ff92c0f92e,test
68863b83a7a038be,test
6893e8cfe4b4e5f3,test
68b28d941185197f,test
68be52f6ce7ac481,test
68c9179934432921,test
68cdcb3c001bfeb0,test
68d08b9369d90d24,test
68d1b35cb7b38d77,test
68e379c817e94114,test
68eea5a37e6e6cb1,test
68fbb7430b07f7ac,test
69036373248807aa,test
6906eae1538ad15b,test
69196972278c77aa,test
691a0a7bf7c3f7c1,test
692478bb4e4aa1d0,test
69250e6051fe5c0a,test
69320fd6f6557bbb,test
693992192de7a36b,test
6941e436ab26944a,test
694a758e09b12f13,test
694fb18ae5a58277,test
6960ad4caa10fdd3,test
6962b1ef1e2fae41,test
69647faf25c96027,test
6968c709a636bbb3,test
6971d5e78ed99653,test
6976c2d43f33d485,test
69789dc991f53de1,test
697b625e741bef41,test
697e2fdb06bec1cd,test
698633ad595cbf13,test
698b21c50a6ee2eb,test
699682020dc99e16,test
699d378d1c36237c,test
699e5698bd0a648d,test
69b32dace824dded,test
69b62766283de1d9,test
69b62876da35c4b0,test
69b882212d09716e,test
69bb00e5081705a9,test
69c1c83957ef4267,test
69c34350245f9149,test
69c50696c1fccd22,test
69c8c1912edf2a2b,test
69d202c1319ab0ed,test
69e816d89363bded,test
69f93cac452a7d71,test
69fc7fe867ea0de5,test
69fcf0a9edf08ea6,test
69fe3982cc4de038,test
6a042c6124f9fa2a,test
6a04c935b19f7442,test
6a0699ef7fecd57d,test
6a0b5d6450fef93b,test
6a0c53ab61b95e1e,test
6a0c9d6cdf147373,test
6a1286131f3bf330,test
6a171c22be07bf72,test
6a1b0775c64e5c5b,test
6a25068465bb0726,test
6a254c8ef46d3c47,test
6a28ea79c841042a,test
6a2df0ff55d81de3,test
6a302826506027af,test
6a569f88e094466c,test
6a63b0c3c9fae9f5,test
6a6ae547fd11b0ef,test
6a7044be46858e1a,test
6a7809afa0d379be,test
6a83ad464bc1b537,test
6a83f4edffef5ce2,test
6a84febfab42c3da,test
6a98a4c30709406c,test
6a9af9e8df60c9cd,test
6a9f8dce614c6176,test
6aa1dcd75bd5eccc,test
6aa2e0108d224e47,test
6aa364498afae791,test
6aa9dd04e06cf6e9,test
6aaa8fd97845b2f6,test
6abb1f4ed63dcef6,test
6ac04353e4b7e0b1,test
6ac9fa984256dc37,test
6aca73b40084a55f,test
6acf733a7f3d60b4,test
6ad39dee1f1a5d46,test
6aeb89e9148c0b5b,test
6af387d906a635d2,test
6b003fa591bb4b6a,test
6b09efb5c5ac2f99,test
6b0e0dc704e2dccb,test
6b0e100f62b0148e,test
6b0e308e96bfc57e,test
6b12fff839869bde,test
6b18046b8be4175a,test
6b1c88deb4c8cc80,test
6b20e635c082a087,test
6b29c6646eed346f,test
6b2af68e11cd135f,test
6b3008b084c5c9e2,test
6b31da610b630800,test
6b334251852ec730,test
6b334d723a0048d8,test
6b3bc09841572689,test
6b3c876e8986d6ec,test
6b48c3c9747e42e1,test
6b55ae8104f379cb,test
6b5dd83e1af3cdf6,test
6b5f852ac3a93740,test
6b5f9fb08de9a316,test
6b60438d699693c1,test
6b66d607439e3374,test
6b6748fd4f5dfe3d,test
6b6d35b4fa4b22c5,test
6b830c5d1c5c3621,test
6b859b2c94fcf93e,test
6b88a96a5ae9713b,test
6b8cd4dc67548c75,test
6b9759e418434fe0,test
6b97b93794e136ef,test
6b9c49cec2c88951,test
6ba145b568c000b5,test
6ba2f886803466b1,test
6ba3fad7ac490033,test
6bb3aa250398326b,test
6bc51448019d8437,test
6bc7a8d8e3c06112,test
6bcfe28c4d393b46,test
6bd3ed7836c33194,test
6bd4ac8186e07076,test
6bd5c372a1713069,test
6bd7919634b5a46e,test
6bd8a4ed3990ecc7,test
6bdaed0375204a46,test
6bdd2bed233e9832,test
6bec3416def37629,test
6bf101b868461f2f,test
6bf5ac222e4ffede,test
6bfb4b9933c5408d,test
6bff96334a887893,test
6c09584f1b346738,test
6c0d6c9db72be54d,test
6c0e68a0c6d6f2f1,test
6c116c7e9f615a1a,test
6c1330bae9dad2dd,test
6c14f41c0ac29477,test
6c17de90ad7edc3e,test
6c1cc9cbd7dcf080,test
6c1d94414f8157cc,test
6c26823c60aaa253,test
6c2f34bd18a9fab2,test
6c301c68800f0c78,test
6c350f916744bbf1,test
6c392863f28dc5e8,test
6c3979102c2ff58a,test
6c4159ea6e9b9737,test
6c456bdd8bd05a99,test
6c48858d249a6218,test
6c50e99b58e6d289,test
6c5a6e5440d8fb33,test
6c64e789bde622e4,test
6c6b4f4ad7ff4661,test
6c6c437d89666c97,test
6c6d7f4f4cf4c9e2,test
6c7f2e7687f1e034,test
6c7f8dfba6bfe40d,test
6c81efa339e97384,test
6c83a9ce81414d8b,test
6c8505247fe5ec65,test
6ca4d8da37f3bd03,test
6caabb02418a18df,test
6cac963fb6d73e00,test
6cbbd1a31c195015,test
6cc04b3e8f172626,test
6cc1d601f0926ee3,test
6cc1f16338150263,test
6cc5685eeb34d180,test
6ccceaac60309d0d,test
6cd0409cba93787b,test
6cd2f41c56b893f4,test
6cdab88bcb261243,test
6cdbef3559bb4633,test
6cdd4b693242a1fc,test
6cde0f88962b8a30,test
6cdf23565dbef815,test
6ce006c50c50a396,test
6cebea200d4d6a25,test
6cf09358be0a7c44,test
6cf11ee72cdc060b,test
6cf613c6646d1d1b,test
6d01cc1574de40d1,test
6d1103f04078eb6c,test
6d169c860aca8fda,test
6d2fa2fa3cd5a780,test
6d31ccda293d4244,test
6d3ec9a58dafd306,test
6d412d101399cb56,test
6d43c9030e82b289,test
6d43c9cadf446da9,test
6d44619c04dd283d,test
6d488e538dea2b58,test
6d588ada4a40ace0,test
6d65af015a836320,test
6d6ce9a84fb95edc,test
6d6f85cfd337b750,test
6d729c347c2b07e2,test
6d775b75807df719,test
6d87b6cc231a4b3b,test
6d87df386cc0d25a,test
6d9382e7e9b7306a,test
6d95ab2f5a8f69fc,test
6d964501fa6a0d63,test
6d9b69b88d197900,test
6d9bd1cda954f0da,test
6d9dc85070ff6bdd,test
6d9e748a6dc8dd37,test
6daccdf8eee44cd2,test
6db1ed746ee61a1e,test
6db6508e02d0aa14,test
6db807848a1b9aa9,test
6dbad019e41dd788,test
6dbb52972b08f8c7,test
6dc6475a4f62ad66,test
6dcc10d7821d2c4d,test
6dd4b0edb39f50bf,test
6dd6cb5309dfdd55,test
6dddad1e396718c5,test
6df4db2fa22c62e0,test
6df8bf8c026787c3,test
6dfe6be0ae22dd6a,test
6e036aad2410593f,test
6e09bf50dcdf876c,test
6e0b79a8a00e46a9,test
6e14e0445c6fe552,test
6e4d3aabee1e4f6a,test
6e5951f65c29a031,test
6e5bad1802a14709,test
6e5ee4b4791fd25e,test
6e67f7d2922797eb,test
6e7e3a5a5ecb1e28,test
6e93caf9fa82d006,test
6e96c9bec968195b,test
6e9955ec87e1a68d,test
6ea41851d5c06aab,test
6ead02d13644fd88,test
6eb1f68a531d625c,test
6ec7f9a233b66918,test
6ec8a08988fd1ca1,test
6ece69c02ec0b668,test
6ed3464c03172b7b,test
6efedcc438ba32ac,test
6f04d05907d0b8bc,test
6f070ce3071e870c,test
6f1412aa84195db4,test
6f1c31e954c186e1,test
6f32f2236a1d2137,test
6f38008bd28e7323,test
6f44c47124798a85,test
6f49ab875522c410,test
6f4c12e0b10c4400,test
6f5ebafa238c1eb8,test
6f60af95fa052a2b,test
6f6a2d38515bf69e,test
6f83269125250e7b,test
6f9783c411430f82,test
6f9a640ada16fd95,test
6fa3b04720a92186,test
6fa544d618fd4563,test
6fa6e7a3cf5f69b5,test
6fa8de2d3057d70b,test
6fab55894f4681ba,test
6facdb0b93a82800,test
6fb71ac42bd69ade,test
6fb7789ee12dce12,test
6fbc94cd024b397c,test
6fbe17de0ebd1a5b,test
6fc14847a4c406ef,test
6fc56434daef8bea,test
6fca73c19d931764,test
6fcd84b0665de3e1,test
6fcfcf8c2e4a2979,test
6fd9fad13170d48c,test
6fd9ffef3c83cf19,test
6fe83c9cf7172850,test
6ff168f8df49d430,test
6ffb3b2b0e383b94,test
6ffd907bc6e2e3e7,test
7008089b42eb4b1a,test
70113a77cd67cb9a,test
7011b59f1a1bbf94,test
7015a4b8557b2c63,test
701adedd9d62c7a5,test
701ae844220590df,test
701b81ea9f7f48cb,test
701e5942391a36a0,test
701f77c15a0b1968,test
70221e278e1cae77,test
702731bfb04c7f04,test
70386dff6b09d3b7,test
703fa6ade3e24aec,test
7040df9d4979448e,test
7042a5d1c64502b7,test
705366c785a0770e,test
706c954328c9f69f,test
706d4d57b8780de2,test
7079083a26f1652a,test
707ed9eeaacb9688,test
7080e68e721bfda1,test
70819664b8f5811f,test
7084c35e4c08b6eb,test
7088b1e129e9317a,test
7093fdc5cd86f5fd,test
70945916f3dccf2b,test
70a1f289fb61144b,test
70a7f3bb073b20aa,test
70abaf23b1d7eb80,test
70ada59f937d08fc,test
70b1b687169a1043,test
70b5c51a32a8a7c1,test
70b5e94e5daca48d,test
70b7706af3868fa0,test
70b7f20988d66851,test
70b9cd5820d9eb59,test
70be6fe3c01c4120,test
70cb3ba8a7503ef5,test
70d79d7c9573137e,test
70e004b78dd3ca25,test
70e6efc15bf50618,test
70ece986011545b0,test
70f2e03158fa484a,test
70f57c60c8100255,test
710281de943f7da7,test
71065b3c02b26d19,test
710a540e74c109a9,test
710decc330f411b4,test
7112b6626b438722,test
7114fdb8eed5ea6c,test
71171b69d36a6e42,test
7120afe4aacacd6e,test
7122b362ab639501,test
7124ec6d953c8b3a,test
7126b0010a7b13e4,test
712c69f0fc6e0110,test
71339fbd98e05fd9,test
7134a84c9c4bd2dd,test
71357ff8a94ad192,test
713784314d97e96a,test
713fb6ed225c41ec,test
714155aa098df245,test
7144101a8fccde1e,test
7144ccdee8141b4d,test
7151f1c8b9244348,test
71567bde676a3749,test
7157965ff20c319e,test
715b517e0d24ef65,test
715d40247a54a762,test
71632d5260f2f2ff,test
7164e84fa8b100a0,test
71676dfa971fffe0,test
716cadba825ea8c8,test
716d09049a59370f,test
7173d82a2dcfa156,test
717627fafd08f30c,test
717cf06407b39707,test
7184ffba9c99b4a6,test
7185cba5e1b23a8d,test
718c2a313912b2ce,test
718dbe943b9e2ffd,test
719aabc88219fe6f,test
71a2799439fa3865,test
71a942d46faf9596,test
71ab039d236418f0,test
71b89d45b3c76369,test
71c84988dc7fe4e4,test
71cf9c43d31b68e6,test
71d675e46c0bc295,test
71def487ce932ee1,test
71e404737cb7d329,test
71f92cfc65e68260,test
71fbf74272ffc795,test
71fc8b32d0189412,test
7203b8c7bb0034a8,test
7208c920e92635c2,test
720e1e3536e379ec,test
7212f157d8d77afd,test
7215a4a789b649d6,test
721be82c7e51ba9b,test
7225fca593f199eb,test
722b6bffd70d3359,test
72339cac37c454ab,test
7233cb7519e2b444,test
72345f93c87ff513,test
723fdaff5b60d0e7,test
72400ab0384010d7,test
72427f3a5bbe649d,test
72459305492bf1cc,test
72483f39d76b1288,test
724f8352f12d6ea3,test
72565d84469cf918,test
72572903482981c9,test
72577cf79d1eab2c,test
72578678b1dd8923,test
725a86122ce5c40d,test
725dfc483d74a4c9,test
7267689a41fcf4b3,test
7276ea7d31cf1586,test
727b7e517ac3ac03,test
727c32f891becc16,test
727f2e496e563d42,test
728283a98880219e,test
7287aaf0e87e0a05,test
72922cb6e0255160,test
72b0cb0e675ff847,test
72b845721220f0b5,test
72bb9e0054ff4669,test
72bf4976b2173079,test
72c03d35e7877aeb,test
72c8dda564c03252,test
72cce6f5f2ef21a0,test
72cd879b15f9369d,test
72cea0f63c32c804,test
72d36164fc302f23,test
72e5664f0ef9a072,test
72ec883b87c18b9b,test
72f37e0e3e3a377b,test
72fc4a08232937e8,test
72fd06053b3d9dff,test
730b0314538e942a,test
73175a44ca390028,test
7319481b9c4b1abd,test
731e4aa6a6c9d68e,test
73214bdd3ada9b47,test
7331300c79935aa7,test
7335c2fa5b0dd77e,test
733811ca01025209,test
73398a993e6d3ef4,test
733ee773a058e215,test
7346cae417c4500e,test
734b871c006eb72f,test
734d74df4ccd7af1,test
734e95f744a411de,test
7350613e80c7cfea,test
7372e75390acb082,test
737594a1dbc02a52,test
737915c06b089439,test
737eac0e6087fb67,test
73842301acbfa7bd,test
73880a1b089fafa4,test
738fe6ced8a7c11d,test
739013e585b35418,test
7394522993ff63f2,test
73985dc425b5762b,test
7399804dd5932bd4,test
73a0c974a77f0c94,test
73a5f4e3df2f0267,test
73c468f3fd3ebeff,test
73c70b63d11fed1a,test
73c917e4efa5b46f,test
73cb60d19de03084,test
73ccb75cf1ecb2ad,test
73dd5e0ca01d9c86,test
73e219f621bddceb,test
73e51a2e1d66f8c3,test
74019e5a0e0efa62,test
740257e1939b9fcd,test
740455b63940b804,test
740789f040af6b60,test
74088921d3f58bda,test
7410f275c1b30828,test
74177cd18a89d2e9,test
741a22f472336a32,test
741c1a0c84e112ca,test
741fe4a5e51ff184,test
74296b3953b257aa,test
74351e9cdef10ecd,test
74360a21f23eeb6e,test
743945b479faa3af,test
745224bfca55f135,test
747422080477cc2c,test
74742660f1308f8f,test
747451b9e49483f6,test
747dd31c070712fa,test
7482355b2525b35d,test
7484072590a91229,test
748936a040e41426,test
74928d3ac5245ef2,test
74a4cf3b77169e1d,test
74a9e920a1a60dd5,test
74b1ed0825a8bce6,test
74b60ac0dfc4e564,test
74b7168b89be1fc6,test
74b72c102760974a,test
74c39c2439c71952,test
74c8011cbf32e652,test
74c91a934a3cc126,test
74d8d0c7288981a0,test
74de766f27c11f21,test
74e29e37e65296dc,test
74ed2a47ca0a2b70,test
74f9750d8d8fd09c,test
74fa74b0c7fd5c59,test
74fdf7321cf1fb7a,test
74fec98adbaa2e5f,test
74ff42286cc2ff12,test
7501518a53ce0f61,test
7503afb81af16973,test
7506d572a999ce13,test
751873be97b7ae7d,test
751b74d6b255bdda,test
751fd07cd0ff7a20,test
7520cf0f307caf3d,test
7520e4136c1bf7c7,test
75245b05fd808a65,test
752cd7795bcb8310,test
752e98dd1a4620ea,test
753961b119382f00,test
753d855c56d30b77,test
753e5ee405a1a2a1,test
754103026f4279b2,test
75414873446dcad7,test
7548f46db7e9f347,test
75533ecd372b6965,test
755dde203145f767,test
7567b8a56536453b,test
756d27463279411e,test
756ff4d88e0bfafb,test
757498fd7a6b49a9,test
757c48f683addb18,test
75852bf7bbe6b34a,test
7595a7b306b52903,test
75a1378e8c6c709b,test
75a556651001765e,test
75a57cdda3145bc0,test
75c1c0c06cea98ed,test
75d8969b3cae43d4,test
75da9d669ede2883,test
75e3f7b76532c594,test
75e5141a8680f7cf,test
75ec363d24c20f47,test
75ecf732de5504e3,test
75ee71e5a8292612,test
75f29094d06980e6,test
75f2f3be386f9090,test
76002ef6f5f6280b,test
760561fcebf57336,test
76059280a4d09f3d,test
7605c1f25bc439af,test
760c4b5a264c2d15,test
760f65c988332574,test
7615ebd5ed83554f,test
76214c4dba28e6b2,test
762276439b4cc218,test
76299a444142cef0,test
762a8c1bb20b2981,test
762d5439e14ef112,test
762ed96053a00caa,test
7632bef3047e8d9b,test
7632bf914fda5e16,test
7637b32c40b7be41,test
7638acb5c7e37547,test
763981a231a2e21b,test
7649ee767c8cb0fc,test
76530e15b70c1bb4,test
76593b323b8cf344,test
765f198e62a2490c,test
7667d3458761ba7a,test
766a631bc4c58bbd,test
766d3dd253674ccd,test
7679551bf7da63be,test
7685e3c3b314f54f,test
7689d2946ca740d2,test
768b68c9120d9d27,test
76929614c645147d,test
76976671021388d3,test
76989301632ffbc4,test
76a1ec4f6ef12606,test
76aa4e62645aadf6,test
76bbaf81d47ddfca,test
76bcffc439151243,test
76c395afb46441cf,test
76c8063651cc0c46,test
76cc61a8695ad7bb,test
76d4361902cc8fd7,test
76d8ba77bb27e302,test
76dc64943f664904,test
76dc77297c655b1e,test
76dd2f6263b4b7de,test
76e56c1dbcd9b07d,test
77041dcbc7c7572a,test
77113bac2639d479,test
7711b098128b55e3,test
771253794d9ed894,test
771a5e27f5acb54a,test
771c8cc3ded7abe4,test
772010114d160f4a,test
7720d02714914526,test
7727108f5ad06297,test
77290f016be52c82,test
77413830b3c2ecff,test
77473788040ca344,test
774dbbc299181adf,test
77548ab8f7edfdc1,test
7756539da521f50a,test
7760c66ca80b3888,test
777822fff3343081,test
777925f0c7622165,test
77806bf69e2c3c5d,test
778071376a263e85,test
7780e45d9cd6deb1,test
778bd3bd6c31b804,test
778e8ed6b394a888,test
7793ee9b14fdcd91,test
779657387a6b0d32,test
779e27d9946df979,test
77a5948ef4f5b088,test
77b1cdc420fedf19,test
77b356759e780baa,test
77bd80f74664d644,test
77c09d340a1a53c9,test
77c13c85721bda04,test
77c19f64d1a7d576,test
77d1e128f07ce408,test
77d422e698676b32,test
77d6392727a7a094,test
77eb4b1ee1a3d7b1,test
77ec671cee517841,test
78074d7f2e5621bd,test
780852d5b100fb54,test
7809f6d1d900cfdf,test
781472a46e979990,test
781d4297b0f483f1,test
7821a5833e0d8e23,test
78266b7210134831,test
78317d9d4cd0d95b,test
7838e4382de59179,test
7839dc815e6692c6,test
783a9f2efd796c49,test
783f9b503cc8201a,test
78470bd23a7ff20f,test
7848e9850feb558f,test
784b5e94eedaf081,test
784cd8f8af4df2dd,test
7851cd0d660b4a10,test
7853489bde35d243,test
785b3f8c0424602f,test
785ef7e1af32ae03,test
786dc8e0a0ea8a45,test
786df70d29cdd78b,test
7875ff8c1ff533f1,test
787bf25996945e2f,test
78842d1b062e1aa0,test
788afbd17e402bd3,test
7892c4454509c274,test
7896fabba6c520c3,test
78a69b265a98c8a6,test
78b1785e6e51c701,test
78b3c28a92683bd8,test
78b463da1fee86c7,test
78c54e6ee48b9062,test
78c923168b7105e6,test
78d2d06f24b1602d,test
78d7b7fab275b40b,test
78da58a67ffa1b36,test
78dfe31983f94609,test
78e0fcb4f27cf760,test
78e5270db7dc7747,test
78fa289996c38375,test
790289b533f0366e,test
7908d3d345c7b0b2,test
7919d5e790118cfc,test
7921fe0b1f18931a,test
7924d51a737bf087,test
792a2e6ef80647e1,test
792bb85318c6feb1,test
7932911a2d30f577,test
793bf285e7e7b5c5,test
7945cd1fc49c2477,test
7946da83becc5b5e,test
794b0db24d853ae5,test
794c287cdf2dd14d,test
794c8964b7f5d4df,test
7956ea390be72609,test
795b3ed2c2f1d5c1,test
795c6d529d0a29d1,test
796556f43aee0954,test
7966c8bed99b665e,test
7979aa221b46eb7c,test
797f589d89b4f168,test
7984981af32ff4e4,test
79856e106b5f9c3c,test
798b84fdcae373b6,test
798bff4d44f6598d,test
7997eaf2dcae9c8d,test
799819f9f39565cc,test
79ae74aab3b02044,test
79b177d916a81ffe,test
79b25cf900354217,test
79b86d8aa2546d35,test
79c22abce6dd8674,test
79ca2e2e4829c8a9,test
79ccc1c4c02c9531,test
79cf529f2c61dfa7,test
79d532d28620dc61,test
79da8e98da6bd0c4,test
79e759864c6827f0,test
7a079f1b0bddd889,test
7a1c0c3092612f37,test
7a20fd7fbdee88be,test
7a237784dcc6c8a2,test
7a28e1be6bfe49a1,test
7a45877a8b41660e,test
7a597b6d5752119f,test
7a5a277ef2a3a297,test
7a5ae49d5bdf4c3a,test
7a600ee8027e7335,test
7a613ab556bf23ad,test
7a6210d8d6e0fd4c,test
7a6a31cfe3a4772e,test
7a7260394085bad5,test
7a72ecb972d7c346,test
7a73aaa74a0b8cbd,test
7a76f7785740c0e3,test
7a82b4ad078da191,test
7a87493f933b80b7,test
7a8d2add3e37c064,test
7aa202d3566287dd,test
7aa62ee0416830d3,test
7ab037a384532d8b,test
7ab095b31506c050,test
7abc1670896efd59,test
7abfde502ff3ca73,test
7ac3854df380c132,test
7ae0cca811ba9370,test
7ae31fb9b3f40453,test
7ae53da99bbd2886,test
7ae912236bc81204,test
7af66b3c6944675e,test
7afcf18ec2195dcc,test
7b01cab58b201195,test
7b042a9de2563b44,test
7b1086cef8a3c84d,test
7b17b619b9a95237,test
7b19567360c80c2a,test
7b1dd6baaa084fdc,test
7b22ffa321bc4a4e,test
7b27503319c3ab34,test
7b27e24298d384a2,test
7b32ba5ed78c9642,test
7b39514d706a4469,test
7b4230e83c45b398,test
7b43f23a525f2fe8,test
7b4c68bc25c95f9e,test
7b4ed0d5dff775f2,test
7b5b14e5e0c50436,test
7b5c46938a991b5a,test
7b679964443b1277,test
7b69f5157a757473,test
7b6b9a720b6c07e7,test
7b7363effbd90670,test
7b8142702924dd3b,test
7b8403fbf7184848,test
7b8ff5d9a94549cc,test
7b92c9edfbeaaccd,test
7b9a0882e0f8e443,test
7ba1eb51a98716cf,test
7ba3f090eda0dd16,test
7bae6c24f77bef62,test
7bb4dfe93c4627c2,test
7bc37a3d8eed67d4,test
7bc63ec21c198429,test
7becde5299add465,test
7bfb652ddb650218,test
7bfc43efde708a16,test
7c04e66abec87867,test
7c0fed13f39e2536,test
7c11e41ed67c2102,test
7c16e86ac502dfc5,test
7c20ee2605a8a067,test
7c238274252b8887,test
7c2e322c82666bd5,test
7c2fb4298cd0dda3,test
7c3423f62d376267,test
7c37541bcdbf4053,test
7c376c03df0af8b5,test
7c479fb63b991967,test
7c4be44a446f65bc,test
7c5160e714ca1eb7,test
7c51e7ac5c71fab8,test
7c52ba11031865cb,test
7c556d972a73f8fd,test
7c581ca59747862d,test
7c585d2afa1cdd37,test
7c5a16a3c66d3b34,test
7c5e5d8b66c51cac,test
7c79b5899966a608,test
7c7fd186b87e791f,test
7c806b2f80f5e0d0,test
7c80ba91fedbf153,test
7c8269c4430b8569,test
7c840eea50df4a8d,test
7c88081d06fb0aa0,test
7c8ddd48b3e1817e,test
7c906c4891226e94,test
7c95da2ef0e5ba4e,test
7c972edc15724fb1,test
7caa31ddbab7ffea,test
7caa88e0d6024ff4,test
7caea67f37f51fd6,test
7cb0d736bcc32a67,test
7cb59dff2c8524a4,test
7cbe1032ebadf853,test
7cc1daf5979171c3,test
7cc2c1b919263c18,test
7cca64247356fbeb,test
7ccaa6d0595cda2c,test
7cd8d11e8558296b,test
7cdeecba5973a44b,test
7cedaefa5b730a00,test
7ceff870e7d7942b,test
7cf4586078207a50,test
7cfb227ab4affe5a,test
7cfc7e46b55d8565,test
7cffad3f18e7b08a,test
7d06ab3bad4441b8,test
7d0a15a8fe1afb98,test
7d32a46b5b37bde7,test
7d3b569b8c36500d,test
7d40bd926431f171,test
7d427b8cd84246de,test
7d4db2701155b6b0,test
7d4e430c615f5d83,test
7d58e0c112bc58f6,test
7d6997da3f5341d0,test
7d6ab237286c69ff,test
7d6b71020c84da22,test
7d6e7a978f70bef4,test
7d6fb6fe78b2e392,test
7d7304a5c3cb479d,test
7d758725d2be1337,test
7d7aa5bf348e8418,test
7d7abcbb61d7571c,test
7d7e288eb4c22075,test
7d815e42a9de3b76,test
7d819e22f20546c6,test
7d877683a551e815,test
7d9c525026a52d04,test
7d9e0fe5ae617a2d,test
7da52d877b0b0187,test
7dbbbfa93e40a700,test
7dbeb56824dc8b1e,test
7dd372c9dbe97ca8,test
7ddc1f6e3ae8c4d7,test
7ddfd662c47efacc,test
7de1aec6c0edfa38,test
7dea58f438fe8504,test
7dec32dff77e2d20,test
7dee0e34e30348d7,test
7dfb5dbf2b723203,test
7e0a9aaee4bfd47c,test
7e0d74ee8f531973,test
7e1170190766fea1,test
7e1c5e495cfd6628,test
7e26685c0e38b007,test
7e266ddbb8a9c0db,test
7e302335440e4561,test
7e306e71bb553569,test
7e3707cc7aff818d,test
7e47e2f48216b9a5,test
7e5ae244846bb7b7,test
7e65a4326123b170,test
7e6691cd33bb18bc,test
7e6eb4be0d3803ab,test
7e702935fe80ba65,test
7e7583ec6929f9fb,test
7e7656568e3b9614,test
7e792ed99fac2c39,test
7e7ae931e417906a,test
7e7bd590f25e5b61,test
7e7cb56a42722eaf,test
7e7f8603964ec352,test
7e94d2b5b7bc282a,test
7e94f5214769453f,test
7e9719b98d42439e,test
7ebdbcced6b21052,test
7ec1d680619136be,test
7ec34678450fb9d4,test
7ec35ca7cd3659ae,test
7ecc2d5c21e4b6d4,test
7ecf316b6291ebb7,test
7edcf12419fc68cc,test
7ee40f82a3c45657,test
7ef67c2ebe35014e,test
7f04d27b8b26b043,test
7f0e3706d1e862de,test
7f30b1e46389613c,test
7f41ba1053a5c9c6,test
7f50c7d4808638af,test
7f6070e04684c666,test
7f60b6f65828d06e,test
7f679d984d7540ae,test
7f6c9b906748a6d4,test
7f6eb58bb3112936,test
7f75246125f378d0,test
7f7cae102583bc61,test
7f7fb9489f59b8ed,test
7f82aa2edd5d87d6,test
7f8485939fb804ec,test
7f8b8ce3e02734f1,test
7f9160c4509f6289,test
7fa1229dec09cfbf,test
7fa54b95ed616fbe,test
7fac4c8e614f1bfc,test
7fb8780bcbfa1612,test
7fc3acc40d834c0a,test
7fd04b41a44595f6,test
7fd1099a19767d92,test
7fe0a1f18c177a79,test
7fe4db4ad0d77c90,test
7fe597d410b73a4d,test
7fe8e8fe049eca8a,test
7ff78686c8807a45,test
8008d3f48008efc3,test
8009d60f7fde43a9,test
801218e9ce6dbf89,test
801fbeb924bce751,test
802154b4435c228a,test
8023b9c24bec01ed,test
8025ffab5ed95445,test
80265ba754653a7a,test
8028ba1b93ab6014,test
803240b5d2d3ad33,test
803578b20729e9a3,test
8038d21126584bf0,test
803afa253c5a58de,test
803db573600fce0f,test
8041e8b37ebe566f,test
80430207145dc73e,test
80434951b042e359,test
80454dc0dc9322d5,test
80463c8d56bfad51,test
804aa82af6f67cd3,test
804f889888e2018a,test
8062bbd02c99417c,test
80728515a9e8a676,test
807db58d6f9151f6,test
807ffdb1f5bb8254,test
80856ab5ba1752fe,test
80895ab80bb98d65,test
8090b05a0f7bb4dc,test
8093669022260a80,test
8093914eb8f2fd7f,test
809da54e861e2c49,test
80ad20fa085d033e,test
80aec1955bc3e540,test
80af41c56722be1c,test
80b1da915e876bc3,test
80baa362c20b61cd,test
80c40dd3050f096b,test
80ccf99150df42a2,test
80cda9066c7d5f2f,test
80cea4a91927a9ad,test
80e2bf2130cd0eaa,test
80e458fdf2c157be,test
80e4b74194eab9c4,test
80e565b9872d1277,test
80e5800494501a57,test
80f2d48475212488,test
80f356b810b02aff,test
80f7b7dd38195838,test
81010055691cdeb3,test
81039caea4322fb6,test
810fcc8435ad6bdb,test
811d11bfe93f5a8c,test
8123d60188b7f80d,test
81328b27d64975ad,test
81423dc0fb2230bb,test
814413cf4efad5c8,test
814494271faf7346,test
814980b8ecf9edee,test
814d6d8d476d490e,test
814fe51b6e2b7f9f,test
81575e983daf73df,test
8158ae32887b74fd,test
815a99b532406d5d,test
81651034b3a464fa,test
8167a87843bdd778,test
81687a61e159c379,test
816d89a777c931ce,test
81782daae685baa8,test
818698c38f6ee230,test
818e5339116a083f,test
81a58daf5c387e12,test
81a590882f1402ec,test
81a757cae895fc1d,test
81b92b207f566336,test
81bf137fd008cf89,test
81c0899b0625bc41,test
81c0cafa4c1e4c6d,test
81c53556d3f72ecc,test
81cf8e035103a053,test
81e8667de471fe15,test
81f1cae8d08cfe8b,test
81f6e29ab7ec0525,test
821f108a34ec7bf4,test
82268faad6edcc88,test
822741a0ca788901,test
822a8ec1b26d4e58,test
82387befdfda7589,test
8252327ceabfb810,test
825397189d032c69,test
8255bc0ae1463fc9,test
825816f2dbe79e92,test
82630e0b782db08f,test
82729076f02c7fdd,test
82731ba5a534a28d,test
82734ac8f11de643,test
8280ea178606fa5e,test
828fbebb277d7af9,test
82971aabdaf56f79,test
8299110730b3f7bb,test
829ae79f01f25ef3,test
82a0c2f78089e07c,test
82c2b7430d2903d5,test
82c32649fe94a27c,test
82ca3408da8315c0,test
82ce48092dce3daa,test
82dfc1669892cc49,test
82e665f6b99c730c,test
82f04675598961c2,test
82f0927e13252c22,test
82fa3bd09259a5f9,test
830a2f4c85406884,test
830ad57eadc1a7bd,test
830c114ec2709eba,test
830db0a1d812dfa4,test
8315a39569f46ba5,test
832cd3525ba743ac,test
8331476a110c5f12,test
83341c15083e8bba,test
834427b60472a7bf,test
83459bcdc7681d83,test
834695d0c6c57095,test
834a5b4827b90e28,test
8366e3d1959e9b8f,test
83703db209b44639,test
83708c7a3250159f,test
83745406c1d424ef,test
8375418e603170d4,test
8375a1111d595c6c,test
837932031c458d78,test
838bbd81e08fca96,test
838c9a275a9b03bb,test
838e2b2c906fcc83,test
8390c3e3802e7149,test
8392cceb906c003f,test
83963f0f2ad79ba0,test
83a6a49733942ae4,test
83a8cc426c63345b,test
83aa97de05fff4a4,test
83aae3832529bac4,test
83b961f363d81829,test
83bb2384cebcf3a5,test
83bc414bf419cf99,test
83be6c93574256c2,test
83cfa93d1c911cea,test
83d3c45dc0513090,test
83d5483c5c9ceef3,test
83e1e9b1428f8abd,test
83e46084311053cb,test
83ea41c293431446,test
83eb4a70b26cf496,test
83ed512aee622301,test
83f6224397f95f36,test
83fb27a07c4a2429,test
84006a18606a045d,test
8404f48fac480f07,test
840671855a7cc2bc,test
8407d8686a94994b,test
840defc29f427e22,test
84123e63289b9cce,test
842c25b4f633785b,test
842d7444105f9414,test
842f5e35178a8120,test
84317ea9b71c7664,test
84349fa0f4d29e08,test
8437a8507d2599b3,test
843d73c699f0f4c2,test
8443bdaa1527caaa,test
844c5ec76cce7808,test
844d92646b69c776,test
8453d7adb8567d69,test
845deade03979fdd,test
846d75ae78396431,test
84712ba91f64d3ee,test
8479b9400248b0ac,test
8488a241c109fb54,test
848cf0c527786b08,test
848e043a3c8ef551,test
848e50e342d7e4b4,test
84a180c15d53abe2,test
84b0b0efc4dc59b7,test
84b3a5bdef78efa7,test
84c28ba6b607a07d,test
84c2b6228c8131cd,test
84c3540176b70a8e,test
84ccac527c3b1c65,test
84cf68bff492edde,test
84d77d56f75ab212,test
84e38bf7d5829fc1,test
84e5017de6b37cb1,test
84e5fe5ab5954123,test
84ea7425d3c6f51b,test
84ee95dcc58420a5,test
84f3c69960f9ca25,test
8502de49b4f2b846,test
850a5d462cfef19e,test
8510ad41b3264f55,test
852b66699d22a2b2,test
8532ee26ea84a1f2,test
85347280ec0d44c1,test
853e4573266f6e59,test
853e4772f184b128,test
85424c2284af6c4d,test
8547af0b8b312f79,test
854e483ee20644cb,test
854f48ab5069ce33,test
8555d57d4fe74f92,test
85640fa6c5396da1,test
856828a5adce68e9,test
856fce80da49f579,test
8575917ac391511d,test
8575cc0d5ddf6514,test
8577cfe02fb37691,test
85787be9d40059a0,test
85797f73542f8d5d,test
857fa440bed308e2,test
8580a3e6d98d181a,test
85838c35fd3682df,test
85910e3437616c9d,test
8596882f057422c3,test
85a5a47bbbe36ebb,test
85ab17a040e368a7,test
85b00643a5ea3235,test
85b89589e4fc8801,test
85bbbc4566a1d5f0,test
85c58765ede3cb43,test
85c60b362c1d8cbb,test
85cdbd52a0db2eba,test
85d0ae27570727e3,test
85d0d0eab0d4aab5,test
85d17d68fe452e9e,test
85d2cbba5deccf5c,test
85dc6e0304311ad6,test
85f6e619e8f1b603,test
86034add120f5056,test
860766052e26a3b0,test
860e98ef00106f3c,test
860fb7035fdb7fa1,test
861037503906b74b,test
8611d83ace1adc99,test
8613cd84bdf47ef1,test
861fdca1c7945231,test
8626ab06d352b1ee,test
8634f0ef9b936c07,test
86365a1e10185714,test
863dfb198a9e5f8e,test
864cca10ff860a48,test
865baa314995ef90,test
865f6bbb1b018ab5,test
86686e0d71df8a94,test
866b9718df7ea7f1,test
866c5f70212f2df9,test
866f05a396358fe0,test
867be079be3d77e3,test
86869f7b95ae0231,test
868826c661c81c26,test
86885895db3c7be9,test
869059af89eb3226,test
86947a7b0ec5b5da,test
86ad9e977ff8c131,test
86af5c89deb7920b,test
86b4616edccea0f7,test
86bb5f8990528d91,test
86bbd5e6d52ede8b,test
86be3062fc18674b,test
86c9f408f61800fc,test
86ce950b45bf0565,test
86e3b617f17b401e,test
86f3ac0ee4ffbd4f,test
87023ce77d35df0a,test
870dda2ed9da810d,test
870ed0583dfc2d2d,test
870f88693d504a20,test
87186cf6ef96bdf0,test
8726a3a405e808d1,test
8732f1f4b3e624ff,test
87345fd581e8875a,test
8738c9deb10b7769,test
873bbd21326a2a66,test
8761c87041a4ffea,test
8766613ad2c38e44,test
87689d1b4be92989,test
876c96f0ad8b881d,test
876dc0f5ce28c61c,test
877450e624d0379a,test
87794f610ad152f9,test
877a8a37dd197820,test
877e656b4f48bbf9,test
878146fd18c96068,test
8784b036a86e07bf,test
878b522ef5749d7e,test
878d823edb7717a4,test
8792ff0e54e15151,test
879a74a8e11655f1,test
879ad7bdba4cedaa,test
879ff96bd15fff61,test
87a08ba546dee0bd,test
87adf3a48162b127,test
87ae221e04a16fc5,test
87b290039d837c44,test
87b8502e0e1ced02,test
87b957c986cd7e66,test
87c56f1c51382d95,test
87c7aebcfc1cb0d4,test
87cb548179f67a3d,test
87cd63fdd0039afd,test
87cf5abc08081600,test
87d3030b03129d03,test
87d6532099c90bc2,test
87dc34e50aacde9b,test
87de76b4e95fe4bb,test
87df0ea8f79f1568,test
87e8fb44f8e6e10a,test
87ece04afda4bbc3,test
87fb61d50977c56b,test
8806cc0a60254c82,test
880e162150d5c6e8,test
8810bc9b449a2ee4,test
88156fb61989663e,test
8828e112186e3e1b,test
882c3999618072b7,test
882cd2b81192bc04,test
882d2c910522a8b9,test
882e7757f415380b,test
882f6dc8974af823,test
88319c89e4e2017d,test
88327a39c479ec36,test
883f8a8f614a4bad,test
88450b927630594c,test
8850428c96fdc3c4,test
885815f924eb0cfe,test
885dd8d47c0dae89,test
88610832018c9df3,test
8865464131937919,test
886bd9f5f90a1d8c,test
88710210ec0bda2f,test
8874adc45caede0e,test
88754267792528c9,test
887d762f346dd0de,test
88822bd240f5109f,test
88880980b3e4d7f1,test
8889526d5dccab4a,test
8898797a57280177,test
8899c16496c03bf7,test
889fda266e13cbf6,test
88ab4d156a3d7c5c,test
88adb07152137f9b,test
88b54cf5bebf6ded,test
88b61f56ce49433e,test
88b73b70ebeec9c4,test
88b92f85f0edde30,test
88bc869e74c52268,test
88be99e0cc89e9b4,test
88c0587905b3d00c,test
88c32bdddd29ce3a,test
88c567e1df05c78c,test
88c82bd9c92ed310,test
88daf2fe548f943d,test
88db8371de428604,test
88dca2bf2fb8fd1c,test
88e2fd270b72c7da,test
88ee92def701b72e,test
88ef080ce64293af,test
88f15e94eebf3761,test
88fa19ba2bc8fac0,test
890146e782101105,test
8901b5c7e86066ca,test
890b8dbbf33d9b7b,test
890e8fd376aaf127,test
891b9274fa22e3a5,test
891e04e83a8597c3,test
892359663b0188d6,test
8945b87e9a2c14de,test
895057d2b7622476,test
895509c07a8ee641,test
8955e93f7fb3e790,test
8955f949a0319327,test
895c8d4881e83f28,test
895ea8c344048b07,test
896cd296999b46d5,test
896e1562a0d78b66,test
8975eb6b30507cc0,test
897b1cad10e493bb,test
897c458470b765b2,test
898227df58e0fffc,test
89890878ed381645,test
898a20286204286a,test
898c44b5f9413c8c,test
8994b93439b366fb,test
899956b1be1fd934,test
8999670849165036,test
899e4521c6ddf682,test
89a31d05d9fce9ac,test
89a6614539ca574d,test
89b31f539400078c,test
89b56984c69fa451,test
89b89d886fd753dd,test
89bf5411f7e01dec,test
89c2760d52941187,test
89d237173c3344d1,test
89dd886828c72f07,test
89e837953ac02414,test
89f269fb0e4c2112,test
89fda97eaf903537,test
8a0264293270e065,test
8a057acf4bb6e42f,test
8a250347e152c025,test
8a2519119be2c4c1,test
8a29cd85cf62dcc1,test
8a2c23636dc709c5,test
8a43ff1331b06822,test
8a469716d0b2050d,test
8a4b0765ac6f2eee,test
8a54075d32141fbe,test
8a55294c3f0d0947,test
8a5e1b23750d0ca6,test
8a650a19f2e9efbc,test
8a680fbfa059f08c,test
8a6947963c884d6b,test
8a6cef10e31dce03,test
8a7691b2a029bd48,test
8a7deb043fa1fe05,test
8a891bc27039ce0f,test
8a89789fb989bf68,test
8a90289c23bf41e7,test
8a94ac145f4b7372,test
8aa2b4d24866eda5,test
8aa5ec6b84d42845,test
8ab3f3b65830600d,test
8abbd8612744a4aa,test
8abf37ff0380fed7,test
8acac39adb743268,test
8ae58132198c8f65,test
8aeb6ed113c6d33f,test
8af126b00dca8d24,test
8af839a9efbf8630,test
8affea7989ab2e7d,test
8b027a64997ef8ac,test
8b05e549c1158531,test
8b0ed867d137ed4b,test
8b150dd561855c46,test
8b1a718f3dcd1b94,test
8b26d5b5124e2e38,test
8b2eb99039962d96,test
8b30da74dcbd1a24,test
8b3a07b3713f9040,test
8b3a8e273bd68f69,test
8b4d01ea80816b02,test
8b65ff247efebbcb,test
8b68cd0c7f920a87,test
8b6bd18026cd5ac1,test
8b72dfbadf1c7681,test
8b7d8b32c0bcd12f,test
8b7e4fcab0f6780a,test
8b7eb1bdeb931536,test
8b824e86fa779b35,test
8b83a48b6776a4c4,test
8b89e4707b85c15e,test
8b8d6c6c8cc74dba,test
8b8f25a82c572570,test
8b91a6733944ad26,test
8ba0ac03022eaaed,test
8bb98eddd10fb3f5,test
8bc02b6a0871dfb2,test
8bc38e57c0ced106,test
8bc9704335d6e58c,test
8bd5c2961fbc53cc,test
8be521377f697143,test
8bf2dffa218176ed,test
8bf328adefd9cdbd,test
8bf43776191aab09,test
8bf806b4f579e6d4,test
8c0986e61aef6790,test
8c11878583d57342,test
8c148f2131531abc,test
8c1cd7761a0ee6bb,test
8c1fc289f98907e9,test
8c227e9d11acde0e,test
8c23f9a71655647d,test
8c2bce06b22fe563,test
8c3180b480373d46,test
8c32f0b747fd7635,test
8c35c36ef94d8e74,test
8c3ec811f522f324,test
8c4ed789409b92c3,test
8c593da08ede2dcb,test
8c691c90dafe3749,test
8c6a4d4215766c95,test
8c6c7ae79f1d6b67,test
8c74f83c5e695aa2,test
8c7d16c163269225,test
8c7dd2ac90e2930a,test
8c7efd576148f012,test
8c8167c5c0aac8be,test
8c921e0975b069ff,test
8c971bf22b802731,test
8c997fb76b2959dc,test
8c9b159c278c9768,test
8ca530f7d0e575f0,test
8cb728690d8d00a5,test
8cb77c71fe82ac0d,test
8cc3f83611bd567a,test
8ccab5e60961726d,test
8ce93835d4d0d84d,test
8ceac7744ed8f403,test
8cff818a322375a0,test
8d008f591984efeb,test
8d0169615bed70e2,test
8d030e50618b593c,test
8d06a2795acecf7b,test
8d09712cca3ac277,test
8d0acd6ee06b29fe,test
8d0b6ee0cb24cef8,test
8d0da7e2bb5b60c8,test
8d2530c633b515bd,test
8d2c7efc99ef6ed0,test
8d2d614275ef7022,test
8d311ebb9d2a8016,test
8d3160a744ade714,test
8d31b465fe0e0476,test
8d31e0e27358fc0a,test
8d329a09833e6c6c,test
8d37820bafed6f42,test
8d4c67426c13bc92,test
8d5b5f28afdfefad,test
8d6420423800cbc6,test
8d6bffe7f0d770fe,test
8d73f8a3db3522ca,test
8d76fb4e2d2d966a,test
8d76fe6eb6e0dd45,test
8d864f6997dafffe,test
8d896281acbb4915,test
8d8bfa10acbfa6fd,test
8d8d1fa4ef78e993,test
8d912079a5921fae,test
8d996bc089a6a769,test
8da01cd3dd4b3dc5,test
8dab5aaffccf8443,test
8dab9c7e12cfb744,test
8dad8f3f9b515adc,test
8db2971f288b6292,test
8dbbc93e2c3c83b1,test
8dc064638f9792e5,test
8dd3e985aee86252,test
8dd4d7f7ce5bf0bf,test
8ddebf8a2d793b52,test
8debebb4b3247b67,test
8df4574d26193966,test
8dfbb26d7edb4e39,test
8e03374282aa3f89,test
8e06cd81e365f91b,test
8e0828b013d03f64,test
8e0a4fb2d0d3b79f,test
8e0a9cc519301d7b,test
8e0b0753e7d8bc88,test
8e38cf42c7f91668,test
8e39fb5152dea8fc,test
8e44f0609d58538d,test
8e71d55a78f0206b,test
8e75825219811e8c,test
8e90a738cb4e8a55,test
8e9431b2192f9272,test
8e96d067159cdf3a,test
8ea0b1cb5e33694c,test
8ea0da75314b31f1,test
8ea427bd000a71aa,test
8eb96fc5dce1e573,test
8ec2f1a4dac919d3,test
8ec65afd10784755,test
8ec7722157ab97d3,test
8ed7055178ed45cc,test
8edc3c9c49641612,test
8ee6db59e5cdc166,test
8ef60eb39463abd4,test
8ef7a9e3f1ce100d,test
8efabe812a944a3b,test
8efae1592a60f86e,test
8efec3f7be61084d,test
8f05f1dd250c21dc,test
8f0cfcf5f65614ea,test
8f125853c7fcf190,test
8f1c63a5b377ef98,test
8f21e04f73850f12,test
8f28267812d4ff8f,test
8f2dda4865142bb2,test
8f2f39ff8e659ee8,test
8f30ec7c6cf3315b,test
8f33ccb920dd2344,test
8f3f10e7b91b87cd,test
8f453ec0f1f91b71,test
8f500aced36724b6,test
8f56c0db77e95796,test
8f5ef246f6d7cacb,test
8f6cea0d40ef8cca,test
8f6dbf7a25736224,test
8f7345ef03e182ef,test
8f74fa43008b1790,test
8f863be51df2c5bf,test
8f864da65bf1111b,test
8f8734dd8642281d,test
8f8aa8f6d44163b3,test
8f8cee6e487e2293,test
8f8d224502e923dc,test
8f8f2df76b10dd9f,test
8f93b514aacf135d,test
8f95edd58a10a8b6,test
8fa073deb6c60f44,test
8fa5f8111638ba0d,test
8fbb57547f548b2c,test
8fc6760a1082b054,test
8fdea87ed34397e7,test
8fdfafea521f26e5,test
8fe360ae4401c600,test
8fe4f95852663ff1,test
8fe7bd51e5c10ee1,test
8ffc1bf831686b0f,test
900dbaa7e050cbc3,test
901ff52f938b702c,test
90337064769cae5f,test
90340364f060923e,test
9038e25944fea4e4,test
904323015ca89d17,test
904764c2ea6efe97,test
9054a27a5e7d7858,test
905e9293ac89d141,test
90639862ded52534,test
9064f5f073881481,test
90695c380d1c78cb,test
9073977e79200747,test
90866846f19de6e7,test
908dbe0a716430fd,test
90948a547912c876,test
9098d8cadda159b9,test
90a283d23d8b0994,test
90a5d46ccc7a1706,test
90a9f0648a89d918,test
90ac9d78d8078e90,test
90b1b193142a734a,test
90b8eebd85ee7a3e,test
90c18b1c4aa2facb,test
90c20e6724601813,test
90cde9541a160b81,test
90d0202f4c4b26f0,test
90d81fa94c7e8662,test
90dcde05ca25f473,test
90dd2cbfa729c6d2,test
90e5338fac780a70,test
90ebd18bd1c1c957,test
90fea617155b76d9,test
9104bfba0df5569b,test
910968195031dbf0,test
910e3e883e95f097,test
9115bcdb746ca148,test
91169a1c10c89e1b,test
9121d1d16d7ddbac,test
91245974bf457b31,test
9128e5395352d524,test
912952a59c6a9e2a,test
9132eae4ebea1630,test
913626c2b88ca071,test
913f22675eefae97,test
91413a3520574aeb,test
9144d791d9f7f76b,test
914731e59a744a65,test
9154faeaf8ce02e8,test
915c226018264cde,test
915c9d7476c66f36,test
91600cc81646662a,test
9162a4238754c5bb,test
9164dca80da741dd,test
916a011566419e0c,test
91731ecbbc15b7df,test
9178796a27af4687,test
917d26ea9e60408e,test
91809d894ff37806,test
918e6f3d9a6598be,test
91939ef039d254cc,test
9196ce452fb029fb,test
91a30a5b391996ce,test
91b518492d476d06,test
91b8314d169280b9,test
91bdde9cb2b5d1a5,test
91bed2c3c1651591,test
91c015638f0d0eb8,test
91c5612cc0fca338,test
91ca10c2dab728dd,test
91dd8f4a6fef40e3,test
91df94fb1ff2b2a5,test
91e96da256e693e6,test
91f119a17bb65816,test
91f1782f45f9f262,test
91f504c16f2c413d,test
91f60d2f1b21f836,test
91fd50bb30bd410d,test
920a551da5dee6cb,test
920bb1f4c0b06ec5,test
9211dabe5af64066,test
9222f5a6616163c8,test
9225a331038f30e4,test
9225a3fbe257a750,test
92283be857e56893,test
92342d6e64a1f57d,test
9235ca627fc37cce,test
9238d869ebc3d402,test
923e16a887494b29,test
9240547b58f117ea,test
9241bfdc350dd087,test
92422c28fda2816b,test
9246e25e7f84640e,test
924d8b09b30937a9,test
92521545583c9cf7,test
92537a9e46bc7d4d,test
926a0b7815e2748f,test
926ae2a671128c72,test
926c3e7000e89f58,test
926ea34e66efab61,test
926fb2f77a5ad900,test
9274055249038835,test
92755d5c7fd758fc,test
9277b7bbf96a7eb5,test
92a22ae65abc1fc2,test
92aacc78d67e6495,test
92ac90752e15faa6,test
92b57216786c2938,test
92b9af74dadb8d8f,test
92ba1684c08abd14,test
92c34cb10912524f,test
92cf78b86844578d,test
92e7d3fec569d17f,test
92ede396310e4a73,test
92f55ac3bd3fa7d3,test
92f96a1181c5e30c,test
930c4e0dc39c069e,test
9314da7b8bfb1017,test
931b778c4f765681,test
9328f58ee0a5b10c,test
9330e38607b3401e,test
933937c9e9c6c91b,test
933d228d7eb3c3ee,test
933f207f797eaa56,test
934e5c703a0ed02f,test
9360f174c140e996,test
9362f7009061c7c9,test
9363c7857193902d,test
9370ed20155d1861,test
937359abacacdc5f,test
9379e93d02af2a9d,test
938841d37789f7e9,test
93921ca5d46aa98a,test
9393736a65bedc85,test
93952b3e61e67a17,test
93975d0aaf0c8e99,test
939e657a1b107f05,test
939f76dfe7ea2aff,test
93a16f6b35ab425d,test
93a287250d87d746,test
93b15f1f9de89c45,test
93c0bfef8bedb725,test
93c3b62360945dc3,test
93dda91910bc2f04,test
93dfd568e797ce8f,test
93ee2a72d20a1c2e,test
93f0a3694039bd89,test
93f65e1a064c9dc5,test
93f66c3ffcf92603,test
93facea661f39a35,test
9401ced228a1bd2a,test
9402cd969faba69e,test
9403add6f6ed5e65,test
9404e3888db42e37,test
9406fcc39e37d245,test
940a3c0020371cd8,test
940e4785bb104afc,test
941fee94879ad739,test
942299db27ad1e9f,test
94229a3aaa3b90d5,test
94230059600f3f71,test
9423269a995e55a5,test
942556d4ac771d8a,test
94263069f19e4b68,test
942b0022a75b36ee,test
943459c1e964da2b,test
943dfd72ea88dce4,test
943f9e20a620fb2b,test
9441e8f940457e26,test
9444e7c3d148bb0c,test
9451dce5c432335e,test
945bd4b679af4be2,test
94608c684a65ea1c,test
946985bf6eae5c3d,test
946c272f4094c389,test
947e7df122d12ea7,test
948773d151b47f6a,test
94a1cc56403e78b2,test
94a40d4c4161f785,test
94a61da8dac79ad8,test
94afd388a7eb7d8b,test
94b0228a8199a16c,test
94b06e5d69df9101,test
94b08f7ba6abcdea,test
94b65398035a4a56,test
94b6d9ede6e9da81,test
94bf29fcf4509896,test
94c3c3c853a5f863,test
94c84ed2323a6648,test
94cab84abf1d1eb6,test
94cd076b866d0b82,test
94d0148c9b51e249,test
94d945110878a158,test
94e02f521678afd6,test
94e32285760ea7a8,test
94f27a27e9319719,test
94f7af7c9cff1a0e,test
94f8de5377936106,test
94fe0c379040c7b2,test
950674a5cec3de5f,test
950b8e090f2cd295,test
950cdd902a2ef7db,test
953337a65cf96dc3,test
95484feed4014f6b,test
954c33ee8583282c,test
954e4de56b317466,test
95510263a31e509b,test
9553a3cadfe00949,test
95662efb9075164a,test
956b8d420189be16,test
956c6f5f074ed81e,test
957dddbf269c9f5e,test
9582bcf095a837ba,test
9583bdb9c0d363a3,test
95844a5e143ca13f,test
95882a5c964f8bd6,test
958fe67acf8f9a25,test
9594696bf4fa645f,test
959d0296d9375d1b,test
959f69be5f298383,test
95a7cade325935ce,test
95bd1721453aef58,test
95bfe04306906a5b,test
95c4709f7d1b74be,test
95c722e9ed93754e,test
95c7c437ec7b9224,test
95cf56e2ced8419c,test
95d1a38958f40740,test
95e00013c836279f,test
95e952427aff0300,test
95eda389f9d7dce2,test
95ee413c2f71a6fc,test
95f714605ee61fe0,test
96020c22557ac03a,test
960781020c0590f1,test
960af27c2037d4ff,test
960ce5ab085b56da,test
9610f401eb34aeef,test
9614f6f161448f27,test
9622fb4919df3f94,test
9629cbe7e2409255,test
963371ad47590b0c,test
9633b8dce14280db,test
964450b105e1a174,test
96483e51bd96d1f0,test
964db685733715c8,test
9673ac7d14d4f0e0,test
9677a057b8518e61,test
967ad59bc8b85d48,test
9681b85f219e51aa,test
9681eb17b05003ce,test
9686b7e19bfad424,test
968ad3ecc04c719b,test
968b8c72ee17f0c0,test
9691cabc4e7718db,test
969520cf78f4155a,test
969cb6aa4ec10fd5,test
96a873146f9eae97,test
96bbfb6046c4628a,test
96be1af021fbabfb,test
96c116b3b7040abe,test
96c499be33209c64,test
96c4f10b0958092e,test
96c88b926609462d,test
96cce4acb9f3c7b7,test
96d408503396c2bb,test
96d909a376b4e2cd,test
96d93ee0d97d2f3c,test
96e8f3ff546b090a,test
96f148dd19f6316a,test
96fc31bf066b060e,test
96feab3e3a8ea605,test
9703cb97f57c0113,test
9713018204749040,test
9719142aa2eba4d8,test
9726573c1f8a4fea,test
973c97460f16b8de,test
9753a1825493b26a,test
97573219749d67e0,test
97587d37b6317d6e,test
975d0e675a284325,test
976046c16f9c88ae,test
9781bff3049692f1,test
978603422788e2ee,test
97873d2d28cb8461,test
97886c022edd4dfa,test
978892e8033988fd,test
978f152ae39dc6db,test
979122b21be44396,test
979daebf32fd5d9d,test
97a5ca1c8d400087,test
97b23efd2acf113b,test
97bdbbebc83fb519,test
97c44012ea7c6492,test
97d4c0fe4b51eeb0,test
97d783acfffa4e54,test
97d930b12eef7ec1,test
97f14ce0d95698ee,test
97f16b4eff5b5759,test
9800437f80b9b088,test
98021f442175ed6b,test
98057e7ffefa0903,test
98062f286644235e,test
980cb07da504d131,test
98162a22d0912399,test
9816694b2688d7cd,test
98228e76279f9352,test
9823d9b5cad7a1ad,test
9826bd7a912943f8,test
982b95b08d99b922,test
982bee8e3e4981c6,test
982e8dea723b1b65,test
983a56c5fef5cf4a,test
9847228771fa0816,test
9848c36a4bb7a02c,test
985e4ede24fd8079,test
985fc923cc25fb70,test
98642793d10a02e8,test
986a511caa55bd99,test
9870298e81d1f882,test
987538940bc844aa,test
987a465ac614e39a,test
98947a1a6068f9c5,test
9897323472748502,test
98a31971e80e2f27,test
98a9d1bc1ada975f,test
98af2fb463d846bf,test
98b258d3ac704981,test
98be8948751b0b83,test
98becb603b2209ff,test
98cc42a4d7cfd9c2,test
98cdac476d488760,test
98df48ab0cacc88a,test
98ea7a064a90731d,test
98effe797f270077,test
98f13f4325d0d674,test
98f29e754a85688a,test
98f6bec8a0d60428,test
9906803498b83820,test
990cd496bdcb1956,test
990d41d7f028e99b,test
99126ad6b6f55eea,test
99132016cc471ba4,test
9918e81e34e7a316,test
991a019f38918f48,test
991e016c439a0dcf,test
992d5cd8c4b920f4,test
993a0f53e87233d4,test
994d8858c5a36814,test
995bf984f347e221,test
9960d485914beae9,test
9964987d5ad19b6b,test
99665741f1cadfd7,test
99775f2bbcea0a08,test
9979ba8d8c0408ab,test
998a3c0f84bb5e01,test
998c07baf41cebd8,test
998d8e6cf8b5b757,test
998dba8ed5ff06aa,test
999160bd26245d01,test
9992e973a9fffc5e,test
999359a309180d2f,test
9993c1632c3682e1,test
999b2ae9a007499b,test
999cb8856dee4f14,test
99a8d4935873cbbd,test
99ac4c5c5b641353,test
99b33a7c7583e020,test
99c39f1ee655bedf,test
99c974553da35c8b,test
99d0d73dde809d56,test
99d44a97c9065182,test
99d5d5bfad374908,test
99e070c9feae20a8,test
99ea821b4d4ab057,test
99f00d697bb4bb4e,test
99f64fd6cf7672d5,test
99f94696304c52eb,test
9a003bd8f012c106,test
9a0e4d9cb9e9fbc9,test
9a0fd48c7f59d5f6,test
9a12465de2be8eb4,test
9a14c51581971233,test
9a16a49c16ac8116,test
9a18c5c8d263dc94,test
9a18c93537c57362,test
9a1adedb79e05805,test
9a269f1eb60919e5,test
9a2b29d24c25241c,test
9a310a316c939c81,test
9a453344e676fb76,test
9a4b0675c65f7c13,test
9a4c6e01023446a1,test
9a4c808831424d53,test
9a4d6677ad93d7bc,test
9a5a3cb15927a833,test
9a5bc853f25063df,test
9a5de421d5c46ee9,test
9a684fb1e4c0f48d,test
9a6aade28ec9e613,test
9a737fdff9bc3d22,test
9a73cc30e87f9be5,test
9a782d4f09b5be1b,test
9a7b8887f755edfa,test
9a844cbab4f1d0e6,test
9a965c7bdff51c72,test
9a96c0c6dfbeb8df,test
9aa42781a505ef1b,test
9aa6505b2fcdd520,test
9ab1a485a01f2034,test
9ab6d2199064ae38,test
9ac25da09dd49be4,test
9ac4d7b5cdcd44d6,test
9acae95135192b61,test
9ace5024b183853f,test
9ad4fb3940a60836,test
9ad62b93beac696d,test
9ad7ee2cfcbef888,test
9ae1c2336a0abefe,test
9aef806da69b253e,test
9aefe444e0561854,test
9af55f39dd0f8520,test
9afca8a72e345031,test
9b1e9fa25b729550,test
9b1efd73723f3a40,test
9b283b8ca30c21fc,test
9b30a5bc1488b52a,test
9b3477acae08bf61,test
9b36cfc9b50f8082,test
9b41ee4b1087c939,test
9b47a2117d915ce9,test
9b48ba0b34092a76,test
9b4cd95fdb6ee3bb,test
9b5a730c86c10f5e,test
9b618d43145e851f,test
9b68a340c215afa5,test
9b6ae0094efd61db,test
9b70eaba2451b4bd,test
9b741cc675330c2a,test
9b753ab0325da886,test
9b784f81cc321f1c,test
9b8583ceb3d974c8,test
9b89941abbc460b9,test
9b8f21a0447e78d2,test
9ba0a6ede5982e5a,test
9ba2f43e12ff9aba,test
9ba6d75bf2d4131c,test
9ba9d3be4ffec605,test
9baa24414d4d74be,test
9baa4819fc083fae,test
9bab059996ba87c9,test
9bac8573bcbbc54f,test
9bd22fe1933188f8,test
9bd5b16eae9a5b61,test
9bd883368668b492,test
9bdd1ab8515a060b,test
9be7bd4d0d722518,test
9becb3a9fc610e04,test
9bfa22e89e94ac04,test
9c015ba6c1dc3ef4,test
9c0a4a0364eb1792,test
9c0aa1cd172bb5d6,test
9c156cbaf0941a69,test
9c1a88b8274c7c94,test
9c22b33571ffa46a,test
9c325e2372042bec,test
9c32c9521d87a05a,test
9c34932a3be8a3b7,test
9c3b9816cfbf45df,test
9c47d85fce94c6c3,test
9c4ad71bd4a1f52e,test
9c4adac28c386422,test
9c4bbf690a0cacc1,test
9c558a93f3d9b25b,test
9c5595f62a62d823,test
9c630f859bab7998,test
9c65205279eac5db,test
9c6d6fe5b6731630,test
9c6ee739f95572f2,test
9c70d49b3478fe10,test
9c7e5cf5563fcffe,test
9c93acf2abe59564,test
9c9493c9acb2c097,test
9c94ede490e338b0,test
9c9514d0a94692b0,test
9c963b2b1d6b8240,test
9c999381dabab284,test
9c9a07b3770fbf24,test
9ca14d48b8ddfc87,test
9ca3902be058be06,test
9ca396c1079f6c47,test
9ca8a2756517e128,test
9cb0f83a71844f5d,test
9cc5fbdc5543d6f9,test
9cc700e8981d7a6e,test
9cc7726901921164,test
9cd20d72ee7ad150,test
9cd7ca6389300979,test
9ce08c2352476bc7,test
9ce1ac58c1cfe1ed,test
9ce271cac2d9f214,test
9d039974a815b58c,test
9d054637412a7d9f,test
9d0a35745b599853,test
9d2133158807b8f8,test
9d26e81bc52328b5,test
9d27fdcb0a0ce7e8,test
9d4805b8dfb1c143,test
9d48a82b832dd633,test
9d5aa18f4640c118,test
9d66b32635e3a41f,test
9d6f5a48c6e2b1d3,test
9d7dc7940f743bcc,test
9d8088a33ad2aea7,test
9d80b9d32e7eed35,test
9d903009e1a7f90b,test
9d91a436d1fbde28,test
9da0e2f8cd0cf8b5,test
9da4a07cc5258ee3,test
9dacda61e2f95b13,test
9dc2eb68a9ab6c81,test
9dc6717c539865d9,test
9ddb514857ef168d,test
9ddeea2ce2fbe77c,test
9ddfac62e6bd6e09,test
9de20ebf2c5013c4,test
9df1508f49cb16da,test
9df964f64a7a0948,test
9dfcd33b89452e7e,test
9e04d42ccf7637f6,test
9e0da5624157b53f,test
9e0e094454653712,test
9e108d9d847aac0e,test
9e2f3c6e1ab6d026,test
9e3769076f24cbaa,test
9e3d146e20149407,test
9e519cacfdf13e0d,test
9e5227a5cac93ea2,test
9e7634fe7d7b3cde,test
9e769b65fd38385d,test
9e8b38c97467017a,test
9e8fac079d6295ae,test
9e924b617749c4c6,test
9e9456732726be2e,test
9ea6174314e57ce3,test
9eaa91bcdb5c52ec,test
9eb36235f9df4a3e,test
9ebfd724978ef783,test
9ec3334f67b40aad,test
9eccbf84000ad8e4,test
9ed3027195f787b6,test
9ed7e7d4e0cffd2f,test
9ed9009871431f92,test
9ed96684465a5571,test
9edc30e8d81f86aa,test
9edfb34affdd89e1,test
9ee8f806d027b2e8,test
9eeeef21aae06e36,test
9ef2cae547c5b060,test
9ef4445f181fb8bc,test
9ef6f8743b8d6b08,test
9ef9bea6862330b7,test
9efea79cb39aeedd,test
9f0214a9aa787808,test
9f03289fe0e29a93,test
9f24162b6f08b643,test
9f616faad4db806e,test
9f6244fae2591cec,test
9f63151359e605ac,test
9f67d4ae4c2b9fea,test
9f6f376507343d3b,test
9f7132cdba6829e6,test
9f747bdee731a118,test
9f7d7f6cea3d6010,test
9f8d8b3c3a91167f,test
9f9158907359fd10,test
9f919b19d73aaa67,test
9f932c9504967ecb,test
9f9cc9623e5549f1,test
9f9f2e427d272d4e,test
9fa41bfb693055f2,test
9fa9286cbef7c710,test
9fb06c2ea7a1d883,test
9fba7fc9fd6014b8,test
9fcdd8163f92aec2,test
9fd3520d49f20ba0,test
9fe42d39f72d6634,test
9fec3e74c2f9a9bc,test
9fec7fc011bc4690,test
9ff243dba924d13c,test
9ff405629ce0196b,test
9ff50250a46f7a6e,test
9ff838026df36391,test
a00069a5f6c4fdf2,test
a00328b5aeaba7cd,test
a006929dfe70665f,test
a00c28dc2c015163,test
a010bd130c917720,test
a011f672fecd9923,test
a01ed7f1cf065982,test
a0380845cc381d7a,test
a03fadb14e25102d,test
a0413714078957d4,test
a044b5ee32670530,test
a04b1b95d7028f22,test
a0562e178db102a7,test
a06972c2d7ea927e,test
a069aa3a2019c4a0,test
a06b9e41ae9ef3ee,test
a071c742e36029b3,test
a07a0b4396fd8b68,test
a07efcbdd3025c0b,test
a083de390ec5d2b6,test
a0855260529768cc,test
a08f4b966db647b2,test
a0a0c6e1aa8b182e,test
a0a14e844eb6dc62,test
a0a1b664442a19d8,test
a0b20dfdd7fbd351,test
a0b278139c96c30d,test
a0c2a97710fa3010,test
a0c9076b086270bd,test
a0cea904651a4bbe,test
a0d0ba528febc8f9,test
a0dd4b782da51241,test
a0ddbe28b501b871,test
a0ddec213a4fc26a,test
a0e057a3b3c09274,test
a0e16a87049fe991,test
a0ef02fc0816d7d7,test
a0fb9e97d021b4a8,test
a103457491ca1c5b,test
a104c0674ec80566,test
a104e09c807c834f,test
a10b4ee50a370e98,test
a113ef6cc7af689d,test
a11b9588c9a50a5d,test
a1264be878dbddf0,test
a12a22e2e78a7ecc,test
a12a6db3811cc34e,test
a132fa054d839f71,test
a135f1a6a4e53ff3,test
a13b07303c8fb8d6,test
a13da05c92ca7a25,test
a14750ddb9e11f04,test
a1483ad95d46e0d0,test
a14d6e64cda68444,test
a153da2a3e206488,test
a15422c14a8e3ad9,test
a15922cb72881241,test
a15c4bdd0749bd0f,test
a1621a080c10d244,test
a168e6b843efe986,test
a179020fcec93c1a,test
a17df7dd770dc56c,test
a18465963306ae1e,test
a1868d629efc15e3,test
a18ad3315085b47d,test
a1934abe5c1c45cc,test
a19cd456e9bc1202,test
a1a1075dbea27001,test
a1a505fd9801b9e2,test
a1b22e1cc1bf84eb,test
a1b8c4c8e295e301,test
a1bf1a1d69077200,test
a1bfb8fa789bb83f,test
a1c5928e37cb878e,test
a1d3ed83ea60484f,test
a1dfc104e6e05c0c,test
a1e72b2237458a9b,test
a1ead7b8a57428c2,test
a1eb060ec7f4cee7,test
a1ecd6d3c174943e,test
a1f2ea8bb4baa570,test
a201b50e5d35eb93,test
a2084f42537c4fac,test
a20b5a0608578912,test
a220b33ab954b4f5,test
a2241c7645d34273,test
a2266c8da7969925,test
a226f9b723661fff,test
a2320959ca516c2d,test
a2400cbae4c00303,test
a244362a4a7ce10b,test
a24c29030fcf5998,test
a24f5810a6933513,test
a25019ca6702d944,test
a254a8e5109c4751,test
a259738b4b5988bd,test
a260055139aabcff,test
a26581e17a15267c,test
a269a712ae4e8cb1,test
a2704eb71ee990b6,test
a2727d2627e74e13,test
a2733387211325cf,test
a2737832d7dd32bc,test
a279ac37247cc351,test
a280e015b6370d75,test
a2869e7ecd00c76d,test
a28a16f4f9439fcc,test
a28a2ae6f498f4e5,test
a28b9eda8f4ae9bd,test
a2909e395b25a4ec,test
a2932e1596f9b048,test
a297954a2104a90a,test
a297c1f00f9c3b2a,test
a29ad0e423adf488,test
a2a88bd25cdc5617,test
a2a913f589dacecb,test
a2abcb258fb857cf,test
a2af1bcab0d5d3cf,test
a2b8819b70b95b82,test
a2bdac5f545f0931,test
a2c462d44280ede8,test
a2c80b84a61ec6c5,test
a2cbe0f5c0f9fc46,test
a2e82f721dda8ae8,test
a2fd320984484188,test
a301ced7a6cf0263,test
a303e4fe6becbe8b,test
a305dedfb0710013,test
a30c4882ae34c74a,test
a31692b2809f2193,test
a3242a0ce6e32ab4,test
a33338c4fd431f05,test
a33450c23301fdc0,test
a348f7ec2b83aede,test
a34de041d0b14695,test
a35052c2042841c4,test
a353cb2c833d9866,test
a36444406c364842,test
a3647ded486efd46,test
a36d0e5cf93a992e,test
a3750943d732702e,test
a37763c0897a226c,test
a37d8132638a4e7b,test
a38129f864bcc867,test
a3891e1048dfa310,test
a3943c773b00a86c,test
a39ba680d310b8a3,test
a3aa6cba61433325,test
a3b5c69a6e90a2a2,test
a3b9394731f96c35,test
a3ba90c84d01bc13,test
a3c86ab2c56f88bf,test
a3cab86370c4a1ab,test
a3d075409f58064d,test
a3d10cf2164b4d07,test
a3d1bef5e6e8fead,test
a3d46d5f48c4ed35,test
a3d8e374def4391e,test
a3d9a97f50f8d021,test
a3dc3260d0708f9a,test
a3f0866630950371,test
a3f28732cfa2f888,test
a3f3483f8f21b691,test
a3f3b23e280f45b0,test
a3f72680fdbbbf2c,test
a3fb79b5d5744547,test
a404ae565df37a08,test
a40537bca0035c87,test
a40578addc5a1425,test
a40672fab718e3d0,test
a406ad7231aaa7b9,test
a41bdc862b6e28b6,test
a41fdb883022e71f,test
a4211fddb36aefcc,test
a42eb0f1038e2d21,test
a42fdb2ba16345f0,test
a4339dff1092299a,test
a4357547e9ab7eaf,test
a43d24b324aa5f3f,test
a448568aa783a5d7,test
a44a419ec9e313fe,test
a44c1e5d519b68ec,test
a450443c1996b725,test
a466356fa88f4bfb,test
a4693648d307507a,test
a470a9bc2724ba8e,test
a478ab9970fce4e7,test
a48410cece14a13d,test
a4867698e258d880,test
a48d18352fcca80b,test
a491751f10339541,test
a49fe412c820cc71,test
a4a21dc1fab1c0a5,test
a4a53afb63ac68ff,test
a4a8de6a4d63412f,test
a4b47e27efc442e8,test
a4b6b300fc65bd4d,test
a4b86068f8b80cc2,test
a4b89f5201e2a123,test
a4be95b1990cb536,test
a4c528710b6f12eb,test
a4c913ffcac2f6ab,test
a4d23ab64be94c24,test
a4d2484741608f0e,test
a4e30e9dfdb2c024,test
a4eed4f1f4ff20e6,test
a4f040d57ff85c8f,test
a4f603c2119a7c0d,test
a500afc760ed2dce,test
a5127e7ee5825df0,test
a5139a65790e8340,test
a5228f64cf07b874,test
a52441a0fdc6d5d4,test
a527055a462ccd28,test
a52ab667e6b5cf84,test
a535337ba920abdd,test
a53846544a36b90b,test
a542eeb3d0574f05,test
a5484a57c599974f,test
a559041ea74b4d28,test
a56c85dbdf70982a,test
a56fe268efd46b6f,test
a578da440fa11a78,test
a57941981194ccea,test
a57bc7361bfd2a6d,test
a57fb379d7c59acb,test
a5880c6442dc2ebb,test
a593820ed41caab0,test
a5978a9f1076f98d,test
a5a0aa9967a0b19d,test
a5a0f907abf3fc2d,test
a5a6769d9af4f26c,test
a5b6a09750bf89b7,test
a5bd6a2d441edc92,test
a5c467454d90e574,test
a5d89cf29462a486,test
a5db364fde5b1c0c,test
a5dd5f4481e05e89,test
a5de74f2aafda0e4,test
a5e2c7a46f97d3e5,test
a5f1360a8d7b1af8,test
a5f700aae20e41c7,test
a5fc3d76cf532bf9,test
a5fdcdfa2f5b3aa0,test
a6071265182effff,test
a60f3306e6146913,test
a60f33e2005ff0a4,test
a615bc2073f6303b,test
a6223b722848bacb,test
a62966b2cf59e7d2,test
a63d5c5aa45ba9c0,test
a6528dbca1928142,test
a65300f9c600b129,test
a655e0133d1b720b,test
a657c2dcc40d7517,test
a65b57780f6fc8a2,test
a65e71c8cb321151,test
a6628628ca978b1c,test
a6654e03c05b9a4c,test
a66ac9024ab966be,test
a66cc88c4f53ce2b,test
a66d23151838045e,test
a66f91b66d66c446,test
a66ff8cb1bdc6f5f,test
a67318ce868d1058,test
a6752a1278615ec2,test
a67931bc939889b6,test
a6864465d3d1e479,test
a686e1b8e9dee206,test
a68aeff1cbfa3c4d,test
a696ae0fbf8d6ed1,test
a697115e47f28e57,test
a69e0f3b27162ce1,test
a6a48cd5b90a8095,test
a6af58191402e1d5,test
a6bed3cb9d86f069,test
a6d50e99d3f009ac,test
a6dbb65e225a50b8,test
a6e038b77e713198,test
a6e0fb199e41c7a2,test
a6e39ca8a9ff37de,test
a6e7a5d9d3cb4cce,test
a6ec94fbee8338f1,test
a6f7be551da9e7aa,test
a6fc198139125461,test
a703a55d28d1f978,test
a7084b721b16373a,test
a7087cb1098216d5,test
a70aa2752dbaa6f8,test
a70ab566d5eec2ac,test
a70b17011d213c82,test
a70ed55b0ecdfb28,test
a7168e286bc1c050,test
a71ef02c4cf882a5,test
a72112e65a8257c9,test
a7257515bb1d25fb,test
a728384169574a8a,test
a737814ecb665509,test
a73f259a2c783bfd,test
a73f756ff907f464,test
a742c65d2be5268d,test
a743c2253ba9c87c,test
a745b893b7f1e992,test
a75973dff79aa9bf,test
a7600747f1fbd2ef,test
a763f6263a9067cf,test
a76419621cbdf715,test
a76bd844beda1649,test
a770d17954d701f8,test
a77181f790940c37,test
a773aa8be99eb047,test
a77c6f48dd914ffa,test
a78b42e750179210,test
a793f8d592fe7d8b,test
a79a13536704189d,test
a79a810a5eb926b2,test
a79dd030b629fe3d,test
a7a68f764482593a,test
a7abe986687a2390,test
a7b612c7a87b8a44,test
a7b8d53e3d811774,test
a7cd50b54bfbab3d,test
a7d540ba6e155048,test
a7d5af0cfd598ac4,test
a7d8a831f3211cff,test
a7dddfea10d2628a,test
a7e3b15633c582e6,test
a7e6786a126f76e3,test
a7e950373c8a5b1d,test
a7e9ac33e9c3306c,test
a7ec02b350dec941,test
a7ed0bc5732f3f98,test
a7f34d418d853c2f,test
a7f7ba8cbb071e79,test
a808b6f7fa06e730,test
a80b39311556074f,test
a814eb53cfd0edda,test
a81964ac3248cab6,test
a81c0ae9251c1e31,test
a820a0611794c6c3,test
a828d19a1a9862f7,test
a82aacee24bd58e6,test
a830bbbc30a4835e,test
a8379835f50a6d87,test
a842ad441ad842e8,test
a84573c651616174,test
a84e4ab9aaa2f92c,test
a84fa70dec1a4eb3,test
a853110e81bae23d,test
a8551f62265f4a43,test
a86b257d00499034,test
a877ac4f390de11c,test
a87ce3492aab08cc,test
a89354dfc8d232c6,test
a8965b2ddfd3b495,test
a8a343a498a5769f,test
a8a529a8514a5bb9,test
a8a7fe386b4df0e9,test
a8a86feaef25c4b6,test
a8b612010a6a3fc0,test
a8b7ae5fd24413b5,test
a8b9afd5aa18571a,test
a8bb60952bd5191a,test
a8c0f548371f5b7b,test
a8c14428a6c165e0,test
a8c4dd18be76ee6f,test
a8d53a199ad40322,test
a8d9c45c635f0fec,test
a8deeaee2a33db5d,test
a8e4307caab0b0ce,test
a8e8914653a78341,test
a8ec4610691fda52,test
a8ef42a55ad08013,test
a8f2040574b2bcbf,test
a8f20f7ff675e9f1,test
a8f5f5032a52cca1,test
a8fa3e3b8691afa0,test
a8fec1df4cb47900,test
a90211eb2f5a931b,test
a90731c7a465b358,test
a92a3b6c307ca78e,test
a931ea5144ca28b7,test
a93889b3d15715b6,test
a938aa22540ebe89,test
a9393c92c520c78d,test
a93f48f6721838fa,test
a942b46848272a44,test
a9484101b90dde27,test
a95229c329d74d40,test
a95f3c36c8ede202,test
a962d5759a1dfefc,test
a96c62a59412bb24,test
a9773bc3ec87727d,test
a97979bdcd87480b,test
a982b4f3c336542f,test
a982fba344173a92,test
a98573354052314e,test
a986e346a6269e6e,test
a98e2cb207a10983,test
a99c95e0389212a1,test
a99db65db9fe9072,test
a99f444c2556cadc,test
a9a64c7fcbbad123,test
a9a7b8f44084e1a8,test
a9aa0a15e1c1b6ca,test
a9ab7c18c6db993c,test
a9afb1c5158b6b30,test
a9b00c632ce92a61,test
a9b49bc14e1b191f,test
a9bd56bad8a70780,test
a9c07d716a0abff8,test
a9d1c26861f1593e,test
a9d7b8c2b0ab24c3,test
a9db23e5f8309701,test
a9e078fa72038fb5,test
a9e460d8f940f4a6,test
a9ee90432b1b0be0,test
a9f05b6a5b1e8955,test
a9f933c5bf763082,test
a9f9888c89694b18,test
aa00455b559bfae9,test
aa0146f36cddb86f,test
aa079b217d05c6f5,test
aa07a5afb5fe3495,test
aa1263ba9e9d369d,test
aa246131fe737b28,test
aa2d4537784ee403,test
aa2e41685de640cb,test
aa343f9b6e55c25c,test
aa35b250f7c98402,test
aa3b74aff9e620ef,test
aa44870d2aafbcd9,test
aa48c6c88d311f69,test
aa4b0ccf75a04c8e,test
aa4bc77f2331561d,test
aa4c48e6824c46aa,test
aa4f98e41a1c28d1,test
aa5118b9951a7b0d,test
aa5760db9720ae69,test
aa5ae829c23bb37b,test
aa6bb1ba63ea49b2,test
aa7d2f8d27e53858,test
aa9b97107f6445bc,test
aa9cc738609b06bb,test
aab6176627932412,test
aac196ac5418e41a,test
aacc0fbcf5c7e37e,test
aad0c346b3f0c26a,test
aad8686c154e869b,test
aade945af99cf101,test
aaeee56d442295be,test
aaf2706a2a6d6a68,test
aaf4f194648fc22f,test
aaf55a5af14c58ec,test
aafc1e3b40737eab,test
ab01088c61039095,test
ab14c55f2886c303,test
ab176289b2ffdebc,test
ab17d888a1cb9dc9,test
ab1928d6f8c4b690,test
ab1cc7c127888127,test
ab21980183787193,test
ab2cd56ab639e21c,test
ab33764073017631,test
ab36e524abf870e4,test
ab3dd0542a0f5faf,test
ab47a466f1052739,test
ab4e7c77a95273b8,test
ab50f47bdeb499e1,test
ab52b5ab3449e33b,test
ab55b34c30f4211c,test
ab5d33bc906e24b5,test
ab5fe1e0e5d48c3f,test
ab65dbf8f9b87ecd,test
ab6653c342dfa6ea,test
ab6dfaef692b2ed9,test
ab6e880c25a7ecf8,test
ab84c25464f67093,test
ab8812edba719bb5,test
ab881f058354cf29,test
ab990fd68a2d6d72,test
aba18b7f94bba7d5,test
aba46ca776d444d4,test
aba5f1da112f1594,test
aba749dad9960b00,test
aba8c0375ad51bf5,test
abaa5c0bc5c6bd28,test
abb88851864fb049,test
abb9b990a9d125f5,test
abbe8e76b17e5adc,test
abd5b165d2395d77,test
abd7b364bfed9810,test
abd84fda36bdecbf,test
abdee0e8dfe33485,test
abdf608645d2a627,test
abe44b0c7aecc69e,test
abebfc14b3e6b447,test
abf284e181ebbdb3,test
abf41e55b41c0ee9,test
abf7d11317335bc7,test
abfa53a6d3d61f63,test
ac0600cfc2366e9e,test
ac0643dcd53aba19,test
ac0a058eb79758bc,test
ac1b0529cdac6bd7,test
ac32b321ee985303,test
ac346c8cd4ba716e,test
ac3625aaf070cccf,test
ac4282ad1407689e,test
ac47a24433d24b67,test
ac4b0ee4bc8fad18,test
ac521b1767da0578,test
ac5262c74f9aa899,test
ac549697d633ad18,test
ac54a347f4b3e054,test
ac58a22d21cd124e,test
ac5e86d8efdc7b94,test
ac66246c08797a06,test
ac72684b2172aa15,test
ac77b88ade476413,test
ac85137e46548b50,test
ac8631981f544ce6,test
ac89ac16dcaaea2d,test
ac8afb9af656db85,test
ac93e28403a736e8,test
ac96c4390a4125b2,test
ac9ac8a482e84faa,test
ac9ee16c02a521d6,test
aca3e3ab64fd802e,test
acacd7ceaaa49146,test
acc027818f03744d,test
acc3d9de0d7b224a,test
accec79e6922e27b,test
acd05f4d80a917e4,test
acd501e01680f945,test
acdf2ca7968999f8,test
ace46aea75506110,test
aced9f4a399e8ed3,test
acf4070985667d6e,test
acf64a131c3b5c58,test
acfe016013af7301,test
acfe0a39652d89ab,test
ad029bea0480103d,test
ad09d7a59353cae8,test
ad1857a3130cbd9c,test
ad1a9808aba0bcd2,test
ad1bbc86ccd0b9ab,test
ad1c605aeaee843e,test
ad258d7b78023297,test
ad27d02b635f75c1,test
ad389fde48e07892,test
ad4d3953de786219,test
ad52f5acaa92e593,test
ad68afa6752a7957,test
ad6eed34f7018c45,test
ad6fe32fbaa3c711,test
ad82befb65f125a6,test
ad876aad6ec9097e,test
ad90b989afc8d598,test
ad9426655e57f342,test
ada6b455dfbe1979,test
adac633b4e44e953,test
adae1489489a0bb1,test
adb04a0438a83d30,test
adb7f30a9ecdeb9c,test
adbe3917a3c546f3,test
adc782f7063ff9ee,test
adcaa43baf925e17,test
adcc706ab393bc35,test
adceb788b0f1d354,test
addf20d4588f542a,test
ade4df95689da395,test
ade55b8935afebd7,test
adf2af93982a4cc2,test
adf88404d66bca16,test
adfa598b3a9c564b,test
adfede5ee12d2030,test
ae04b71a7b329974,test
ae09198d51676644,test
ae0a4925fec3b018,test
ae0ad3e0ed5e19d8,test
ae1db73642be4c8b,test
ae218c62aeb1bb0f,test
ae2770ee479d9ed4,test
ae2b2d42b1805a64,test
ae3328099c8d273e,test
ae5dae58817e42d2,test
ae647b958fdc9dc6,test
ae65c4ef38b906c1,test
ae65c5728067a85b,test
ae713621bffe5257,test
ae7504e6d3081a39,test
ae76c3abd7f1766d,test
ae79db180f3064e5,test
ae92fb8ac48e3ac6,test
ae94f4cf380196b9,test
aeaa163378df37e2,test
aeb47c15f2f79fc6,test
aebd15e89f5af345,test
aec0ae946cf99dbe,test
aec21a6fec325976,test
aecd15bec7f949b2,test
aecfe59fbdf3cb4b,test
aed690d6bbdb9f29,test
aee0aeb36b39e43b,test
aef2b99fd7ce505a,test
aef2ed97c9af12f0,test
aef6ac2c62044d07,test
aefc812d10eaf053,test
af0167b12c96aaeb,test
af0b91b3062b6e89,test
af166f764d5ba563,test
af177fcced6289eb,test
af210c104e0e67a3,test
af37c78f47a4b8dd,test
af3d7974397a7c5c,test
af40075de5ea21ea,test
af4bf7aef4c13c28,test
af4c4b3d1e6e5c1e,test
af5be01ca6ff897d,test
af618f6a38608dde,test
af63097d598b078a,test
af70379444110ef7,test
af7b3f50b6b439c2,test
af7fcf6a903b74e4,test
af8304c4c190004a,test
af8ce61ac99a5d40,test
af92bb8b5cf0af09,test
af964e0dbbf7c8dd,test
af9a7e03ea8b5099,test
af9d7bc829c899d4,test
af9e540b6ac6fb49,test
afa1c23d0e501be9,test
afa3be90b2efae1c,test
afae2d6724fc24b2,test
afbe497a6c8be7ef,test
afbf910fa37f9256,test
afc2974c77b936c0,test
afc2c1bb11815fd7,test
afcc24acbf39d12f,test
afcdde5dc763e28f,test
afe5a986de3db738,test
afebfdd468e7b48a,test
afed5968b0a340de,test
aff121ca384ad56e,test
aff39c32804925f6,test
aff6cf06e11cd7d0,test
affc53981e23220a,test
b013bbd1043ee776,test
b01b96c294ede3d8,test
b024bd6be1d89434,test
b02665890413a962,test
b029efce1706726c,test
b03ea393c68f2ae6,test
b045a8529cb9f0cf,test
b04bca644db5d8ed,test
b050705bc4522993,test
b059c3902e006a44,test
b0678f4865e68bbd,test
b06804785f5b3854,test
b06aaade892fd89c,test
b06d1599981f9423,test
b070cc8b22be2292,test
b071d3b07154a55c,test
b072a53fb50b59a4,test
b0774b1ae4a3cc88,test
b08b6b893ebd02f4,test
b08c9fe2f7f36bad,test
b08eca700c72dd6b,test
b0910ccae56b956d,test
b093e66018c4bb9b,test
b098b54f9fa622f7,test
b0a0009e4a942c05,test
b0ab3cbacc6910de,test
b0b04a9aa1b6df0a,test
b0b3481c24a065eb,test
b0b48ec203c41ec2,test
b0b8aac4e855611e,test
b0bdb834197bd804,test
b0c00f4e3dcac4c0,test
b0c12934e25bfb23,test
b0c31a6b8c4f9c5c,test
b0d17e2ff4461df6,test
b0d23a98cf045f0b,test
b0d4edbc75cf085a,test
b0e3e01ef3ec612f,test
b0e8e1db0e22a112,test
b0ec60b99dc66df1,test
b0ef500b411bfebd,test
b0f5ed9399a0bbea,test
b0fadb6d7f8d071d,test
b0fc27cdbf33ddb3,test
b108c4193b48e468,test
b10a49131268d491,test
b10eaad7e3c3353b,test
b117502cbc647666,test
b127e10b96aab262,test
b12a76f69b748cf7,test
b1360c8b633bf221,test
b136adf0a6e5c93a,test
b13d9ffccf6547d3,test
b13f890754cffc63,test
b13fa954b46b1c47,test
b144411267a8466c,test
b149818a78616de9,test
b16451d9ede75c78,test
b164b380fb644a85,test
b1668511596c0d77,test
b16747ce22f335f1,test
b16e6d6c1eb8fa48,test
b170e5e7a33f8b1c,test
b174d34974bdd69c,test
b176d4b6f3d490e3,test
b1793cf7499b595b,test
b17ec3d4f1321397,test
b188068f74333cfa,test
b189cde762fa185f,test
b1972fe8c1d28812,test
b1991a5a94c4036c,test
b19cb99b5bf53b42,test
b1a3d961b9375de7,test
b1a448323e84601b,test
b1a6e5441223b10e,test
b1a89c50d7a7120f,test
b1ab7d5763d138a5,test
b1b40d7ab536c4ee,test
b1bbaf75fb978384,test
b1bca77e535c1b5a,test
b1bd161ee9673b07,test
b1c40fe4a9ecb0c0,test
b1c6c5b516a974a5,test
b1d866008a39ba98,test
b1db4719cb753f65,test
b1db5b8fb5c429b3,test
b1e1e912f5db6981,test
b1e5b4807ea00a3e,test
b1e8e09c75ca154d,test
b1f57d0197517a80,test
b1f8b56e8c89cf6b,test
b2064227732f28c0,test
b21788cb047ed534,test
b225a2c52995a39f,test
b22718d33e8c1cc6,test
b227dc8921740671,test
b228388b79ab047f,test
b228f4be5c56292f,test
b22b544fa65c3cbc,test
b248c76e5e087e6c,test
b2493b0f7f7b5695,test
b25002a57b0bd883,test
b25750a57abbfc36,test
b257e0720ef64ff3,test
b2601ed87abba10c,test
b264b4e9ca18cd05,test
b2668de486004259,test
b2727a094c6afe9c,test
b2763d0c4a1e0c63,test
b27cd34957e28181,test
b29f5d968f2b5e7e,test
b29f823ed66fee07,test
b2a83a932c924dcb,test
b2b2eb39e02b1b87,test
b2b448fb959d24c9,test
b2b633a851a41eee,test
b2bae701cc5232bf,test
b2be1be3e1acf344,test
b2be98c049593c65,test
b2bf4469e2176a2f,test
b2bfbf81b8d42f3d,test
b2c02e47255b67f3,test
b2cec1dad73c6580,test
b2da683105b159b0,test
b2e56af095781658,test
b2eff6c65a318bfc,test
b30ba916edb5794f,test
b31120c04ed7a04b,test
b31bc047acf6b018,test
b324731b55b7639f,test
b3322b7058e31ef6,test
b33eef5cb292ec5f,test
b344eb70b7291745,test
b34cd5967daa1d2b,test
b34d76a17ba208c9,test
b35c93f777fddb54,test
b36445d877b00ae6,test
b370b5578fdf14f2,test
b386298f533d5359,test
b386c9de9743bb61,test
b38fa96adff8d0c3,test
b393ffdd8b12e043,test
b397caf29d034e20,test
b3998a8b433bf894,test
b3b15d379f686ba5,test
b3b1e0b1221d5675,test
b3c09ac21a15d0c3,test
b3c191de4948feb8,test
b3c362016a1d3ec6,test
b3cb2caf9f4e5a74,test
b3cb83888f9aec72,test
b3d1c195cf37de6b,test
b3d901bcd19a9296,test
b3def19cb50a11df,test
b3ecef7672daf767,test
b3f2494a4d1fb337,test
b3f57c041bcd7049,test
b3f65818968473f1,test
b3fea436cffcc28b,test
b3feed64477650ae,test
b401460845213d98,test
b409b976a553af3f,test
b419281af646b0d5,test
b41c9a7dcc567ece,test
b425b01a7fbedf16,test
b4263a899952390f,test
b42e84635ac0472e,test
b4367ccc0d9ea907,test
b43bd08fc161b422,test
b43e9d8dbc80d94d,test
b43f0c8fd6d6652e,test
b441ac4fb46635b6,test
b44bb2a706f03c81,test
b44e3c903d129e6c,test
b4541ace37ab64e4,test
b46c51f06779ac9b,test
b46c6a58e54fb287,test
b4815eb94e4edb50,test
b48596abdce04891,test
b488e20731c92c8f,test
b493002ace6b8ab5,test
b498f497fd472022,test
b49b6e1abe02c405,test
b49bffe0ca3e800b,test
b4b79aea5a8cdbd6,test
b4c663dc21f81fa2,test
b4c81098db0f2c29,test
b4d5d9158bd1a6bd,test
b4d7b6b97f148773,test
b4d982f18b505bc2,test
b4e0ce7bc137c121,test
b4e1ccd25620254f,test
b4e3f5701ddd2390,test
b4e6e114a7c8ad7e,test
b4fa22d72a12d2cb,test
b503b6ead5b8d0ec,test
b50e97c6bcdd2762,test
b51cdf4cd6432306,test
b522419a76cd5c91,test
b523917b9da4faa7,test
b52570196c26cef0,test
b529ef2a997d1841,test
b5379b98b0841fe0,test
b543d83d3272ef09,test
b545d216973f557d,test
b551c0525eb9b3fd,test
b55660db9bc6c809,test
b557f92550228550,test
b55c19b9d0dd0530,test
b5723a7510c2cff2,test
b5783cd51d559b22,test
b57d6813e06f5d35,test
b57fc0f25633309c,test
b590fe27243e38d3,test
b595267a07f821e6,test
b5975106c2a31821,test
b5a8e26de99287c9,test
b5aeaaf76192dbef,test
b5b09718ccdaa620,test
b5ba06536602a117,test
b5bc378421d84e9c,test
b5c0a92a28246be5,test
b5ce15b711683f21,test
b5d18dbe84583370,test
b5db3b6a96aa66db,test
b5dcf989ccccc321,test
b5ec207b55805ffa,test
b5ec2690df590b1f,test
b5ed3f905335c202,test
b60310d810bc507e,test
b60999ab626a9f48,test
b61306b24700235a,test
b6248dde8fdf92dd,test
b635c3bf59ac5df8,test
b648eb183a52e965,test
b64b57de4a31d324,test
b64b9c3434b05aa4,test
b65e51cb334ace21,test
b66aeafb4ab9bb7c,test
b66cba349c35ee85,test
b673440679007da4,test
b68346044007e7e0,test
b68f04cf837ec724,test
b6975a51ee50c2e6,test
b6a6335d27a6aad7,test
b6aba7c59b1f1e51,test
b6ade3efb270c4b1,test
b6b415c05b2efb3f,test
b6b611a079ecd42e,test
b6b9e8e297db8282,test
b6be3bc1ad70afc4,test
b6cc2c76a036b149,test
b6e15a95922dd7e0,test
b6e2e0bf93944e00,test
b6e61e628f063257,test
b6e99334e1ccd160,test
b6e998c5c2258d64,test
b6f856247ba29f80,test
b70e127f8b3d1864,test
b70f1648c65c5b85,test
b70f9ab6fe68be39,test
b7133839d540def7,test
b71758155621ed2f,test
b71bdd07870e126d,test
b71ef299b3c89d46,test
b72747c956623fd8,test
b727ed5f4c359ebb,test
b7335e56d6ac4728,test
b748dc59bcc38641,test
b74ec70a225ba594,test
b7598b8319a39e29,test
b759fcd1a50dbbdd,test
b76127693a8c35e7,test
b76cf1014c227f00,test
b772f5fdba830c5e,test
b777d947dc6a1d0f,test
b782ebbb9898a709,test
b790ffd3a6ea2a78,test
b7a39497ca1897ac,test
b7ac6fea0e7cf4b7,test
b7b3ff5f9d468599,test
b7b400744f67c2b8,test
b7bb7440d63c0dac,test
b7c195295111c408,test
b7d7849ee955306d,test
b7d8b33f2214a966,test
b7dee72a2781ebc3,test
b7e621a52244ff0d,test
b7e691894bfe3104,test
b7e83cbab929d466,test
b7f91747705be010,test
b7fc7886adefdc9c,test
b7fe9ef38d6ed25d,test
b801b284ebe5f937,test
b810d16dfd2cef8c,test
b829fe451951595d,test
b82b00336113cdbd,test
b83497bfaa56abae,test
b83a176d0e932524,test
b8405417df6bca6c,test
b8411b1ec053bbff,test
b8447371772fc1bb,test
b84d30b6b179ad81,test
b84de9fd1e638831,test
b84e8677c06b3ba1,test
b85db4db09df5540,test
b85ddd181cf27cc1,test
b85fb5d9ee37ad8c,test
b86d4e4f8b1a3397,test
b872bb4d279c621a,test
b879fea7ac2a5da1,test
b897260f10e31629,test
b899665eae801ca8,test
b89f774d613c64f1,test
b8a12ccd14bda12c,test
b8a7696f6426e5be,test
b8bf74307231dee1,test
b8c72806cbcbbae5,test
b8ce7436e534bde4,test
b8d1068e9f6dc681,test
b8d33c5a59ca70f0,test
b8d5018cfe60ed60,test
b8d59579d8a9858d,test
b8e67c3b3c15b876,test
b8e889fc90b5a14f,test
b8ee27baff2b453b,test
b8f20bbf3953844f,test
b8fc0a9ba4ed06d1,test
b907bec35bbcb111,test
b90d7d7575fda551,test
b90e32dcfd287a72,test
b9164402f14d7c52,test
b91e5b33a7042770,test
b929d81f251f1512,test
b930ae2a8e37f67f,test
b93b31444c0b2cbf,test
b94846ec22886b10,test
b95c0850568fb4c5,test
b9612ab312fa114f,test
b96622c8affe5bf2,test
b967f8719484d01e,test
b969c2b0f9a456d1,test
b96c348f79656003,test
b977ef0f810d2539,test
b978ce6ca2a222c8,test
b97c5cdee8a97835,test
b97ed14a0efa3698,test
b983dd2afded2457,test
b98f3f21cf9c6751,test
b9a6a89897b146c1,test
b9bf6fbb2ee4c925,test
b9c0b885fcdb5075,test
b9ce69b2adf1e8cc,test
b9d7bc1863644c36,test
b9da42db6a4716cf,test
b9e6d50d39632fd3,test
b9ec9e3e9cacd9eb,test
b9ed7f549ef1ca70,test
b9f37050d127da68,test
ba025f5e4ed4a824,test
ba0bf94e08966f62,test
ba13ec896f6cec69,test
ba1a3105a810b4b0,test
ba1e1370b3b6ea32,test
ba1eab0f377ec925,test
ba2b8700530d4483,test
ba338fff4047ffda,test
ba447f444d07f901,test
ba4756d72d594dc2,test
ba56df520256a0ac,test
ba73e27970d80cbb,test
ba78583c3c490e7a,test
ba792b3e7cf76101,test
ba81e9868d7c7329,test
ba8d64a8db67d75c,test
ba9bae5d404d7c21,test
ba9c9c93b7ade461,test
baa42aa939b41537,test
baa4d184a8ab7a1c,test
bac632e1287da301,test
bac96438f39cf2c2,test
bacffd5343be84ea,test
baeb8ff0f1a8fe68,test
baee0b8be0f28bd5,test
baf290c84be48fc0,test
baf6efb907d5c887,test
bb02798915e2fa69,test
bb082d119054f831,test
bb15847cb46f490d,test
bb19a7f891267e0d,test
bb2e59ee7106ad8b,test
bb3321194403e137,test
bb3b6bb705e887d1,test
bb3d846ec956a188,test
bb471ec21f9b1ef6,test
bb47c65f3b1c07a8,test
bb528af36a87afc1,test
bb56394cb19c62f9,test
bb57933d24b55559,test
bb6857f782454abc,test
bb7039dad8205667,test
bb78e0e10a14e2b7,test
bb7909568a0c0127,test
bb7a4c3a25974706,test
bb7adfde30cb799a,test
bb880f12f6bc8a34,test
bb8bdea8ae16d77d,test
bb907785487472c7,test
bb9178efcd377df5,test
bb92a4f9c4447c95,test
bb95ceb475cef9a4,test
bb96cc5f11c80f3d,test
bb96d67315520be7,test
bb987f0c42a846ed,test
bba13d08b0126e92,test
bbae13e21ea3abd9,test
bbae6c21fc20a31f,test
bbbcc3a2d75ee604,test
bbc06f467a236d19,test
bbcac0fb053b385e,test
bbccaac629cb80ec,test
bbce1888791f9f54,test
bbd29f2464db25e7,test
bbd4656ac07c0043,test
bbd6fc7926ae0334,test
bbdcf3e05984340f,test
bbefee816678a707,test
bbf32013b5b848ed,test
bbf37a2828c0e2a7,test
bbf5f8abe396764a,test
bbf9b72e5cb827a7,test
bc020d5a74757d08,test
bc071e4b06e8652e,test
bc0addecdcb9a969,test
bc21d75e5efaef4f,test
bc2437032c23f737,test
bc2888f6837970ef,test
bc2aab53b0e1e3fe,test
bc2d07a3573259f1,test
bc337924f3cd1020,test
bc3941920415c364,test
bc3d213978aee4cb,test
bc4310dd9c25a439,test
bc4918931b9279a7,test
bc49c87972fa7edc,test
bc5083187c666a51,test
bc5d596529fe208a,test
bc5f822611b625ba,test
bc66d529f5b622a9,test
bc6c20ae4562ce58,test
bc799872fa8b2924,test
bc7f6f854e2f35ca,test
bc816f97f573997e,test
bc8609f8261d9cab,test
bc8dbcb94ffda3e9,test
bc9af070acfdc3da,test
bc9f0694db647abe,test
bca9b9a23a58aea2,test
bcaca15b4d1f5964,test
bcbac88b8b7dc133,test
bcbd4c1ebac3c1a0,test
bcbd80f54b7dee01,test
bcc3d2d059054fb5,test
bcc401f677095d1b,test
bcc5a14407bc16b3,test
bcc6efbfd59b708f,test
bcc929e1163ed5f4,test
bcd7d88b069a9ff7,test
bcdaf9911ac570ca,test
bcddb947e3ba4906,test
bcec045a31993f6e,test
bcedf6883ff0a23a,test
bcefbf132c9c58e5,test
bcf15a37624cfbc6,test
bcfa4662f29836c4,test
bd06b4940dd1c5ec,test
bd091545472a9054,test
bd135c9d80b144bf,test
bd1b3f85cba94c95,test
bd1d61e5ca1b187a,test
bd27fabdd29a9d72,test
bd2c2ce6189cf6f3,test
bd36a5d4a7d927ea,test
bd38c2c43877fe7d,test
bd3d7b5df7a37794,test
bd483461f60fd7c7,test
bd51cf451fd82aad,test
bd5d083853d2adae,test
bd5d7fb0f080a8f8,test
bd69ff36661b5d1d,test
bd6a31f86374b4d5,test
bd6b1b8091f84155,test
bd77a3bc24924390,test
bd7884109e591add,test
bd8705c83b172686,test
bd92bccd007b036c,test
bd965ed5d0d1825a,test
bd9af1205bbc2397,test
bda25c6ee4031109,test
bda93e2b386a0123,test
bdaa6a1bd714ff9f,test
bdc460dd921c7a07,test
bdcfdbe01d6bd09b,test
bdd8e6a6c5f3241a,test
bdd9e99ea9e98b25,test
bde47230f4c37c44,test
bdec8b9925154d7f,test
bdf1c18b386b8942,test
bdf5df21f5c132ac,test
bdf9854fa5a0272f,test
be066791cf78b942,test
be0f56a72a755df8,test
be104e8e1a00ccd7,test
be1c459b51e0e1a8,test
be26dde6ece24c46,test
be27f4723912ac6b,test
be297866e36b9bd2,test
be30bd0d1699ff38,test
be4d7fae895bac8c,test
be4ec5ba72548c28,test
be5898e6b7a2da29,test
be5ab3ef535ceb52,test
be650e7cc78f2834,test
be666c4e24cac01b,test
be682178bc2fcc95,test
be7254c8d55a055f,test
be8ba65227787718,test
be90991dad9ed7de,test
be939dfcb98c3e6e,test
be9456a0553369a9,test
be9af8d1571332c3,test
be9e8f702db035ae,test
bea0fd33fc15cc95,test
bea21e255c335cd3,test
bea9f51543cc3dbc,test
beac9fc37ee767d5,test
bec70c77b603d69b,test
beceb1b7e83d79c2,test
bed30434107a6a90,test
bed4c1273883691c,test
bee3b5bb2ae54749,test
bee6da086c5a437e,test
bee86d824fa1b493,test
beeb056fce24c6da,test
bf10507b3e47bf7e,test
bf14d262b3dac050,test
bf195ed3733c2bce,test
bf1c4b0954fb9016,test
bf1fd56132e2e4e1,test
bf22cfb23b273683,test
bf262dea9d8229e0,test
bf2f7877651c0165,test
bf353a3b22751ef7,test
bf3ecb8931578c80,test
bf499965d17213c4,test
bf525e66dd28b794,test
bf627e83ab719db4,test
bf6e9a427763b570,test
bf71cd0b1c230938,test
bf7480f88e3994ec,test
bf8338a021279074,test
bf8cb65f0f63207e,test
bf91fdb9798c8daf,test
bf9be9ad125b6245,test
bfa466a66f30029c,test
bfabe9c6419c4bbd,test
bfae8b657ebbc711,test
bfb2edad2c23e1c0,test
bfbd18e2b7189192,test
bfbed5a4a1d21ea4,test
bfc3e950a37e68c1,test
bfc82d362ccc8ed5,test
bfc9325895577d58,test
bfcdf9829f8ae572,test
bfd0287f52674ee4,test
bfd046133ffece7d,test
bfd19112ece4222d,test
bfd7b477b25e734c,test
bfe175b333eecc43,test
bfe2d886883824f8,test
bfe917aec861fe41,test
bffa1b4236267236,test
bffa650231c5f1ae,test
c00797a0755ee5d4,test
c021c6aa45e99ca9,test
c021c8ed4f3f6154,test
c0286df16f34520f,test
c03206daad8383a9,test
c03e0ef8bcf86b22,test
c0403ea321cfa963,test
c052049a585cd08a,test
c0562e5c2beccb0a,test
c0675da64ffd961b,test
c06f5f13f88a5781,test
c07becd377516f44,test
c08ee3850f2bbf70,test
c096310957c52673,test
c09974de1e99844c,test
c0b0f9074f9e1863,test
c0b8486838954e3b,test
c0bd8d7d23bcada6,test
c0d0ffb8b1eb8f6b,test
c0d4393667231ae9,test
c0dee1d37719370a,test
c0df17d85a77496a,test
c0e0c7ffc1f4cd8c,test
c0e6b39a3b31041f,test
c0e9073bfc41e4ad,test
c0ea08382afc8e86,test
c0ebfcd9b2a4fa50,test
c0eca2134feffa56,test
c0ed1f2b5815554e,test
c0fe5bdfe3e4638c,test
c1008b24da877144,test
c102e2060af0088e,test
c106a5a91b0bbb42,test
c11182f9358154a5,test
c114958d874acd39,test
c121297c3bffac60,test
c12481f5d121bbf1,test
c12a12bb8232e7dd,test
c12c9af716ec5aca,test
c134dceee66bc5bb,test
c1373e1671c0b0c8,test
c143940bf887334c,test
c147c0bcea413516,test
c14b5e01b11c31cc,test
c1518d615c761813,test
c1617e0009ec735c,test
c1657b9e8b1ce0d4,test
c1740e7b221367fe,test
c181fe9156321ca9,test
c19726a1674bff12,test
c19ac88570c4d9b4,test
c19ff6753ed47490,test
c1a074977f047ea3,test
c1a55cbfb4d77f0b,test
c1b1b26595de5d07,test
c1bf6df2bef08fc2,test
c1c47edf385c7f28,test
c1c62a7adba3cf38,test
c1d1dd3297adf74b,test
c1d2fc833f31428c,test
c1d4ceec46ec3e36,test
c1d6917cc06cc26d,test
c1e517af37ec6fb0,test
c1e6b28c1778ec77,test
c1ec0ec96acb55d3,test
c1ed255bd4b7b4d5,test
c1f332dbb6c8b639,test
c1f389bf978eaa97,test
c1f8b6177c3fd09a,test
c1fb84436180eabc,test
c1fcaef7715cb277,test
c1fd6767ca7606cc,test
c1fe9664e3d9c884,test
c211ba6da9dd8585,test
c226d74070c67242,test
c236db76612a5f6d,test
c23fe4c76e19c85f,test
c23fed0cb7a250c3,test
c2412fddf9e848d7,test
c244a0960f0175d4,test
c2479d1c82c337af,test
c24860e5c87e3f12,test
c2559a052d85883c,test
c2629a66e72b2556,test
c2684e6e17054cfe,test
c26941cbaad63533,test
c26edbbe3e229458,test
c27071eb25c2a5c7,test
c271dfd86dbddbbf,test
c2777aa37168710a,test
c27a0821b21d2af8,test
c2830df39146e556,test
c28b75f0e758d65c,test
c28fc1bf327a9f1b,test
c29627225877af72,test
c2a05f8232998b16,test
c2a24cd5d4ecd7d4,test
c2b19244b0d9db36,test
c2b25285aebb6b67,test
c2b534848ba0ded2,test
c2bee16669d55b73,test
c2c421bd9533a196,test
c2c647d3b42d116b,test
c2c69447701ab480,test
c2c6979f697be035,test
c2c817b802898928,test
c2cbef10984e419a,test
c2ce90739f273f64,test
c2d7cc150cee5165,test
c2dacafc0c1836bb,test
c2ef7ad8d7a976fa,test
c2f18ea30c37716b,test
c2f5d1bff9c9c2c3,test
c2f6f380abf2aaeb,test
c3051a02d27b6e2c,test
c3053932122f70df,test
c306d257acf45f11,test
c309d3d4041aef40,test
c30e3a61ef20e76a,test
c310ea6fca38bc34,test
c311d572cbbc9678,test
c316e162a1732212,test
c317945dd9c938a8,test
c31b077b233c4d8c,test
c31ba54448168fdc,test
c32355c6e4170980,test
c32cba2c217486b4,test
c32ebe946555b098,test
c3326a3686dcdc49,test
c3369764c753a7de,test
c3377ad2b37cc199,test
c3413f940e50d863,test
c347d7f083ea2b87,test
c367c7aa99c98563,test
c36d50fd9bb244f0,test
c37234fbe8287b8c,test
c37b6bbe9c082aef,test
c38bff52d61a39d2,test
c38c8c06854fae40,test
c3962d8e2c28a3e1,test
c3a29b327332e48a,test
c3a8f57df73b5ed6,test
c3ae702b085bd793,test
c3b0627bc2e0d17c,test
c3b86c6bb193d25a,test
c3c6d4be45024739,test
c3d1054511fc0ab6,test
c3daa242f5741ad2,test
c3de02028a618379,test
c3debe84cce96958,test
c3dfbd7d4134ab90,test
c3e492ae9cc9702e,test
c3ebf84c62bc01ce,test
c3ec36fd96c7ca49,test
c3f7f28b3827b2ff,test
c3fb83d320a779d0,test
c3fc5c1ebcc56acc,test
c3fe90cb3312844b,test
c4042b5260bf3e3c,test
c40601b178dbbdfe,test
c40643a65758159a,test
c4090568efef30af,test
c40bde12d6975732,test
c418c9f0c3d40a47,test
c419e3b67148dbb5,test
c41d785de1c69da8,test
c41eadf79238dc6a,test
c4404769615afca3,test
c4448f14451a2669,test
c44744626a83b8de,test
c447a2247ae22d80,test
c45531a45f6e422d,test
c45629f7871b9d26,test
c462683979c6b454,test
c46542f61eda3757,test
c4673c79a0157ecf,test
c46e608befdf6d97,test
c47e23174c05b92d,test
c4810f98b6615345,test
c481a08a82e92e8a,test
c48ce1709f32377c,test
c490923804080a5e,test
c499d5fffb866f74,test
c49b9fc9466994ba,test
c49e2f0171c97951,test
c49fb3b95a2ebdeb,test
c4a187b903d3bd5b,test
c4ad8ca50e1d6af5,test
c4b29cee698ae8a6,test
c4b651edd2bc8fd3,test
c4b8a8ea3566e954,test
c4bf6f7f71873a3c,test
c4bfe1b97162a563,test
c4c3de12f11dd1de,test
c4c4dd998a35854d,test
c4d6b574883b8084,test
c4db4585200ed8bc,test
c4e2d99d5dacc8f5,test
c4e7dbaecbbb4d95,test
c4eb8190e7ffe4be,test
c4eb8247e4d5014d,test
c4ed5aeeadfbe07b,test
c4f8e968b2f06d2b,test
c50a53f4944930d0,test
c50d3a188433be0a,test
c50e0deed73542ad,test
c512b22124ba3ba3,test
c5175ea1eff965a3,test
c5237fbbc6273514,test
c523aabc0e764694,test
c52661bd99f19f9a,test
c540345ebdf00506,test
c540537695736ff1,test
c542ff58772ad3ca,test
c54f73870db27237,test
c551662d639a9352,test
c552c7c93fd1d940,test
c558e46286d96198,test
c55ec12e5007a064,test
c55fccf9eb41bf23,test
c5667dc742b14b51,test
c56d4e15037c573d,test
c570f1d72083f9b9,test
c57394d720603dd2,test
c57d590b01950a7d,test
c58f7b39395af39b,test
c5a2618d040f6066,test
c5a4ca5bd5814cd3,test
c5a4e6ef0f26c57b,test
c5a51fc3bb79d3a8,test
c5a690d842a4ee82,test
c5adc1ae43661961,test
c5b305d36c23ac1e,test
c5b3f2e8cef57c81,test
c5bae2b7353feb7a,test
c5c25d77b701b3e8,test
c5cef54a031c0932,test
c5d08cf0d58071fd,test
c5d28dfc0fcfa04c,test
c5d5b8d7b68987d3,test
c5e4828ac5bcd867,test
c5ea01c83b3370b3,test
c5ed3a450c9a0808,test
c5ed6fef851abdbd,test
c608e092584124c0,test
c612e0d8db330616,test
c61890ad4523f0ea,test
c61f76a3edaa4401,test
c62ddbcdee02fb08,test
c63384938e73a36b,test
c63ae6a0aa735e98,test
c657f20fdd86f1e4,test
c65bbaf5904c4e7d,test
c65f9cf22a222ec5,test
c66520f379460ef5,test
c67d41d52fc7ef10,test
c683a3b466f2a6f2,test
c68cd5c0cd10c46f,test
c69aadc52f1beed1,test
c69b3e53fd2d937e,test
c69cec6e9743d284,test
c6a232c97613b49a,test
c6a2589fcfa4a7c4,test
c6a3083dca6b0204,test
c6ace2fb8ae07d86,test
c6b113b051ada3a8,test
c6b219d2a0a0fdcb,test
c6c832b439b43568,test
c6c95efb04a74620,test
c6c9f373f2c7ab09,test
c6d594bc3644380a,test
c6dbe109f277aed3,test
c6eda71aa16b7d7a,test
c6f0b93308e39fc3,test
c6f1ccfbbc8e72f1,test
c70516ba6b7b6ee0,test
c72bb141b324167e,test
c72e69d7c17119cf,test
c73421ebf606aac9,test
c7379ed66dd41c58,test
c739a0f4046478ef,test
c73c3ef8af827779,test
c73d0b11520f2f39,test
c745d2e66ad200af,test
c74f2d5e0a9f422c,test
c751986641770ff3,test
c7526037f30748d1,test
c75824561a7a9b17,test
c75f8afc3e1fde62,test
c7634dc59174cd92,test
c76597ba7da569db,test
c76656cf37e7634e,test
c769b776fb741747,test
c7720debbcd6f61a,test
c78023133a90b1c6,test
c783adae9c471839,test
c785dc1e13dc5e46,test
c78ba8fc7ba72893,test
c799eb26ef05d982,test
c79a1a67143cc165,test
c7a05f7509407650,test
c7abf81df939fddd,test
c7b8ff22b4c045d2,test
c7bb316427f0319e,test
c7be9042fdbcbedd,test
c7c5f45173186b75,test
c7c6b2cd64aa732c,test
c7d444ec3161975d,test
c7db6f0ac1a905d7,test
c7deb2ef2548a870,test
c7e1a8f4dc7d0481,test
c7e62fd253e7b003,test
c7e7b8ce56ab6f85,test
c7ee1a280adaf936,test
c7f43b32152dfd5b,test
c7f99a9303ba1afb,test
c8047d129c8205c4,test
c80494c2da3ff557,test
c80f8fd1ea63c463,test
c8119ee0dac49a29,test
c81b0478a32540c4,test
c81b9c1346673cdb,test
c821ffa9ed3ea7a3,test
c823123ba1524489,test
c8355b9915d96b31,test
c840a8b734856b50,test
c841f24821528fc3,test
c843def1df9fbd46,test
c8499fff8f18e26b,test
c84beec5b43c0e69,test
c84d6061a45d1d2a,test
c84faf3be0546cd8,test
c853471a62a38461,test
c855a837a1cc807e,test
c866899fe734dd4d,test
c86dc9da5e8bdc15,test
c871b951f6495520,test
c8737b9c3a83cc31,test
c873d21517b1073b,test
c87f37b8292ec627,test
c87fdd9bae048f55,test
c880617297450164,test
c8817e84c4386b65,test
c88391c81278fd66,test
c88af6aefc75d140,test
c896e5e6f4fc6361,test
c89a331e144c8315,test
c8a18b38c90b5b15,test
c8a1ff7acf06184e,test
c8a3f19028a117ce,test
c8bc345333fb1a74,test
c8bdf8f88c4733c1,test
c8c1934be5e8a56e,test
c8c28c3fb2e42f7b,test
c8c926d491711d9b,test
c8d55f29747c972c,test
c8d8b81b34de8af0,test
c8ef1701539b9cae,test
c8f3a9f285fae832,test
c8fd2afb1e1e9cda,test
c8ff69da63c6261f,test
c900d3555d762673,test
c9037398cd10f656,test
c905334ae2bf104b,test
c9069047ccc51a90,test
c9141290776c095d,test
c9157573d72c8836,test
c91769e9f3a63160,test
c91c1d3f088cae97,test
c92369b225d1496d,test
c9244c5c4b697968,test
c927625b085510be,test
c927a58d900b550c,test
c92a1d917d57213e,test
c934af2d2f9bc79c,test
c9394fe1a87fe47c,test
c93e8dd9df30359d,test
c93f07f210458652,test
c9404425a9cfca8e,test
c941f4e888e6818d,test
c944fbf7120c67e3,test
c944ff4855c12cf2,test
c954ac033300287f,test
c954f7ed7bd86b00,test
c9579bfcfed26d13,test
c9594498db9f405b,test
c95b04b60a2c4b75,test
c95ff2df4e3dbe61,test
c96b5924919c11ca,test
c96f6fcade51f81c,test
c978df7c26c02f87,test
c97c7b01e52ccdf3,test
c986bd46bf1028c0,test
c988fa94a13151cb,test
c994b9fbac66225c,test
c99717047fc04bda,test
c99f115df2d71b0c,test
c9aaead840e0c7a2,test
c9c418bf21579ff1,test
c9c4253f6e900b6b,test
c9dfcf80c7979d65,test
c9e2a2fbab9bb0b1,test
c9e5e6474f343604,test
c9ea88715ac90ec5,test
c9f055b2204c0d0a,test
c9f3365bfac13546,test
c9f7719214ee3af1,test
ca0db64047aeb1c0,test
ca0e00f3388b8af3,test
ca0e4230bb97a47b,test
ca11295d74079121,test
ca12e3a06c8a468b,test
ca1851d94c08bfea,test
ca185bc398b18c33,test
ca1b17b81b4adfe7,test
ca1d3bb432f00261,test
ca1f627b10a7ac35,test
ca268688dff9b564,test
ca2997bd11fe98e9,test
ca2e68d0482ace7a,test
ca3a036a0d1cc5ce,test
ca3efb250f9361cd,test
ca4a9b924ac46d51,test
ca4b6842fe2eb899,test
ca5183c45fb06586,test
ca56ee560b1b7d22,test
ca66b4ecb20cf61e,test
ca68ce60186f0520,test
ca6c8b4f84046b69,test
ca784f0b1f5e109c,test
ca7981e548df3389,test
ca819902e5dfbbc5,test
ca8477dc418aa855,test
ca8a84554103e8bc,test
ca8b494b5a41f331,test
ca9662755b273f34,test
ca9ed70fd2553343,test
caae8825dd138067,test
caafa63a189de6d2,test
cab089ca3af073c3,test
cab31e623bafb448,test
cab4b82d0f165e92,test
cabfdb8dafa3b0f0,test
cac2bea3401a87b3,test
cacb0eeb73365794,test
cacbcd76d7120b70,test
cacf5fb61f994572,test
cad4ecb4914d6bb8,test
caebd7360a23fba6,test
caf2371c55f67a0d,test
cb0054fdfcf6f705,test
cb03646a4033544a,test
cb1f12dbad05ed48,test
cb244c18a27627f6,test
cb2866f8d2afe484,test
cb506c3eb302a612,test
cb6a0e4b7b074c70,test
cb6ebae0d0623363,test
cb70860ad5e29847,test
cb72ff779b4668a2,test
cb77d42bdb36b164,test
cb7e8fef78d08dc7,test
cb82e5ccb1901c2b,test
cb8cf34f86d33450,test
cb8ff535f2167b55,test
cb905c8451ae7038,test
cb9946ec866685b1,test
cb9bd6e35f9fc27b,test
cba44967138c0f8c,test
cbaec2417a88afc5,test
cbb52ca51113974e,test
cbb9375030960313,test
cbbacd8523f2eb2c,test
cbcdad0e4247ca0c,test
cbdbe822e73cf583,test
cbdf6cbfba740708,test
cbe2c48356ce694c,test
cbe3cb145fe6dd07,test
cbe71d949cca2c35,test
cbeb1f414b05f97e,test
cbf2e5e95955d798,test
cbf81aec38501151,test
cbfd358fb47e4bbd,test
cbfd4e4e90b7eb9e,test
cbfdf8264c1ecb2d,test
cc03d736ba906cac,test
cc10530ca6c9bb90,test
cc1f0848e08d0cd1,test
cc2861f88fe2e00b,test
cc2e8c7724a3deef,test
cc419f8020afe5b8,test
cc4577568fc7c049,test
cc458af50e877f47,test
cc5c68ba6e59b6d0,test
cc698d8a02f7357f,test
cc6c5c4328065ffe,test
cc7072c165aff7c5,test
cc7598253038bab5,test
cc7e30407f298fa1,test
cc7f48a206318973,test
cc8962fa0aef8011,test
cc92a754a4bbae8d,test
cc9755a9d900b6f2,test
cca0040e285246de,test
cca364e487086aca,test
cca4f02aaef2b0b0,test
cca55506d549def0,test
ccadcd093ec299a2,test
ccb2e70d34216f18,test
ccb5b80042dfbdad,test
ccbebaa91350f004,test
ccc05cd0ac4481ea,test
ccc7f9b6df58eee8,test
ccca3e1b6ddf44f0,test
cccf4719fb649ea6,test
ccd1618c7a651177,test
ccd40dac6c8b8f22,test
ccd77c26e36e7cce,test
ccdae7264b1ffb1e,test
ccdd0edabe58b413,test
cce305e58f814f99,test
ccefda65c304ff3b,test
ccf124c71be66c16,test
ccf4c019958d3155,test
ccf982bccae98bb5,test
ccfeb8585c074274,test
ccffc4887428e7cc,test
cd06103a79a6627a,test
cd08bb61cab33b8b,test
cd16f21e5ed5b692,test
cd1b724795b4fdb1,test
cd1b8fe2e88886fa,test
cd1eadcc67b72ac2,test
cd1edcfd73169be4,test
cd1ef93b08628950,test
cd1f07460752a25e,test
cd2a9b2e724aa1d5,test
cd2fd73094f01417,test
cd43b77b6ab970f3,test
cd4eb604fb070ea2,test
cd5a28e85be89821,test
cd5b747652349df5,test
cd7096255da42cf1,test
cd7358c21f51d578,test
cd807616d1661c3a,test
cd85326ca9488880,test
cd8ac649ea4704f2,test
cd92d84edec308be,test
cd9502d629dbd5df,test
cd9abffff83503bb,test
cd9b121ef3f7e24d,test
cda1ac2f4807c64a,test
cdade4c382bd94d6,test
cdbebded8d309248,test
cdc71d227d428830,test
cdc766c6e67856a2,test
cdc82b855a37a9b1,test
cdcecffb80647c89,test
cdde3906c1a1eecc,test
cde239face803846,test
cdf306a8ced55f89,test
ce009594472f28ba,test
ce06113f873cf148,test
ce15a296b90e01f7,test
ce164d5a5f5b7f37,test
ce251fe2238c65e6,test
ce339aaa92d2be8f,test
ce420344335fbba4,test
ce457c6d31ad1fe8,test
ce48139c5332ee05,test
ce48ea3d383fb33d,test
ce497347286551c0,test
ce49bf0d22b4c1d4,test
ce4efae35524b739,test
ce5b1426bcedb7e4,test
ce5d9c95c86f09c6,test
ce651326d5ac1201,test
ce730291742f7a52,test
ce75a61478fae6e4,test
ce86619b460f792a,test
ce8d4f22175001fa,test
ce99d3e9776606bd,test
ce9f0171fbf7b87e,test
cea1487239b1a6a7,test
cea7ff410cb2cd09,test
ceab551ba7520c32,test
ceac94e7ab83a088,test
ceafdba3a8ec1bbe,test
cebaa0625b9ecdb4,test
cebb3aa51f8634cc,test
ced70e4c33339a51,test
cedaad9ce57aeff6,test
cee1e64d35af2c4a,test
cee273d31c207fdf,test
cee3710a9cf65f32,test
cef47dd79c194dba,test
cef62a89f0d0c29b,test
cefc5de8b83a7cb7,test
cf02891ad96fbcab,test
cf05bcad8e95a6bb,test
cf074a8eb294a1f0,test
cf07b40b9b621b5d,test
cf0f159189ae1abb,test
cf0f26c882eaffa1,test
cf1937d86d7b9616,test
cf1df9bb2b669d59,test
cf2cfb14526460ab,test
cf3f65789fcce5a5,test
cf3f7636cc7a95ef,test
cf430461739132c3,test
cf43de8b130c4bdc,test
cf50c5084afd7967,test
cf574306d430aa3d,test
cf58524344967d54,test
cf5c18d7a5d09eda,test
cf5d71d7111d14bd,test
cf644e87778dd886,test
cf68176926f4de7b,test
cf6fbba312b45302,test
cf731ea47365ed28,test
cf786039b4fbfe43,test
cf7d0ff2ad28cbbd,test
cf85b6f2f72bfe7b,test
cf8b48e6959de45a,test
cf9d5280019545bb,test
cf9fb38147ff0620,test
cfa4ee11ff8fe7f4,test
cfa891eaada0e7af,test
cfaa11548e710369,test
cfaf713a855227d1,test
cfb78023d288c094,test
cfbc25574d638826,test
cfbcd2e6619c4b84,test
cfc1596b705332ed,test
cfc7854ef262a774,test
cfd123349eb33358,test
cfe548668778c5e8,test
cfe7d6087fd056cb,test
cfe8960b2453063d,test
cfedc2e073960323,test
cfedec6ff3ddf3d6,test
cfeef898edb86d7b,test
cff473acad2595b4,test
cffe561f802a0dbb,test
d0025c73b52d2362,test
d008ce6a4c696662,test
d00958f65fb44884,test
d00d43d7a2d94a5c,test
d00f72191414bbed,test
d011e2ca1152bbec,test
d01dff5c627fde18,test
d039fdb0b5e241c1,test
d045b8733b3254b0,test
d05623f3ccd518e5,test
d05761b4db1bc697,test
d05fdeed25bb5fbb,test
d063bd86b0bd9b27,test
d06b26ab7499cce2,test
d06d97affa422800,test
d06de051eaba3ec1,test
d0784d21e72cc39f,test
d07abf8b330bb739,test
d0821de62b7143bd,test
d08a5d91c451bc76,test
d08c1e6367e685dd,test
d0922b17407d0520,test
d09edbb04d26b2ba,test
d0a0923fe4cc8bd6,test
d0a4b1ea67bd0f49,test
d0a6b15753372419,test
d0ae768af7b01a5d,test
d0c07358bb8f0ffe,test
d0c8485ee04c29d3,test
d0d1f7cc1146acd2,test
d0edd4bc201b1106,test
d0f157b97c8c2e1b,test
d0f424b6fa7c6068,test
d0fce2cf08aa8510,test
d104dfadbb680f2f,test
d105af70fb39cb5b,test
d114348c8a7fd8a0,test
d114a17653461285,test
d115157bff0c2d75,test
d137d3e902273bdc,test
d140e3c1b24ffcb3,test
d14425316739e290,test
d148b4feb95b33a8,test
d14968170dc646a9,test
d150272d9a926f87,test
d151a5075f0cd621,test
d15d6b57059e3386,test
d168e39c7b18b390,test
d17690f18d7d99a6,test
d179fb4d9807aa34,test
d17eaff36b738e2b,test
d181fbd34e969faf,test
d1863e79f9f34fd9,test
d1a4f43771e953da,test
d1ab559cd2995dab,test
d1b0140df5f4afdd,test
d1b36ab4f162add1,test
d1bdd35766cbf1c4,test
d1c14fffa22f12c5,test
d1cd04fb06ef37dc,test
d1d2346d628840c9,test
d1da9a529e170570,test
d1f6170ccd1a1a0b,test
d1f9cd557d5e3ef2,test
d20f3a207ceddb9d,test
d20f46314eaa2fe2,test
d2118dd8e8f1f925,test
d21942acaa49b686,test
d22627af42450305,test
d22f8759c3f47b3a,test
d25434600f3ec44b,test
d257b93eae56f8ed,test
d26524591040de14,test
d266ee0ce34d99b5,test
d26a151f211e2db3,test
d27261a3a653be11,test
d275c25716139b84,test
d2779cdecf87025f,test
d2784a6c192830be,test
d282a50f3ef89d5b,test
d28c4c8dd396ce5d,test
d28f4137f9f5215f,test
d292e2f1ff93a70d,test
d29d1f1473fa7ad0,test
d2a50697a72060e2,test
d2b219c503f1bbee,test
d2b5505fa95d36b1,test
d2ba1befcf7dc27a,test
d2c03abce2c25817,test
d2c5b05dc4681a76,test
d2d0e521ccfad2e5,test
d2d2da2f90e8ce6e,test
d2d5d81bac80b61b,test
d2d7fe31da94101d,test
d2e36a2340538b6e,test
d2e68afb9b14545d,test
d2ea5055a981cd4c,test
d2ef9d636df42ab2,test
d2f34276bddbc409,test
d2f3c00eb616c5d6,test
d2f6445a6fa76d40,test
d2f671694c04d79a,test
d2f9ad6fd0859656,test
d305661bbb14c7e8,test
d3091e8ce7d24c35,test
d3162e6167b58538,test
d320c6057e77fbb9,test
d320f8749c6d9820,test
d32442cfaf74bdc1,test
d325092d7c67d606,test
d32624040479a02b,test
d32821292d30f9e3,test
d32c103f7a4ae00e,test
d331fc685535bed2,test
d3341aa0358cc85a,test
d337faccea7cfb2b,test
d33a2f2ad59da5a7,test
d33cd825a9711842,test
d33e6ef623eba6a8,test
d342c4fe066c592b,test
d34452c5ccf65493,test
d34b984ff1de5a66,test
d34cee1844d437ae,test
d35cdab9becfdc64,test
d35e9c4a3eb0ccbe,test
d35ede99237bce5b,test
d35f0c224b486442,test
d35fa97e871d0b87,test
d360bb156b3598e0,test
d360ef5f2df7a60e,test
d36c5efbe1182688,test
d36ea8f7e826dc82,test
d37475c0667d2fd7,test
d37b26b27e69d0ac,test
d37bb8e405407acc,test
d384f0309b947a74,test
d385c02ae3df85ea,test
d38c73a15c2eaf27,test
d38ed9ee3a36a6c8,test
d392e52e7b864010,test
d39e4bd6bf024157,test
d3a50c59360dcec9,test
d3a5babcadce0e32,test
d3a7cd008a82a432,test
d3af8d790260c6b4,test
d3b779f78834de4f,test
d3bd7284c7380aa9,test
d3bdd0ef358e6b83,test
d3d39fb53ff77782,test
d3d5ca2f8d404882,test
d3d88c6a488e51d6,test
d3d914ee1e49a1b6,test
d3e20913f5faf4b3,test
d3eede51536a63fb,test
d413bd91bec93da6,test
d42a4498c0e45e5f,test
d43cc01aedd17f5f,test
d4407e96fc1f5055,test
d4408c9898118692,test
d44b82696cdc9577,test
d45190b589be0388,test
d4556a675d7bb9f9,test
d4595f28204adde9,test
d45bccc763e3f7fb,test
d4707e29297f0a4e,test
d471c84feb9ee5b1,test
d475692d702b8539,test
d47b6c1521335dd5,test
d47d60cad2127bcb,test
d480c397385b56ca,test
d49658ccf96684f1,test
d49fc016d628ba41,test
d4a1c113ba81213b,test
d4a3dcb87ee6f4ba,test
d4b0a442b9ede68e,test
d4c922405ba16f56,test
d4ca1f303f17eb64,test
d4cd1133b96a69d7,test
d4d0858abf65d6c7,test
d4d62faa71a29817,test
d4e3c0b0b60cb7e1,test
d4e76590bdc9c771,test
d4ec02f10aa43bce,test
d4eed01d57c9a35c,test
d4fade124b546308,test
d50553d5c5c621fa,test
d505c01ff05d5ae4,test
d50bf3c5d2bb4050,test
d512d103645309d9,test
d52432c9dc10d767,test
d533e8e7f45d96e6,test
d537d1a77751f51e,test
d5391e6753a055ff,test
d53a7e73eb27ed3b,test
d53d1a229097bc8b,test
d53dabf589f55916,test
d551c0c0492daf90,test
d5595fb5f59ad462,test
d55f339de789fe93,test
d571d4ff8a93aa8d,test
d579aca6939a9c51,test
d57a2f4988038743,test
d58140646cdd100e,test
d58444eabdcaa240,test
d58772fe93256071,test
d5877dd4f3120cd8,test
d5987792d47785dd,test
d59c3d768a0e6ce1,test
d5a27f8494f189a8,test
d5a2a65d725e4559,test
d5a45749c50cda84,test
d5a66b4ecc0671b0,test
d5a8e3ef0f8d7c0c,test
d5aafd4ea32630c2,test
d5ab8d2f4d1e54bc,test
d5be0084a602c7e9,test
d5ce8dc0dd70c33d,test
d5cfcfa291f7b529,test
d5d185a37263da29,test
d5d22317d5b9a8cd,test
d5e741a01c2aa532,test
d5e767984193ddef,test
d5ed3d83ef0bd7fd,test
d5ee221bb8f98248,test
d5efdad813c5ae5b,test
d5fa24a551cce6f1,test
d606db86494d57c4,test
d6071b645aa01c93,test
d608bafa9b1cac51,test
d6111618aa07fe64,test
d6216f63628b2a32,test
d621a25e863f9263,test
d6239b51723d82f1,test
d62ddb9558894c09,test
d63bd82d6e1a9073,test
d64c96c6412c1f59,test
d6589fa273eca866,test
d66803023390ab0c,test
d668295515a47178,test
d669efb68c55534d,test
d66bdf8780a5548a,test
d677f7668c6eb598,test
d687a01b40cbf151,test
d689d6750dc3c505,test
d68f45a51139b185,test
d698dfb93daeff4f,test
d69b487562738eec,test
d69fb3af3e8aca53,test
d6a5250a3f1f3451,test
d6b17b196472e1d2,test
d6b2fb3318b76b40,test
d6c045065c1f3a8b,test
d6c3401a03fa9573,test
d6c95a73e7951444,test
d6d783f6d52d38eb,test
d6e0987b2d1de8eb,test
d6e21361d4356fc2,test
d6f2a1bacca438d3,test
d6f67516bb487c09,test
d6f9a3fed4102406,test
d6fe3f59ca027266,test
d705e3a01ce09cce,test
d706e7d9c6f402f9,test
d70815bba1e7dec6,test
d713619e0017d032,test
d71d1e49b8cbbf54,test
d71ed2fe8766ab89,test
d7294ce7c8fd74fd,test
d72bcf6d23984b60,test
d7491aaf5d797584,test
d75ffb3cdc38f9e0,test
d762018469b75f98,test
d7654d929d6c0897,test
d7668df8895ee3c9,test
d771691849c7761d,test
d773dda63f3f33ab,test
d78104146559b267,test
d785f5bf6f17ea31,test
d78abdcbd0b40320,test
d7969164947c56fc,test
d79ba20d4bcc02b8,test
d7a2511cf2714b32,test
d7a3f2d8a80c27e5,test
d7b22dabaa4a9d0f,test
d7b9436d230ad109,test
d7c02095f73323f9,test
d7c7d6cd96cdd507,test
d7ca68f14a2f15f8,test
d7cc0976a2516bb3,test
d7d62cd3d02ecd1d,test
d7dee52a5b01ba8d,test
d7ea3b1f3552e738,test
d7edf377bf115ea7,test
d7f7d0c0661ffc7a,test
d7f8b3fefb395533,test
d7fca1b25b0a6633,test
d8066835003170c4,test
d8106e999419d4ed,test
d8115fe85838a7ec,test
d8117da83dc2dd85,test
d81885e48f034055,test
d81a4060078966f6,test
d820c1f361e73ffc,test
d823f5bfed94c34b,test
d8250bd24c83f8a3,test
d82e318872967918,test
d8398f74d06bbdc1,test
d8444cddcb67ef97,test
d845519709ee796d,test
d84b37ba2b2725ef,test
d84bf3dcbc242133,test
d84e8d1b761ec698,test
d85526ae2e13bf8c,test
d85629d0ce0b2a2d,test
d8614e6090daad02,test
d86246066b263f95,test
d86bc75563b033f9,test
d871e5212c10b96b,test
d876f3cf9a234c5e,test
d892af703909e07c,test
d8a7765636bc0bef,test
d8aecb05d986643b,test
d8afee967e042081,test
d8c741c0aa39884a,test
d8cba789a7fcb585,test
d8d0f2470c93b26c,test
d8d285a74360abb9,test
d8da96f6f3449086,test
d8ea5909a5218ac7,test
d8ea9f29f5b7c044,test
d8ed8604fe197703,test
d8f41c6ecd5a12d5,test
d8f4a4cbc38c68ff,test
d8fc5b2ae7bfbc0e,test
d90140c9d5d22168,test
d9071e2d3ee53580,test
d915745127d133b0,test
d9157961514ec599,test
d91ae5ae3d061fbc,test
d91cb42283a8e261,test
d9208af2a6e48016,test
d92ae3ba2e9b7999,test
d92d37cf728d8881,test
d92f6dd82982a6b8,test
d94394f1ec128149,test
d943b3619130a759,test
d94b30658c86defd,test
d96ee37c445be8c5,test
d97261ac2da4f495,test
d98345f9679eb4f8,test
d98a023c88879f36,test
d992da1144e4154b,test
d99428fa619e6a76,test
d9978ec18b66ca50,test
d99ad0b90aaa0837,test
d99c4371582f5805,test
d99c8be2ac122598,test
d9a895bee397eb01,test
d9a9410cf2f500e9,test
d9b07224d0e43381,test
d9b5acf4680f1b69,test
d9b83c3e94646d40,test
d9bdcb1a6fc5d234,test
d9c47dcfb2a7234d,test
d9c73a181b096d62,test
d9ccd2b4b6704301,test
d9d0fd5565edb161,test
d9e0240fa5111d16,test
d9e04836da5ccf86,test
d9e07618c3b9fb31,test
d9e5850d0c785c6f,test
d9eaf7716bd85a63,test
da05683946cc0dd7,test
da220b269a922779,test
da223e53f7097ea6,test
da32518234209259,test
da3c71770e30866f,test
da42ae02a07734dd,test
da4d7518d06a74f5,test
da5e8779fd955b6f,test
da616f92f7a13589,test
da62d90f640c03ef,test
da63fa269bdc1981,test
da67839b98bf4b27,test
da68e5b5f54dbcfe,test
da6ee33bee267a05,test
da7c7bbbd6c47bbc,test
da7e29f4031eb67a,test
da898ca2adf01929,test
da8d35f7015cdc74,test
da8d4c7a40087f8c,test
da8fd17c571b60e8,test
da9b52ec70599592,test
da9cb431bd60e858,test
da9f66a053ae7808,test
daa63a7ef4e002a0,test
daac6824364cdf43,test
daade82f2ec41692,test
dab1ae5bd28d617a,test
dab86a33b21fa892,test
dad0345d83130376,test
dad803028b7e16c4,test
dada6a11418ac528,test
dadc505400efb144,test
dadcc6792fea48b6,test
daea516fe692809c,test
db01442d574b6edc,test
db05484836032831,test
db08563bf4cf27ae,test
db0b5e9941adcbed,test
db0d04071896d36d,test
db1111f00ba6b4a2,test
db1234c9f7560fbd,test
db15f32bcf0cf02f,test
db17b371e4f452cb,test
db259df51dea20a3,test
db2baa4cd53a6047,test
db310b9e4cafe30a,test
db3c246d7d2346c2,test
db3c32958bd645c4,test
db3ec1363d03f6dc,test
db439954427add61,test
db455da976bd823a,test
db4b127c6de45e5e,test
db4bd89a845c9805,test
db505c250d2e5f8b,test
db5603c5dc7cf5d7,test
db6472aa901bbea2,test
db68cd750a0fd4eb,test
db6965c2ca667e7e,test
db6b30a95805b153,test
db78490010631d55,test
db78db0154b5d6bb,test
db7a319f9c6b62a3,test
db7c6cbd0eecfdd8,test
db81d16675326d13,test
db84eddfc66ddf60,test
db889a156e142696,test
db90f44f99b1ec28,test
db99e0f88abdb9c6,test
db9a2e2199968550,test
db9e0c3c1cbcc079,test
dba2cbd292f97a81,test
dba35738da9a836c,test
dba9b4dd8cd16096,test
dbabb69823af59d2,test
dbb111602e6d46ef,test
dbbd15194c0b2cd2,test
dbc58e9b5458fc5e,test
dbc740d29a38ffa5,test
dbccd25c26cc5148,test
dbd3c652979d159c,test
dbd5184328d2f452,test
dbd8cc241ed7c0ca,test
dc09b2ba55ce6d8c,test
dc24298518c88ff8,test
dc28f41d9e3301f8,test
dc2bd538299cb5b6,test
dc3223a517eabade,test
dc3ae7f829b32059,test
dc3d5587bccaf467,test
dc4510ad9e301cba,test
dc483b93cf0f7e3d,test
dc5b44a76433fc7b,test
dc5b85dc84381bea,test
dc6bb7a770d63bf3,test
dc7fc6e60564e4a9,test
dc81776271137bd0,test
dc8c4eb216aaba82,test
dc98292852485dad,test
dc9a61416f112cef,test
dca82a5cc2bfbad4,test
dcae141a538fd685,test
dcb170028a5377e1,test
dcb17d81041635d0,test
dcb2345f639bc605,test
dcb30cb9a47cff0e,test
dcc2ec588dafc049,test
dcc47fde4d48dbb6,test
dccc4d1e76cac96e,test
dcd4a48ceff1db97,test
dcd7fa28ea844595,test
dcdc4eda94637c97,test
dce1d5fd8ab6d2ab,test
dcea44276fed46bc,test
dceb04edff237f1e,test
dcf0052f6fad9fc0,test
dcfcf5da69c65d9c,test
dcfe8f5743fe61c5,test
dcff687d0d714e13,test
dd0233b0534dd465,test
dd12364fec82cbff,test
dd1a72adf7e132a7,test
dd1b53d2f20a0d1c,test
dd1e868d0e7918d9,test
dd20c1c49b719cb4,test
dd24c78a1891ac18,test
dd2645559a2c87d2,test
dd286cf05cc78ec4,test
dd28a75511c9ccfb,test
dd2e29a61e37439a,test
dd4c73d7e213f1ae,test
dd5c78455fc1b65f,test
dd67e1273fd34327,test
dd69f3f5803daeaa,test
dd703e2d6caded7e,test
dd778270f7ec1469,test
dd77d9e0276ce782,test
dd7a89cc72fc3cbe,test
dd847fc997ed8e84,test
dd9035750e996bb0,test
dd951ba18837044b,test
dd988c39242213f5,test
dd9e54ff7d55b8ae,test
dda1a61aa56a7f8a,test
dda291c3e3d91679,test
ddba6c492ca620f6,test
ddbaeaa1a5da6dff,test
ddc879988ef38583,test
ddcb974f7bbedb7c,test
ddcc94b6779fdd07,test
ddd3bdb829163621,test
ddeedc58cb14ccdc,test
ddf7337a6ee9c0aa,test
de04410fceac44b6,test
de04ac5fb255943f,test
de0ba3a9b47d1699,test
de0f221c6a02fe5a,test
de213ae9078bd451,test
de26fdd5af6d0b1f,test
de36f1dcea82b118,test
de3a65cce78d1430,test
de3bc9a13ec2e894,test
de3e7a915a4ce84d,test
de3e93a2f96bb789,test
de3f85768933cea4,test
de42758ea1051ee9,test
de42bc5a4e3f38e7,test
de515dbc9efc379e,test
de52fd121a1f480e,test
de55926ce6221d08,test
de568e81c7f4a5fe,test
de5aa428cbf3336b,test
de61d6801c7a583e,test
de633bbed4f7a290,test
de68194093f9d6ac,test
de6a84649f424b0a,test
de72453dc44ab69a,test
de75b303d86a264a,test
de8792f7d6e57837,test
de8a70195db86947,test
dea470f14980f170,test
deb4bbf966ac3c4d,test
deb74baa6758c6ea,test
debc77fcea0982de,test
debca6fec9769cfa,test
debe6071638950b3,test
debf3f538b54a4ef,test
dec64b0cbbb07fdf,test
dec718f89e4103df,test
deddca383481ea14,test
dedfde992416e760,test
dee012afe13567a7,test
dee82f36b9712b8a,test
dee90215fea5c052,test
defb7154dbf0ada7,test
defd437761f0d618,test
defe077100ee4f49,test
df0bfb140207df7d,test
df11f5b91b3fd6d4,test
df18856cbb985cc3,test
df1aecce8869b7dc,test
df1b7bd81f529ad7,test
df1f2265ace34d1a,test
df39d96fceefa22e,test
df3eff3e4cb67902,test
df438ff500a25816,test
df43da218469e0e5,test
df50bcb5564c05b5,test
df5d1c9aeb826038,test
df66d340fbad9f0f,test
df70f06054b95401,test
df72ad66861cec25,test
df7a887625c6c995,test
df7c371f1c3cbec3,test
df835d550d0ceee2,test
df851b8c74a53daa,test
df85921c1c8a33b5,test
df89a3807410e290,test
df9476c7c729b8d0,test
df9710938ee3de44,test
df996cea70925f2a,test
dfa152c591a55ac6,test
dfa373d7befe6f38,test
dfa5a6c9ac8f2bc6,test
dfa766d4197785fe,test
dfacac99d179ac01,test
dfb0bb6130a41a6e,test
dfb2571a56ddcd88,test
dfb406365baf7139,test
dfcc7c22cbd6c9a7,test
dfce460830735de8,test
dfd14428a6ca66a0,test
dfda3d76ce616659,test
dfe2077dbf1e6627,test
dfe3163f2939a804,test
dfeaa9005474a4b9,test
dfedb7da3b159c61,test
dff632e12938a542,test
dff98a8cb342baf1,test
dffc1e78547f1c8a,test
e006a18ce2bdfa7a,test
e00959448e04dbe2,test
e0095f67c26a361f,test
e010079c0488431d,test
e01024c83bbec058,test
e0131f9fed934016,test
e0235955ebae7d8a,test
e027d0b50eebba81,test
e02a944754b3d68c,test
e02ddfe0b25d6787,test
e0308b4d33bc1b7a,test
e03885b576935eb1,test
e03b6295de8f36fa,test
e03efdb2db911188,test
e04442cddf5aa5b6,test
e046037a0f83b29f,test
e04660304ba98768,test
e0586d06c4e24367,test
e0587183967b6d43,test
e064b4bdff615c35,test
e065793dd95505e3,test
e06c5bf69aa210e8,test
e0873a40f5580f25,test
e08ac87eb0d0a0f2,test
e08e6ca1958bb2a0,test
e091255304711380,test
e09944d17170d140,test
e09ce8d1a45034f2,test
e09d11270a737c42,test
e0a080e2488a5de1,test
e0a19afb4d243fc8,test
e0a2a50f9d72eb72,test
e0ac7ee357d80554,test
e0afacc823b616d0,test
e0b2ecbfc57eb3cf,test
e0b72c534a450882,test
e0bd355123f8113b,test
e0bd508cb07184c4,test
e0bf6696d66e9504,test
e0c889d85bb9fd17,test
e0d1215ab6f6bc45,test
e0d29edcf77b4a03,test
e0d2ec060fe43e39,test
e0d35babf2b9e82d,test
e0d6904f7275c8a8,test
e0e84a597a39f4dd,test
e0ec0b8716180b9d,test
e0eeacb508ac355f,test
e0ef071f9104722c,test
e0fd6c6a4a5a7009,test
e10b7c9d0ee9c012,test
e110449e3725d8db,test
e112da0ef406d324,test
e1161a002b1af03c,test
e11ab063a406e6b0,test
e1205c5ae57b829a,test
e12f766af25ddeb1,test
e12fdf76b6de655f,test
e13e30cfb7810724,test
e14002954f881a53,test
e14a314b20dd56e6,test
e14e90cfef7ff3cf,test
e1506b083bd445e1,test
e164a3ed947030c8,test
e1664168ae782c57,test
e168aa9422264be9,test
e16b7a68ac369150,test
e179185272c88285,test
e17c52c3480890b8,test
e186d1bfcb6b6462,test
e1879d927916abda,test
e187ab919cd3cd59,test
e19367f9304454eb,test
e199526d9076672f,test
e1a2999164d0b75d,test
e1a4e1d74d97f464,test
e1b01f3ad6e3d043,test
e1c8fc27b31f836e,test
e1cddadc85e3e0d3,test
e1dc880e0936a059,test
e1ed46fad340cc8d,test
e1edfe2382ab3f3f,test
e20e1d81584a065a,test
e21076ce767fb3f0,test
e21e04b2713ee40e,test
e2284638f6691ea7,test
e22e1dd0d096dae9,test
e22e5b6dc95d028b,test
e22e5f315938861c,test
e232d82a902c4e16,test
e234f2cb935cf943,test
e2396866373c9d2f,test
e2421ebfd607a1a1,test
e2428575f514329c,test
e24bea1471691579,test
e255804bfe6e3223,test
e257b01fafe228fb,test
e25f4f2f50a0827d,test
e265735572603932,test
e2694e948918444f,test
e2719bfd00ab1317,test
e27706550ae1364c,test
e27d2b7e2bbdbace,test
e282f54650862075,test
e28aefdbb00467c5,test
e28bbd6673c8f2c9,test
e28f39b48315a43a,test
e2979acf5159f398,test
e29964721251f86d,test
e29e6e14f1be3c05,test
e29fee2b73f44603,test
e2a018cbae8311f5,test
e2a21037d798a0c5,test
e2a4f11c1bef50ef,test
e2a6d06e106bf278,test
e2ac6cbf79c55e5b,test
e2ad66ff28a8da41,test
e2b2b776f44b5d50,test
e2b3eabd27388b10,test
e2b43ea65cf6b4e7,test
e2b589b9b4d4e14e,test
e2c261368083e341,test
e2cae31c0045e4a5,test
e2d0ff1f74c1cd71,test
e2d1274a6c9d1b1e,test
e2d55996c0d15e83,test
e2da02aeb7e704a0,test
e2de2cf62d6d3ff2,test
e2df09b9bca05c32,test
e2eaf305ac4ef6fc,test
e2f2d9d98dc15e87,test
e2f717517fce66da,test
e2f9523af9faa543,test
e2fa3bc6bd5ab4b7,test
e2fb06641f2f8db7,test
e2fdf79592faf525,test
e3001620c71ccaf4,test
e303552fca36f631,test
e306e0c783753a2e,test
e3097807bdac6b01,test
e312365cfb74b692,test
e31a706ae69d2f7b,test
e321218f13b2deeb,test
e32592b32471e96b,test
e328c67f7dde3e4b,test
e32cf3e3a6cef00c,test
e32dafb4b82c82e2,test
e33219bff5d9116d,test
e333a8456a901afc,test
e33c315d372c485e,test
e33f7d616af9a3b7,test
e33f7fc38b35f8c2,test
e34484b6cb8d6243,test
e345c2a934dba7f1,test
e36147fab51fff29,test
e3626d75af7f961a,test
e36a3926d07e255e,test
e36a9ae03c2f3a57,test
e36c9fa771ca6b5f,test
e36d0b0fb2776de4,test
e37134482f0273c9,test
e3740c825bac44fb,test
e374dad6a3fe7384,test
e3750f259163f47f,test
e376b5e5f6852fea,test
e3787d9b5a795d60,test
e37fb5099a0f5ec3,test
e3845ae3c271c917,test
e38fe1e9c3af2b64,test
e396c6acfb254ad3,test
e3a00ecf8b031938,test
e3a920ae6d532f17,test
e3aa7e7f505bdb99,test
e3ad165d4e40a974,test
e3b1c4dd6833138e,test
e3b401833aaa2841,test
e3baa8022511f153,test
e3c3f1298118be45,test
e3d099ed5d3c95f3,test
e3d0f20dbb9bb470,test
e3d707e29d371b74,test
e3e43e737aca4d75,test
e3ec67fc7293c39c,test
e3eca3c8a068ac1d,test
e3f172c9dff00a28,test
e3f239817bd33241,test
e3f973cceead3c83,test
e3faa4c163224065,test
e3ff96ee0a6606a5,test
e40ac7af34ca98a3,test
e40af4ff84853df1,test
e40fbd0ee0053639,test
e41428660c101b0b,test
e42128c04256d4a2,test
e4286be1de2c5880,test
e429c5a0beaa7fc4,test
e42d49d88cbf3a24,test
e449cdbc59339ced,test
e44a551683fe6a27,test
e44f1f91b12de200,test
e455b72e98dc0afe,test
e458ab78979a6218,test
e45a6c94ea9ef8a6,test
e45b6bbd2831f49e,test
e45f63e660c75e0c,test
e4616642e45e89d2,test
e464a4b3ab1a79b4,test
e46b599fdfdabd42,test
e48174718f3f5bb8,test
e4866cef74ceacba,test
e48ed18c6f1709f1,test
e4908adbb5d51060,test
e49961059314821b,test
e49aad69323f9607,test
e49c076373a2c01d,test
e4a3fefbe637ad34,test
e4ad3a6cb796e1dc,test
e4cdb114c8a55074,test
e4ce5795c288c90e,test
e4d1a604d360bf27,test
e4d20378bf18e6e0,test
e4ed66cec4b79cbd,test
e4f25ea3ac2352fb,test
e50e1f0d4b16ff26,test
e51899c92734262b,test
e51df38ea462d5b9,test
e526ab36734f744d,test
e52b971bf3202372,test
e53175114ff2cd25,test
e5361836e4e651c3,test
e536dad7c9906e00,test
e53b05669cd50b43,test
e543ae743d0fbd38,test
e543f91c3d3f85c6,test
e547b1e486302827,test
e549929bd1612279,test
e54d3af2b6ebaf24,test
e553843d8b0a74c5,test
e55f74bd541cef64,test
e562c250d70bd613,test
e56ac633f0fa0656,test
e571e67e1182e186,test
e57429681c4fea18,test
e581a4b1e5f31f6a,test
e58682739201c2a3,test
e58aea457e861f74,test
e5aa2f0e38be1082,test
e5d444e501e048a8,test
e5e127e381f4251a,test
e5e818085513b69d,test
e5ed57ad0055dfac,test
e5f17a7915e968c1,test
e5f30b4439bb3ffc,test
e5f68e208218fa63,test
e5fa9d0d593b7d06,test
e5ff46cdc99739a6,test
e5ffbc4e4e3e2b29,test
e6007eefe8c22b57,test
e6085c81dcbeec48,test
e60990981b311aea,test
e60a32c3e3c940b3,test
e60e72c66801b84f,test
e613a7e241e2a90c,test
e617224ec1709d45,test
e617fd66ec7f459e,test
e61fd4b4a30c4391,test
e620c025b5b70516,test
e62a2528247f06d3,test
e62b3e7d6b39f157,test
e62ea15c02f3575b,test
e64349bd69755117,test
e645b766c1ff9759,test
e64d9e8b34b1f888,test
e65233d74bbb8360,test
e654749264f2a020,test
e65539210a40efe0,test
e6557f8284753143,test
e6636faf935eedb8,test
e67b34081fb17fc2,test
e67e21cb032bf990,test
e6862073d4522ea3,test
e6915dde766dc260,test
e696c3c9c293afb7,test
e69ae0b5fc4f127b,test
e6a32e7c2f225829,test
e6ad1744f9af0871,test
e6b44f03fdac247d,test
e6b6848b17061a42,test
e6bd026990d44302,test
e6be6dd8ada01d01,test
e6c2585152bb42f7,test
e6c90c254457e4d6,test
e6d4aee76604b748,test
e6d8ad75803a95e5,test
e6dcc46d333f9d21,test
e6dd2ea0d3a7b072,test
e6df092d87e2c8be,test
e6e6095a8ab65167,test
e6e637440eddb2cd,test
e6e76af3b004522b,test
e6ede7bccdcf01c7,test
e6f1c8cca402928b,test
e6f49efa55151fbe,test
e6ff01e79410dc46,test
e706f859f2de4bea,test
e70843d9b971a286,test
e70e6edc5cc4b484,test
e7143a61d5b1685a,test
e715af070f4ef6ff,test
e71f74efbfd4b7b1,test
e72106ae682d20d6,test
e721aeb63d631756,test
e723b9fec946ead1,test
e7263b92c2b47fb9,test
e728c5347c963700,test
e72ab29ebc33c1f6,test
e7367e15330e993c,test
e739bf029d5fb431,test
e73d01af36e3610a,test
e74e81bd2f4d8334,test
e74eb4ce23b75b20,test
e7555361b6b00c0e,test
e755929d33e5f262,test
e7696c6466517095,test
e76b418e92ac3dd9,test
e76e1c352e3a9c13,test
e77ae94ce667a823,test
e78387cf4b3ec4dc,test
e791bd948f879b08,test
e7943f552e9eedd8,test
e7946b7dadb78ad0,test
e7a1bb32c6cc24b4,test
e7a28f56d057e242,test
e7a4b813eb11334a,test
e7a73e2ce2cca666,test
e7a9978673153b74,test
e7ae2491ace1ac3e,test
e7b3b38a02b5f382,test
e7b970a143f4eb95,test
e7c15568a43716e6,test
e7e67413c18539d5,test
e7e92e6e17399926,test
e7e9cd726fc9110b,test
e7f9298dc92263ad,test
e7fa149c818cc660,test
e7fdfff478415d31,test
e7fe5dd980b2e505,test
e80aa7e9ca4f1f63,test
e816ad871d39d461,test
e81b442a7099d3e2,test
e81d4ee3d12b14ca,test
e8230b73a3e4f29e,test
e825203ed44de27b,test
e82bd2f908d860cf,test
e838a860f575d454,test
e83f7d4a318f31b3,test
e8537d6b4e4eb85c,test
e86749409f32c4ec,test
e8757503cdcaacc5,test
e877c6cbf7f18a1b,test
e8903c39f601220c,test
e8904a4c99f04f83,test
e899393ca776f6a9,test
e89e7277876f698a,test
e8a08b0afc594619,test
e8a92143f8217c98,test
e8aeeda96fcb6932,test
e8b04083c95c3bb8,test
e8b61488b181a0a1,test
e8b7372c7ead7fff,test
e8b8527a34c85922,test
e8bd481d6e920c4c,test
e8c59a3d45855c54,test
e8c5ee3aaca80936,test
e8c78b104581c868,test
e8d058a70e680306,test
e8d3b5cfd67f8f03,test
e8d6197d156bac7e,test
e8dc0d7a12f99935,test
e8dfb9df5e435044,test
e8e0caa893cc4ca6,test
e8e7ebc2b12976e9,test
e8ee69e76baedb07,test
e8fa18e1a89f0af8,test
e8fe780f8a1a9eca,test
e9006f6c26fa6706,test
e90bea177294d6da,test
e912efd7bc249384,test
e91b9fbe7fa2bbb0,test
e91f67554664c297,test
e9227eb4373bdb23,test
e92d95b74cfd6c8e,test
e948654db229a233,test
e94e4f7d85e574b9,test
e95488244b140355,test
e955ba1ece8cca5c,test
e95f19f867e5697c,test
e960b4b9c93fb52f,test
e965597d5892b908,test
e9694f41e89ecf59,test
e96b7114b7659db6,test
e97337c912a5c367,test
e97414ad6d1afaad,test
e9765cacc82eca7d,test
e977a834aae58765,test
e985556e1b335791,test
e98603b77d6aea78,test
e987ac199af9f3d8,test
e98edee69d43e1ed,test
e993d7f1472d5cf3,test
e9a697ba86086ad2,test
e9a99a45369b6a4b,test
e9aad4b5100329a0,test
e9ad1173b29b5c51,test
e9b1d7a6e35c7f83,test
e9bc91a6383dcc79,test
e9c8abc57b62162b,test
e9ce2dda9c543a3e,test
e9d4a4a12f161592,test
e9d5f0a2d5e1277e,test
e9d7313ccf7f85da,test
e9db6fe94ec2e549,test
e9dfa460b4852525,test
e9e1f4e176e62145,test
e9e3a3132a4e6a11,test
e9e9af6ad636e5f8,test
e9eb29350825a862,test
e9efd37d5661824f,test
e9f011cfd3a6b5d9,test
e9f2b6e15f654e70,test
e9fcd126bd30c01d,test
ea023443c1eb5616,test
ea089c8ab75c8ded,test
ea08ec3e09fe07df,test
ea0c546b59042e9e,test
ea0e3f4ed9ecff32,test
ea1c5dfede0522d6,test
ea26e5263a8dab9c,test
ea3048b147a81ca6,test
ea327f1b993300e9,test
ea3a4568b1d0398e,test
ea3ba4c80a54256f,test
ea3e12da35981af2,test
ea474cedb7e30f0c,test
ea4a2224331976c7,test
ea53373866525c95,test
ea571b17c0418fe0,test
ea5974cbba43b5df,test
ea611c114c873424,test
ea63d973a82d50ad,test
ea643212bdb14088,test
ea700bc830ded4d2,test
ea7397674b5302c8,test
ea7a4e1ff2e5d4b0,test
ea7cb86be5ec5ccf,test
ea8403b89fd0ae9b,test
ea8813c5320ba3d6,test
ea886f4c1f14d4ba,test
ea9876627ce26263,test
eaa096c0364acc70,test
eaadc9e23a82acb6,test
ead39936c256faa4,test
ead4a000ae770b88,test
eadcf91dda3727c2,test
eadf77df3f7134ee,test
eae0096298075bac,test
eae4e72fb1960656,test
eae967497e9f4d35,test
eaf1b37c8c65b147,test
eaf9d71832b94603,test
eafcdabe03292744,test
eafe754e5596fb01,test
eb06b4e1cfc4d2e8,test
eb09d8fdd4e2143f,test
eb0e38bda515598f,test
eb0efbc92d6fea4a,test
eb11c540e61b5e84,test
eb120fab36fe8318,test
eb13db55fa1c4cba,test
eb1c27db28cdfafa,test
eb2d83cd0e042d6b,test
eb35d1ce33aa9d4d,test
eb395bc06a676271,test
eb414a7218fd6227,test
eb42ac40d7b235cc,test
eb4831f48cf45b0c,test
eb4a76c888d1b9ec,test
eb5066f69e6067c2,test
eb53779a6d5d810f,test
eb57ed42276b305f,test
eb58544f7b01d12d,test
eb5b2aea54384409,test
eb5e776cde840044,test
eb5e9fc146454b61,test
eb612c4c81478453,test
eb7a664cebd61c68,test
eb7c3548bc5f13ff,test
eb7e7f8f2ff5b5ef,test
eb89a5915da8de98,test
eb91920666966b71,test
eb9445a2f77482a2,test
eb95b2b5dab24536,test
eb96c24883b47bb6,test
eb9d26205a875a1a,test
eb9ff9c0aebeff0f,test
eba33498ccd37647,test
ebbdd19294d2cc7d,test
ebc557359de5d9d0,test
ebc5a89a0af5d834,test
ebc9b4a679cd7a55,test
ebd503d3e2ef37a2,test
ebdc1a899f32ba86,test
ebdd440ea8ba8b4f,test
ebde499dbc674f9e,test
ebe7c53561c3c5f2,test
ebee604f34445226,test
ebeed20067062e47,test
ebf6232d28f93af5,test
ebf6e0802306a9f6,test
ebfa6c71d14337c3,test
ebfabaad68777ea5,test
ebfb172c66dee872,test
ec1611c92c681687,test
ec1eabb7c7065092,test
ec200159c2609cb8,test
ec29885ae1702fd6,test
ec2d804d483b0ff9,test
ec2e16e4352f4e32,test
ec2f87887d66f638,test
ec3cf888619d1578,test
ec439fdcaa0cf149,test
ec478cec8ad79c56,test
ec5471dceabb9a06,test
ec554a2b4603adfe,test
ec5e8ce59d6eda34,test
ec641a168d9867ae,test
ec696563a7fa6eff,test
ec6ddf35817a77aa,test
ec788a5b5521d950,test
ec79c13a09f98aed,test
ec8341acc0c42150,test
ec86f99dee89da38,test
ec8c322ec5a5c84c,test
ec8fdc6791cb7dd3,test
ec99c39dd5d99d77,test
ec9ad8599a8ddf0c,test
eca0ad816f71a55e,test
eca0e12c9c0311cd,test
ecaa1c0240ef4434,test
ecae25dcc2fb6579,test
ecaf26f6a2e2ad16,test
ecb30309d36a04f2,test
ecb8cc34661f0ad5,test
ecbaee258ac348d5,test
ecbbd8fb882eb853,test
ecc08f58a3bbd11e,test
ecda4af6711e819f,test
ecdb30cdb39da3a8,test
eceb0ae26314d9ff,test
ecfbfe11711c7afc,test
ed133b26ea3c69dd,test
ed13ed2ac6196aca,test
ed20eed577c3358b,test
ed25919dab1895c2,test
ed289584bb1c66ef,test
ed289a39b6794181,test
ed2905929827ffe5,test
ed2b246bab256221,test
ed2c145d5f0ae901,test
ed2e7c21e98eb4ac,test
ed32275349cea9cf,test
ed3282c659b502f9,test
ed432699bae03209,test
ed6e4f78a5a9488a,test
ed7108394aea114d,test
ed7e44b1f5aa947b,test
ed7f986abc3a70ca,test
ed9ac03899c92118,test
edb6315b7f99ee2e,test
edb935ecf74ea1c7,test
edbd902606c0fc3d,test
edc5e44803671bc2,test
edcb8f9e5e20625e,test
edcd348d7d488f23,test
ede35bc648a63f8e,test
edffd06462e73df7,test
ee03d29a628e527b,test
ee05d385d5c7520c,test
ee0927c7d23240aa,test
ee180dd55a72e745,test
ee1b45bfd2900cd8,test
ee246482bfd737d7,test
ee2b072f62f769a8,test
ee2bf4fafb92a448,test
ee2d417c41af41cd,test
ee2d5347983c5c58,test
ee2fd9d684abd434,test
ee30da6d7ce302a8,test
ee32db11a228835c,test
ee38873e8870a399,test
ee3b67311e80b153,test
ee4037950c643483,test
ee4335326070e277,test
ee4e7588828e951a,test
ee581b90d0e822ae,test
ee5fb24b12d391fa,test
ee68581281d5471c,test
ee701c7b53b1dd13,test
ee74d148dba38117,test
ee7804081740b80f,test
ee788cf266f6a0db,test
ee7a6a92cae6ea63,test
ee8153940875c8f9,test
eea59af4a3cf9cfe,test
eead4c6c9c6c1281,test
eeb04194f1285c4d,test
eeb1bac217422a4f,test
eecacf6387efcf22,test
eeceb96589c7c15a,test
eed484c0d4b45f52,test
eede15edca63337f,test
eef0925135ac8acd,test
eef3213795c473f5,test
eef4c7a5ac170de5,test
ef08b8460caf1978,test
ef0f396676e31987,test
ef107c723a6c30a5,test
ef1739166f513858,test
ef17af6789d3ae97,test
ef17c23858ca37a6,test
ef19f497f77b3f29,test
ef1c3ddb60b2c246,test
ef24eec7a8127eca,test
ef286f358be11b30,test
ef2cf645c6a4702e,test
ef463665039ed240,test
ef4d02f31424edd9,test
ef4e63646134c4bd,test
ef4f5d433485b41b,test
ef58e5c6d3cedb4d,test
ef5c1e885ed2c888,test
ef649c96bff9c6c7,test
ef7a9b31ecc90388,test
ef80636557b4300e,test
ef86d449ed7c4fad,test
ef9189a07150480f,test
ef972a36dd411a39,test
ef9bcdc2ca2611d1,test
ef9c3b71e6d0305e,test
efa45575920929b3,test
efaa2ccac3a54b3d,test
efab415b9e7e264c,test
efad32a0731ec340,test
efae964c68ae570d,test
efb5d3a8a68e5a72,test
efb9e6efd123d7c8,test
efcd03108f0812bf,test
efd185ce56b3c7fc,test
efe779b651885438,test
eff048aed3c5c843,test
eff26882aed0a511,test
effbc80f630e3045,test
f00562da29631bdd,test
f00635fd9109c496,test
f0076ca4ce4209e2,test
f00e755d21c65a46,test
f018a66301b129c4,test
f01d319c4385f7eb,test
f01ece665ea29ae9,test
f02b2edade1396be,test
f02b6e356b75fce9,test
f034cdb51cfe1ef8,test
f03b889aebc01435,test
f03d2443823b379b,test
f04a14c9d38c730e,test
f051520eb79be118,test
f05194334c3c70de,test
f052659cc96192da,test
f05369134728318a,test
f0577a37bce19aa1,test
f06fe17dfdd1e60e,test
f072a99caf71e0bd,test
f074bc5d09c523e2,test
f07742612489683c,test
f08a53b9d97314d0,test
f08b227360f25a69,test
f0902b63e853d65f,test
f09263ee20a1019e,test
f0b1d941bf892524,test
f0b29111f5646fc0,test
f0b2c08a293788fd,test
f0b2c76f5cb0bde9,test
f0b5d40cde91852c,test
f0c1cdb52903a8b5,test
f0c4e23853675c76,test
f0cfbb81220b8735,test
f0d8beb8822b5505,test
f0db453da2b1f914,test
f0de81aa4027bc94,test
f0e4376956e82803,test
f0e9665b87353169,test
f0ef5434aa4d8079,test
f0f3eefd1e0f6684,test
f0fc65142571d7c6,test
f104f8b4ec5a987c,test
f10dc5f7b897ae32,test
f10e130e122dc882,test
f114a874ab8a1776,test
f11d973c684ad3b2,test
f122b95ff0dec40d,test
f1259af558753306,test
f128c769c57808b3,test
f13c2d596c24b9d7,test
f143b646e8213c80,test
f14c5c8495755d3c,test
f1555fa51fa5fd9f,test
f156daceb770e427,test
f158e49c58a2d83b,test
f16071b0056cf29f,test
f16487aafc1497e8,test
f166f091448b9801,test
f1698bb2817981eb,test
f16f7d8a97c667f5,test
f172ef572d3524fd,test
f1753b084337f6b0,test
f1862772c99bb7ea,test
f18e2af7a3f42a63,test
f191a667bfe54961,test
f19e7641bc1b9303,test
f1a195ad342c0221,test
f1aad91905ec0f22,test
f1b592eb9f343639,test
f1bb585978aa0c4f,test
f1c42cf44157ed12,test
f1d05284d5ab912c,test
f1d54a1369e189ea,test
f1d631e65788a3c1,test
f1e0c366993876a0,test
f1e170a4c5632800,test
f1ebb9912cdaf02f,test
f1ee31d498a2d3cd,test
f1f2907c76ca7e02,test
f1fca347e1ff1950,test
f1ff49cd1cc070a5,test
f1ffdca2de749b2e,test
f20b2d9c06016f0e,test
f20f934048866ea4,test
f210d49f8a5c21f9,test
f211a03559bfaed9,test
f21406bdbbf2b4f5,test
f2142b94cadd116e,test
f215b099fffb885d,test
f21692b78b0d4ab9,test
f2188f53fff5bcf9,test
f221e555fee7886d,test
f228c35c525ac94b,test
f23325ebeb783bf5,test
f233e27bd9f4bbe8,test
f2402abc7d4bad87,test
f2426ed7e7b1b7b8,test
f24a134cd8438dc1,test
f250b15c668155ed,test
f26fc6b76da5b41c,test
f2738b6ffc101b3e,test
f2886c4f5bd38252,test
f29ada9dc4165ba9,test
f2a947336138e2c4,test
f2af2ce2814bff4e,test
f2b158e6518eaff3,test
f2c1bbbbf090ec64,test
f2c40a4b081ea890,test
f2d602050d05a0e8,test
f2d6dad044650833,test
f2e4a3bbfa5d10f4,test
f2e940f250d09fc7,test
f2f03ffe743762e4,test
f2fa0b9f58617c6d,test
f2feb25118aa4f36,test
f3012bf94fecc2a5,test
f30869ce29424a4c,test
f3094945182618b5,test
f30a7c6d333be254,test
f30b008d5dd12ad6,test
f31db5cac0b1585c,test
f321a38cc3de402f,test
f32ec0c33dc7e1a7,test
f331120dabd0b4d8,test
f339633b5a89798e,test
f33dfddf48ce8c31,test
f33e1766674f5039,test
f3412003baae7983,test
f34defbbcc3d460d,test
f35634a11f347783,test
f356b1dd6dd0f5dd,test
f363ccc81b8bba5d,test
f372e95264646d8a,test
f377eef7bc8d4c88,test
f37a9cdbf4f43c92,test
f37f171bf4e3f7d6,test
f380ba1d7981faf0,test
f38330f3c62aef31,test
f394f1dda17dd6dc,test
f396a1b7a24f6995,test
f39a6f933f9a2614,test
f3a66001ec48011b,test
f3a81d20306b0258,test
f3b0bd492ad08a8b,test
f3bafb75f9a74411,test
f3c2071dae2a3a1b,test
f3c6b3b57f857b5b,test
f3c8654f047a4233,test
f3ce2df97d06e13a,test
f3d3e224daff1469,test
f3d7671f7673c500,test
f3f14eb5d24a84eb,test
f3f8d9404363d164,test
f403f922048ea39b,test
f40bd9e51345a7ef,test
f4101d3126f8b7e9,test
f410c910fd8dd259,test
f4160c74751db15b,test
f421292bba0bdfff,test
f437be608b352bba,test
f43aeec4fde0249d,test
f43c5ed643f7eac9,test
f43f202c3ef65420,test
f444d4efa2836b87,test
f446b53bf11c57df,test
f446c92b9d1927c5,test
f44cb9134a910946,test
f4504bcfa24977d4,test
f4545595a782c7f8,test
f457df5aee8cd385,test
f459f2edba282b24,test
f468feb43ae59784,test
f471287ea3216291,test
f473ba459a9b2efb,test
f473f39f53d0c54a,test
f474c2cd35456440,test
f475cefec6fe7f97,test
f47a13b056035205,test
f47efd578d954808,test
f4816c68d5ea8281,test
f48bfccd2e32f8f6,test
f4917c07e1ec1093,test
f493557be70e886e,test
f49798e033f0a3be,test
f4980a8158ecffb9,test
f49a44f59051d358,test
f49d7ef79c615941,test
f4b3113513139fcd,test
f4b4c2dd89e59bfb,test
f4b8e01bcc76aa32,test
f4c032c1a0b9414f,test
f4c230d20c123c64,test
f4cc445f027dc682,test
f4cdafb12a299199,test
f4d514c1ab5dd408,test
f4db1753f0652a73,test
f4dddc1295ea577c,test
f4e1188c869a766a,test
f4e86e75fc2cb18a,test
f4e87e16ea878311,test
f5000d066a7b0fbf,test
f50621df2b0caa4c,test
f50ee0357bc12abc,test
f51217b3f1ec9d7e,test
f516459f1a158617,test
f525568040636cd1,test
f52e02c846283627,test
f5372b0a368cf2f6,test
f53d29157e002fb8,test
f53f17ee22e14d01,test
f544f54b9cbdfd79,test
f55a2c4dc483d44e,test
f55bec014a8709b9,test
f57b8963da091352,test
f587903f99a57c54,test
f58b5bb55d2d8a2e,test
f58e5e2888b7c51b,test
f58e728b785b60b0,test
f5904750fd5169a8,test
f5985ff8ad604922,test
f598faf0751849a0,test
f59e3981baf1c75b,test
f5a4f378b65db357,test
f5a5406cd7d7a368,test
f5a6954d76c75ed4,test
f5b5b13fd18ed8bb,test
f5c457886e24aec0,test
f5c61e1d69e9e3c9,test
f5cfc0c83eaa7252,test
f5cfdaabdbd321c2,test
f5d52ec02a465978,test
f5dde976c8c0697d,test
f5e1c5d87ade5068,test
f5eac52c20aab2c3,test
f5eac5778a790e3e,test
f5f487c89ae295a9,test
f5f9c853ce718569,test
f602022149a93328,test
f61206dc852da49e,test
f618855c2dd6f722,test
f61c8e753e2bc399,test
f620877f35818d48,test
f626d306db8b2b16,test
f6323070060efae6,test
f636990075ed269d,test
f6407f560ac4098d,test
f642484c020a63a3,test
f64e7376c2f37bc9,test
f652a52e88e6e508,test
f65fdb0f53b124fe,test
f66438579f4f3841,test
f6696dc61c85a2a2,test
f67f96f1cf750395,test
f67f9e7f4e8f965f,test
f68f66344c1ec1da,test
f694622e5ec73bba,test
f69c9c5243bc396a,test
f69f1fc39e8d2471,test
f6a49131ee8b88ef,test
f6ac265e4c4a7a61,test
f6b3a87981eaf88e,test
f6c09a885af29858,test
f6c106984067f90f,test
f6caacd2e59e1777,test
f6d8dc2f4ed986ae,test
f6dd07c0608b26de,test
f6e717f4ff31a4fd,test
f6e9b2b59af3ed5a,test
f710b1f2e183a6a5,test
f71d7f18f3a2099f,test
f71f4780ff83b2f0,test
f720d2ce681f607b,test
f726734ca716e581,test
f72a98ddff2fa2e2,test
f72b276251be7c52,test
f72ba6ee026272a8,test
f72d89b9bfbfc17a,test
f72fa71593af624c,test
f73060406f1ca81e,test
f73c480bdb224e9a,test
f73e5cb7d62b284a,test
f74189b69efc11e4,test
f7469b042f57c4bd,test
f751d5a1274ba67b,test
f751ffd0134952b5,test
f7563d8b5865be29,test
f75d21632423aa70,test
f75d5485857ecc4a,test
f7641c01ee6cb960,test
f765ac2cfef42ac6,test
f76de77ddee4cd15,test
f77052dc1472c5ea,test
f77318f1e36a048f,test
f774d24dd321195d,test
f779f4750cc061fc,test
f77be1af86c22d0c,test
f77bf153eff9e16f,test
f7835cceb9fbb03f,test
f786a971c7a80af3,test
f78b389b012a8d43,test
f78ebedc243d86ea,test
f7925556d7f8e6b0,test
f7945a3f817602e9,test
f798b98b970d623d,test
f79de2c201de354b,test
f7a4f10fa11465df,test
f7b7ff872e3a094c,test
f7bd40164bb2ed38,test
f7c2f8aa03683fda,test
f7cbba8bfc8d4a78,test
f7cdee7e13547f0c,test
f7d2a94f6f955756,test
f7d764cde5e5d7b2,test
f7d83841fdef9f34,test
f7e072769d6766f4,test
f7e2b8823d18839c,test
f7e78234c6f38a9f,test
f7e971e735e584df,test
f7ee0004b4c07d85,test
f7f5a9815b51d345,test
f7fa709fae3ee047,test
f801e634b56d5c1e,test
f802e14e7a442495,test
f804da5ff44b0612,test
f807716f0778ab51,test
f81405df38d234af,test
f81591591e416fb6,test
f81725ce5cb8cdc7,test
f81dd3e93ce0cc8a,test
f81df1cd0e62ece9,test
f81f58e2502de172,test
f824d56157e6b4ed,test
f827c379920fae74,test
f83464b600f0a8ff,test
f835b794f6e69828,test
f83635552aaed1fd,test
f83c304529c5440d,test
f83e99de91f63458,test
f850c4c568323ab8,test
f852086a5b736d91,test
f853b03b550ea634,test
f8809064e2b97a55,test
f88186932b5e69e0,test
f8849792d42c2c69,test
f889918a97832e87,test
f8906f823a85c36e,test
f894d5a2def87d46,test
f897a0c79ab85724,test
f899031fed230869,test
f8abbd6603ea4916,test
f8b520af09282582,test
f8b7ff211a6de636,test
f8c1fda5ff1a7150,test
f8c9d627d871a8f5,test
f8d06c5d900e9508,test
f8dc9b965701d7da,test
f8dda25ddd83d3d5,test
f8eee01426016f4a,test
f8f0d4b29c927d5f,test
f8f789815c7fc1ba,test
f8fa5f3eac82112e,test
f8fc7e2af10e19d7,test
f90866ab26f5c133,test
f915b56be31e23b7,test
f91858c7bbeaa9eb,test
f91adb00f6417a23,test
f91b11c7f67fd2b0,test
f9213b7d84edb9a2,test
f922b4caae2a2a76,test
f9235e9bbf4c278a,test
f9250a82a70e2220,test
f92b20783b357bff,test
f92ded79bfb1bc04,test
f931acb9ea3216ba,test
f93281980f3d2ad1,test
f9342474bb3980ff,test
f9367c1f0a591ec2,test
f945c82d98c858c7,test
f9495d58b910e6d7,test
f94b01dd53b144e0,test
f94fc0f965cd975d,test
f950215d5df2b928,test
f960f4c05c54ef9a,test
f9724db79e8dbaaa,test
f9748b0f0691fb05,test
f97ef02488ec8446,test
f98dc85abd0de3c5,test
f99bee9d10b6c4fc,test
f99ddd3f49055c69,test
f9b1d642a0595d5b,test
f9c6bfdc9694c39f,test
f9d32a4a5afd68f8,test
f9d44cd48edba909,test
f9df2a756d0a4dcb,test
f9e4e63d0e704fd7,test
f9e8712b037c3f72,test
f9ea9ba8d6bf7e8d,test
f9ed200f2fd47653,test
f9eed77831b81948,test
f9fde589fb72bdff,test
f9fe8a954cb7cd5a,test
fa05065ab9d788c3,test
fa081a751bb04bea,test
fa252bc079c84b41,test
fa372c676eb79bdc,test
fa38a28e4890b593,test
fa3b0f9cc347b867,test
fa43e2a6cca27e4d,test
fa47493ee7a21b6b,test
fa5022d3e5a3d0aa,test
fa514398850379f3,test
fa5a3a315fbd1afe,test
fa6115113f432a40,test
fa62b22661ef9aca,test
fa6856c64b5944b6,test
fa6d4c57bcb74e7b,test
fa70a8b1324840c7,test
fa715c3713b93a3c,test
fa7796a6f3148bcc,test
fa78c876a92a8fcf,test
fa7f116c54bf7d6b,test
fa8a61821e156718,test
fa8e3f790199865c,test
fa97583ab9e08f1e,test
fa97bd23f810ac7c,test
fa9d23d425d19bb1,test
faa13be205b29b1e,test
faa8d9c14b15d5e0,test
fab2a5b0a5ed9fae,test
fab2f6db93a09d0b,test
fab8f6de0852ddcb,test
fabfcb38ec4019a9,test
fac93814071767b6,test
facc5e59e7a82728,test
fadfef33ec4e083e,test
faf16e70beacef4c,test
fafb6b413d0dc772,test
fafe2cf3b4345ec6,test
fb03b345b59a2875,test
fb047d707c8f775c,test
fb13416f96aa0e91,test
fb181a98daa4793f,test
fb1cf67860de1f99,test
fb1eae1f9ed934ab,test
fb2b2994447b2ec9,test
fb471ade67b294da,test
fb54a2945418832d,test
fb56f8ca5a2a18f6,test
fb59c2dc85c3ca1e,test
fb5bc50964f6d657,test
fb5c1b6495ada567,test
fb628dcf5f23c7f7,test
fb662120f68baaf4,test
fb681efb97238962,test
fb6d6e132cd3edca,test
fb709604031e8806,test
fb71bc652f69e5fd,test
fba332acb8f387ce,test
fba7bb35a9d0444f,test
fbac049d036bf622,test
fbafb78ad09bc626,test
fbb50d473976288c,test
fbba0a0d61b2e022,test
fbbc7d324c758152,test
fbc7915c780cb0cb,test
fbc7b1f4d5c00b74,test
fbdfcd24d84c335e,test
fbe01df7be28c6da,test
fbe09cff9b88782b,test
fbe4f9622c12305a,test
fbe843d62d1ab43c,test
fbea81e331e95465,test
fbfd35a9956a3e3f,test
fc0311f4bb83acf4,test
fc088e222ee53fba,test
fc11619caa53ea1b,test
fc15b2c4a07a33e3,test
fc173e5e2d2fb6cc,test
fc17c8b4607e186b,test
fc19409db700fe86,test
fc1be1bef7ba21dd,test
fc22382d0b719ab7,test
fc394d34dd19ab9f,test
fc3d29b11d9790b3,test
fc4614c3e7280515,test
fc467370b34c4448,test
fc53c6c5ef02b97c,test
fc5785efb4f01948,test
fc5b45b64e74ffa4,test
fc63256a66eb5dc0,test
fc68af712bcb92f3,test
fc7aed37cc8f56c5,test
fc7d68679ac5a177,test
fc81f49865426fc6,test
fca8c96ff0aee8c7,test
fcad1fa25eab39cb,test
fcae36b019a1b2fe,test
fcb2e6f7b8852a51,test
fcc17a15f16d610e,test
fcc70b9e145bda84,test
fcc7c27765169944,test
fccb65bfc8ac3b98,test
fccca32b33004954,test
fcce8ab6873a2b00,test
fcdf5b0e65dac9f4,test
fcfa176698a9da4a,test
fcfd33fda9f5c63b,test
fd07c031fb50a1e0,test
fd0b233dee519001,test
fd0ded88da9352ec,test
fd13c8fe455fe191,test
fd1dbd738d2c9dd4,test
fd20edb7c24832eb,test
fd21622ae8ed95cd,test
fd2b6483d6e1b643,test
fd41fbfcb219a419,test
fd562d7982f297a1,test
fd71400aefee2708,test
fd714cdc45715d2c,test
fd74ae894b8fffb8,test
fd80529924f615f6,test
fd83b4a5370f6945,test
fd843424bbdeeeab,test
fd8ad4db32e83517,test
fd8c3e1e5c291652,test
fd9184bba98ffd3a,test
fd97c3087793f408,test
fd9b68f4cae80006,test
fd9ef87d8112f6b8,test
fdaca77502dd751d,test
fdad1e7aab672a28,test
fdb1dc0fff7480fe,test
fdb8ec30d69585f8,test
fdbd6671cc839d7d,test
fdcf2d8ce236d802,test
fdd7833fcc4caefe,test
fde02a8522c2f9b1,test
fde94feed49f3dbb,test
fdf9032ae1e3368d,test
fe05cdfd5c658593,test
fe05d226d3478ba9,test
fe0631617822259f,test
fe0d4819febfad5a,test
fe1045334a91a6a3,test
fe18b007bcb36325,test
fe19a6e6857c5dca,test
fe1f6e31f5cb2bc5,test
fe2192cd4ae9d4ee,test
fe2a836b5ee150d2,test
fe2bc67c6f3aecea,test
fe2e4dbfc26d662e,test
fe42c1080ecb2e24,test
fe5ef4fa55d7f634,test
fe60d0a4765a7ad4,test
fe62b3f4ee2f416d,test
fe6ff9d3d5adb0c9,test
fe750c48de367c6d,test
fe82f4d5ec22f12b,test
fe8526d5cbf136f6,test
fe8e3c79491f0bc6,test
fe90d295e6da3cdb,test
fe9b769475e29c8c,test
fea74991dcfd2c32,test
feac9c201a33ecfe,test
feb3e338da2c941e,test
fec5719e345c52d1,test
fecc5888b7726c96,test
fed8f7a96ed0175c,test
feda9c134ac0df62,test
fedc627953fb417e,test
fede8a21c30f8967,test
fee2de0f33383634,test
fee68c4208329afb,test
fef858fa891e7b3e,test
ff0a99ecae66b618,test
ff120ce8b7c16e9e,test
ff1ff6fbfe82a7b7,test
ff3182c2890f2961,test
ff31edba73814245,test
ff32855d26d2fa90,test
ff37e391c450d562,test
ff4389754711471a,test
ff45b3dac2514626,test
ff4db4dfa3292099,test
ff511147e939b9b6,test
ff5190b57867e5cf,test
ff53f483449c1a68,test
ff54df5cfa14d5a5,test
ff643e1c56a83b88,test
ff658eaca2400592,test
ff7dcde2e0e7c456,test
ff89183fed44ee6d,test
ff8b543084de4f13,test
ffa32edee9be6162,test
ffa7912105729cae,test
ffa7d0a8e8253a94,test
ffacba34d2bfd4de,test
ffb5c12f4b723ef8,test
ffb652bed45787f7,test
ffb7850e44c405fb,test
ffb9a1b51c22b717,test
ffbe9319fe8f4512,test
ffc66490a13dd71f,test
ffce8804346d71cf,test
ffd49b8defd069d0,test
ffdc886cb36c2c31,test
ffe154eb8e9109c4,test
ffe319146de940d2,test
ffebe90c8d5acaba,test
